id,variavel,unidade,classificacoes_id,localidade_id,localidade_nivel_id,localidade_nivel_nome,localidade_nome,periodo,c56727-Índice de receita nominal das atividades turísticas,c56728-Índice de volume das atividades turísticas
7168,PMS - Número-índice com ajuste sazonal (2022=100),Número-índice,11046,13,N3,Unidade da Federação,Amazonas,201101,59.61469,119.36073
7168,PMS - Número-índice com ajuste sazonal (2022=100),Número-índice,11046,13,N3,Unidade da Federação,Amazonas,201102,60.16430,113.96768
7168,PMS - Número-índice com ajuste sazonal (2022=100),Número-índice,11046,13,N3,Unidade da Federação,Amazonas,201103,57.29452,109.61507
7168,PMS - Número-índice com ajuste sazonal (2022=100),Número-índice,11046,13,N3,Unidade da Federação,Amazonas,201104,58.98159,109.81763
7168,PMS - Número-índice com ajuste sazonal (2022=100),Número-índice,11046,13,N3,Unidade da Federação,Amazonas,201105,61.18153,110.91350
7168,PMS - Número-índice com ajuste sazonal (2022=100),Número-índice,11046,13,N3,Unidade da Federação,Amazonas,201106,62.97310,112.32999
7168,PMS - Número-índice com ajuste sazonal (2022=100),Número-índice,11046,13,N3,Unidade da Federação,Amazonas,201107,62.81746,111.24531
7168,PMS - Número-índice com ajuste sazonal (2022=100),Número-índice,11046,13,N3,Unidade da Federação,Amazonas,201108,63.69855,112.54461
7168,PMS - Número-índice com ajuste sazonal (2022=100),Número-índice,11046,13,N3,Unidade da Federação,Amazonas,201109,65.94584,109.99045
7168,PMS - Número-índice com ajuste sazonal (2022=100),Número-índice,11046,13,N3,Unidade da Federação,Amazonas,201110,66.95642,107.51149
7168,PMS - Número-índice com ajuste sazonal (2022=100),Número-índice,11046,13,N3,Unidade da Federação,Amazonas,201111,64.83414,104.51875
7168,PMS - Número-índice com ajuste sazonal (2022=100),Número-índice,11046,13,N3,Unidade da Federação,Amazonas,201112,65.91100,115.58459
7168,PMS - Número-índice com ajuste sazonal (2022=100),Número-índice,11046,13,N3,Unidade da Federação,Amazonas,201201,67.91696,108.99236
7168,PMS - Número-índice com ajuste sazonal (2022=100),Número-índice,11046,13,N3,Unidade da Federação,Amazonas,201202,67.95788,106.81446
7168,PMS - Número-índice com ajuste sazonal (2022=100),Número-índice,11046,13,N3,Unidade da Federação,Amazonas,201203,69.48917,108.26743
7168,PMS - Número-índice com ajuste sazonal (2022=100),Número-índice,11046,13,N3,Unidade da Federação,Amazonas,201204,69.46981,107.41006
7168,PMS - Número-índice com ajuste sazonal (2022=100),Número-índice,11046,13,N3,Unidade da Federação,Amazonas,201205,68.53470,104.91666
7168,PMS - Número-índice com ajuste sazonal (2022=100),Número-índice,11046,13,N3,Unidade da Federação,Amazonas,201206,70.08791,110.48019
7168,PMS - Número-índice com ajuste sazonal (2022=100),Número-índice,11046,13,N3,Unidade da Federação,Amazonas,201207,69.73763,107.19913
7168,PMS - Número-índice com ajuste sazonal (2022=100),Número-índice,11046,13,N3,Unidade da Federação,Amazonas,201208,69.36976,102.79322
7168,PMS - Número-índice com ajuste sazonal (2022=100),Número-índice,11046,13,N3,Unidade da Federação,Amazonas,201209,66.20198,99.89733
7168,PMS - Número-índice com ajuste sazonal (2022=100),Número-índice,11046,13,N3,Unidade da Federação,Amazonas,201210,68.26929,104.08615
7168,PMS - Número-índice com ajuste sazonal (2022=100),Número-índice,11046,13,N3,Unidade da Federação,Amazonas,201211,69.75221,103.79568
7168,PMS - Número-índice com ajuste sazonal (2022=100),Número-índice,11046,13,N3,Unidade da Federação,Amazonas,201212,69.97716,106.48699
7168,PMS - Número-índice com ajuste sazonal (2022=100),Número-índice,11046,13,N3,Unidade da Federação,Amazonas,201301,69.68806,101.76438
7168,PMS - Número-índice com ajuste sazonal (2022=100),Número-índice,11046,13,N3,Unidade da Federação,Amazonas,201302,69.13474,97.10691
7168,PMS - Número-índice com ajuste sazonal (2022=100),Número-índice,11046,13,N3,Unidade da Federação,Amazonas,201303,71.99617,99.03869
7168,PMS - Número-índice com ajuste sazonal (2022=100),Número-índice,11046,13,N3,Unidade da Federação,Amazonas,201304,71.81351,109.71095
7168,PMS - Número-índice com ajuste sazonal (2022=100),Número-índice,11046,13,N3,Unidade da Federação,Amazonas,201305,72.70648,103.87221
7168,PMS - Número-índice com ajuste sazonal (2022=100),Número-índice,11046,13,N3,Unidade da Federação,Amazonas,201306,72.21214,103.41578
7168,PMS - Número-índice com ajuste sazonal (2022=100),Número-índice,11046,13,N3,Unidade da Federação,Amazonas,201307,74.84117,111.90501
7168,PMS - Número-índice com ajuste sazonal (2022=100),Número-índice,11046,13,N3,Unidade da Federação,Amazonas,201308,74.88252,104.84613
7168,PMS - Número-índice com ajuste sazonal (2022=100),Número-índice,11046,13,N3,Unidade da Federação,Amazonas,201309,75.12138,104.22402
7168,PMS - Número-índice com ajuste sazonal (2022=100),Número-índice,11046,13,N3,Unidade da Federação,Amazonas,201310,75.14312,109.38525
7168,PMS - Número-índice com ajuste sazonal (2022=100),Número-índice,11046,13,N3,Unidade da Federação,Amazonas,201311,79.09923,112.89894
7168,PMS - Número-índice com ajuste sazonal (2022=100),Número-índice,11046,13,N3,Unidade da Federação,Amazonas,201312,80.32524,110.00788
7168,PMS - Número-índice com ajuste sazonal (2022=100),Número-índice,11046,13,N3,Unidade da Federação,Amazonas,201401,75.73256,115.21240
7168,PMS - Número-índice com ajuste sazonal (2022=100),Número-índice,11046,13,N3,Unidade da Federação,Amazonas,201402,80.09606,122.08584
7168,PMS - Número-índice com ajuste sazonal (2022=100),Número-índice,11046,13,N3,Unidade da Federação,Amazonas,201403,82.77354,122.56365
7168,PMS - Número-índice com ajuste sazonal (2022=100),Número-índice,11046,13,N3,Unidade da Federação,Amazonas,201404,84.75001,121.90062
7168,PMS - Número-índice com ajuste sazonal (2022=100),Número-índice,11046,13,N3,Unidade da Federação,Amazonas,201405,87.64831,126.72757
7168,PMS - Número-índice com ajuste sazonal (2022=100),Número-índice,11046,13,N3,Unidade da Federação,Amazonas,201406,84.67179,124.33749
7168,PMS - Número-índice com ajuste sazonal (2022=100),Número-índice,11046,13,N3,Unidade da Federação,Amazonas,201407,77.41003,121.67169
7168,PMS - Número-índice com ajuste sazonal (2022=100),Número-índice,11046,13,N3,Unidade da Federação,Amazonas,201408,86.83899,122.31773
7168,PMS - Número-índice com ajuste sazonal (2022=100),Número-índice,11046,13,N3,Unidade da Federação,Amazonas,201409,92.09127,123.51882
7168,PMS - Número-índice com ajuste sazonal (2022=100),Número-índice,11046,13,N3,Unidade da Federação,Amazonas,201410,86.28273,116.08210
7168,PMS - Número-índice com ajuste sazonal (2022=100),Número-índice,11046,13,N3,Unidade da Federação,Amazonas,201411,79.78926,108.25226
7168,PMS - Número-índice com ajuste sazonal (2022=100),Número-índice,11046,13,N3,Unidade da Federação,Amazonas,201412,81.65218,105.48648
7168,PMS - Número-índice com ajuste sazonal (2022=100),Número-índice,11046,13,N3,Unidade da Federação,Amazonas,201501,79.18764,103.97520
7168,PMS - Número-índice com ajuste sazonal (2022=100),Número-índice,11046,13,N3,Unidade da Federação,Amazonas,201502,82.29912,111.15759
7168,PMS - Número-índice com ajuste sazonal (2022=100),Número-índice,11046,13,N3,Unidade da Federação,Amazonas,201503,78.08266,109.55149
7168,PMS - Número-índice com ajuste sazonal (2022=100),Número-índice,11046,13,N3,Unidade da Federação,Amazonas,201504,78.09579,103.21607
7168,PMS - Número-índice com ajuste sazonal (2022=100),Número-índice,11046,13,N3,Unidade da Federação,Amazonas,201505,81.66710,113.40041
7168,PMS - Número-índice com ajuste sazonal (2022=100),Número-índice,11046,13,N3,Unidade da Federação,Amazonas,201506,76.97420,99.89997
7168,PMS - Número-índice com ajuste sazonal (2022=100),Número-índice,11046,13,N3,Unidade da Federação,Amazonas,201507,73.01314,87.31704
7168,PMS - Número-índice com ajuste sazonal (2022=100),Número-índice,11046,13,N3,Unidade da Federação,Amazonas,201508,73.70709,108.29250
7168,PMS - Número-índice com ajuste sazonal (2022=100),Número-índice,11046,13,N3,Unidade da Federação,Amazonas,201509,75.04431,106.44379
7168,PMS - Número-índice com ajuste sazonal (2022=100),Número-índice,11046,13,N3,Unidade da Federação,Amazonas,201510,74.05388,107.34590
7168,PMS - Número-índice com ajuste sazonal (2022=100),Número-índice,11046,13,N3,Unidade da Federação,Amazonas,201511,72.37399,111.83580
7168,PMS - Número-índice com ajuste sazonal (2022=100),Número-índice,11046,13,N3,Unidade da Federação,Amazonas,201512,71.59224,94.47068
7168,PMS - Número-índice com ajuste sazonal (2022=100),Número-índice,11046,13,N3,Unidade da Federação,Amazonas,201601,72.69798,101.81312
7168,PMS - Número-índice com ajuste sazonal (2022=100),Número-índice,11046,13,N3,Unidade da Federação,Amazonas,201602,71.09948,97.26049
7168,PMS - Número-índice com ajuste sazonal (2022=100),Número-índice,11046,13,N3,Unidade da Federação,Amazonas,201603,68.09983,95.48806
7168,PMS - Número-índice com ajuste sazonal (2022=100),Número-índice,11046,13,N3,Unidade da Federação,Amazonas,201604,66.71155,95.31620
7168,PMS - Número-índice com ajuste sazonal (2022=100),Número-índice,11046,13,N3,Unidade da Federação,Amazonas,201605,65.51280,91.58912
7168,PMS - Número-índice com ajuste sazonal (2022=100),Número-índice,11046,13,N3,Unidade da Federação,Amazonas,201606,65.71240,88.42740
7168,PMS - Número-índice com ajuste sazonal (2022=100),Número-índice,11046,13,N3,Unidade da Federação,Amazonas,201607,67.32859,85.04392
7168,PMS - Número-índice com ajuste sazonal (2022=100),Número-índice,11046,13,N3,Unidade da Federação,Amazonas,201608,63.24501,81.99640
7168,PMS - Número-índice com ajuste sazonal (2022=100),Número-índice,11046,13,N3,Unidade da Federação,Amazonas,201609,63.49799,86.33630
7168,PMS - Número-índice com ajuste sazonal (2022=100),Número-índice,11046,13,N3,Unidade da Federação,Amazonas,201610,62.44999,85.63745
7168,PMS - Número-índice com ajuste sazonal (2022=100),Número-índice,11046,13,N3,Unidade da Federação,Amazonas,201611,63.28254,84.57684
7168,PMS - Número-índice com ajuste sazonal (2022=100),Número-índice,11046,13,N3,Unidade da Federação,Amazonas,201612,62.73864,85.48537
7168,PMS - Número-índice com ajuste sazonal (2022=100),Número-índice,11046,13,N3,Unidade da Federação,Amazonas,201701,61.43130,75.75321
7168,PMS - Número-índice com ajuste sazonal (2022=100),Número-índice,11046,13,N3,Unidade da Federação,Amazonas,201702,69.66165,83.09367
7168,PMS - Número-índice com ajuste sazonal (2022=100),Número-índice,11046,13,N3,Unidade da Federação,Amazonas,201703,65.21730,76.75385
7168,PMS - Número-índice com ajuste sazonal (2022=100),Número-índice,11046,13,N3,Unidade da Federação,Amazonas,201704,62.37222,72.13323
7168,PMS - Número-índice com ajuste sazonal (2022=100),Número-índice,11046,13,N3,Unidade da Federação,Amazonas,201705,61.47838,70.35977
7168,PMS - Número-índice com ajuste sazonal (2022=100),Número-índice,11046,13,N3,Unidade da Federação,Amazonas,201706,60.91574,71.86255
7168,PMS - Número-índice com ajuste sazonal (2022=100),Número-índice,11046,13,N3,Unidade da Federação,Amazonas,201707,61.77369,71.75900
7168,PMS - Número-índice com ajuste sazonal (2022=100),Número-índice,11046,13,N3,Unidade da Federação,Amazonas,201708,59.54019,67.10906
7168,PMS - Número-índice com ajuste sazonal (2022=100),Número-índice,11046,13,N3,Unidade da Federação,Amazonas,201709,59.11853,64.40003
7168,PMS - Número-índice com ajuste sazonal (2022=100),Número-índice,11046,13,N3,Unidade da Federação,Amazonas,201710,56.26979,63.26878
7168,PMS - Número-índice com ajuste sazonal (2022=100),Número-índice,11046,13,N3,Unidade da Federação,Amazonas,201711,60.82614,69.69475
7168,PMS - Número-índice com ajuste sazonal (2022=100),Número-índice,11046,13,N3,Unidade da Federação,Amazonas,201712,59.79613,68.70437
7168,PMS - Número-índice com ajuste sazonal (2022=100),Número-índice,11046,13,N3,Unidade da Federação,Amazonas,201801,63.97645,75.82533
7168,PMS - Número-índice com ajuste sazonal (2022=100),Número-índice,11046,13,N3,Unidade da Federação,Amazonas,201802,60.12598,70.13258
7168,PMS - Número-índice com ajuste sazonal (2022=100),Número-índice,11046,13,N3,Unidade da Federação,Amazonas,201803,63.65832,73.71304
7168,PMS - Número-índice com ajuste sazonal (2022=100),Número-índice,11046,13,N3,Unidade da Federação,Amazonas,201804,67.94452,81.93179
7168,PMS - Número-índice com ajuste sazonal (2022=100),Número-índice,11046,13,N3,Unidade da Federação,Amazonas,201805,66.06428,80.71295
7168,PMS - Número-índice com ajuste sazonal (2022=100),Número-índice,11046,13,N3,Unidade da Federação,Amazonas,201806,64.35506,80.26861
7168,PMS - Número-índice com ajuste sazonal (2022=100),Número-índice,11046,13,N3,Unidade da Federação,Amazonas,201807,64.31279,71.65885
7168,PMS - Número-índice com ajuste sazonal (2022=100),Número-índice,11046,13,N3,Unidade da Federação,Amazonas,201808,67.88239,85.51844
7168,PMS - Número-índice com ajuste sazonal (2022=100),Número-índice,11046,13,N3,Unidade da Federação,Amazonas,201809,66.26220,80.56758
7168,PMS - Número-índice com ajuste sazonal (2022=100),Número-índice,11046,13,N3,Unidade da Federação,Amazonas,201810,66.94305,80.79686
7168,PMS - Número-índice com ajuste sazonal (2022=100),Número-índice,11046,13,N3,Unidade da Federação,Amazonas,201811,66.01650,77.09963
7168,PMS - Número-índice com ajuste sazonal (2022=100),Número-índice,11046,13,N3,Unidade da Federação,Amazonas,201812,65.89131,72.67262
7168,PMS - Número-índice com ajuste sazonal (2022=100),Número-índice,11046,13,N3,Unidade da Federação,Amazonas,201901,67.86678,75.31932
7168,PMS - Número-índice com ajuste sazonal (2022=100),Número-índice,11046,13,N3,Unidade da Federação,Amazonas,201902,69.16084,72.20056
7168,PMS - Número-índice com ajuste sazonal (2022=100),Número-índice,11046,13,N3,Unidade da Federação,Amazonas,201903,65.05952,74.99704
7168,PMS - Número-índice com ajuste sazonal (2022=100),Número-índice,11046,13,N3,Unidade da Federação,Amazonas,201904,65.92217,71.74888
7168,PMS - Número-índice com ajuste sazonal (2022=100),Número-índice,11046,13,N3,Unidade da Federação,Amazonas,201905,75.00723,84.04357
7168,PMS - Número-índice com ajuste sazonal (2022=100),Número-índice,11046,13,N3,Unidade da Federação,Amazonas,201906,71.98965,77.07871
7168,PMS - Número-índice com ajuste sazonal (2022=100),Número-índice,11046,13,N3,Unidade da Federação,Amazonas,201907,70.08395,73.86188
7168,PMS - Número-índice com ajuste sazonal (2022=100),Número-índice,11046,13,N3,Unidade da Federação,Amazonas,201908,71.35601,75.11165
7168,PMS - Número-índice com ajuste sazonal (2022=100),Número-índice,11046,13,N3,Unidade da Federação,Amazonas,201909,75.84765,79.41300
7168,PMS - Número-índice com ajuste sazonal (2022=100),Número-índice,11046,13,N3,Unidade da Federação,Amazonas,201910,70.88147,79.75370
7168,PMS - Número-índice com ajuste sazonal (2022=100),Número-índice,11046,13,N3,Unidade da Federação,Amazonas,201911,88.23331,93.33413
7168,PMS - Número-índice com ajuste sazonal (2022=100),Número-índice,11046,13,N3,Unidade da Federação,Amazonas,201912,84.86606,86.14717
7168,PMS - Número-índice com ajuste sazonal (2022=100),Número-índice,11046,13,N3,Unidade da Federação,Amazonas,202001,87.41782,92.05684
7168,PMS - Número-índice com ajuste sazonal (2022=100),Número-índice,11046,13,N3,Unidade da Federação,Amazonas,202002,74.56099,78.07047
7168,PMS - Número-índice com ajuste sazonal (2022=100),Número-índice,11046,13,N3,Unidade da Federação,Amazonas,202003,58.26046,62.34453
7168,PMS - Número-índice com ajuste sazonal (2022=100),Número-índice,11046,13,N3,Unidade da Federação,Amazonas,202004,29.59349,33.55381
7168,PMS - Número-índice com ajuste sazonal (2022=100),Número-índice,11046,13,N3,Unidade da Federação,Amazonas,202005,32.31763,35.63813
7168,PMS - Número-índice com ajuste sazonal (2022=100),Número-índice,11046,13,N3,Unidade da Federação,Amazonas,202006,35.55168,44.91449
7168,PMS - Número-índice com ajuste sazonal (2022=100),Número-índice,11046,13,N3,Unidade da Federação,Amazonas,202007,39.81043,55.16098
7168,PMS - Número-índice com ajuste sazonal (2022=100),Número-índice,11046,13,N3,Unidade da Federação,Amazonas,202008,44.36140,58.62326
7168,PMS - Número-índice com ajuste sazonal (2022=100),Número-índice,11046,13,N3,Unidade da Federação,Amazonas,202009,45.94558,58.47705
7168,PMS - Número-índice com ajuste sazonal (2022=100),Número-índice,11046,13,N3,Unidade da Federação,Amazonas,202010,50.88820,60.00161
7168,PMS - Número-índice com ajuste sazonal (2022=100),Número-índice,11046,13,N3,Unidade da Federação,Amazonas,202011,53.47019,59.99392
7168,PMS - Número-índice com ajuste sazonal (2022=100),Número-índice,11046,13,N3,Unidade da Federação,Amazonas,202012,53.38977,60.82623
7168,PMS - Número-índice com ajuste sazonal (2022=100),Número-índice,11046,13,N3,Unidade da Federação,Amazonas,202101,53.21416,65.70797
7168,PMS - Número-índice com ajuste sazonal (2022=100),Número-índice,11046,13,N3,Unidade da Federação,Amazonas,202102,56.30967,64.92063
7168,PMS - Número-índice com ajuste sazonal (2022=100),Número-índice,11046,13,N3,Unidade da Federação,Amazonas,202103,56.39298,62.83222
7168,PMS - Número-índice com ajuste sazonal (2022=100),Número-índice,11046,13,N3,Unidade da Federação,Amazonas,202104,57.75062,65.31278
7168,PMS - Número-índice com ajuste sazonal (2022=100),Número-índice,11046,13,N3,Unidade da Federação,Amazonas,202105,63.37020,71.88167
7168,PMS - Número-índice com ajuste sazonal (2022=100),Número-índice,11046,13,N3,Unidade da Federação,Amazonas,202106,64.60376,73.99957
7168,PMS - Número-índice com ajuste sazonal (2022=100),Número-índice,11046,13,N3,Unidade da Federação,Amazonas,202107,68.18696,77.93960
7168,PMS - Número-índice com ajuste sazonal (2022=100),Número-índice,11046,13,N3,Unidade da Federação,Amazonas,202108,69.41580,78.37454
7168,PMS - Número-índice com ajuste sazonal (2022=100),Número-índice,11046,13,N3,Unidade da Federação,Amazonas,202109,75.12040,82.30057
7168,PMS - Número-índice com ajuste sazonal (2022=100),Número-índice,11046,13,N3,Unidade da Federação,Amazonas,202110,77.92757,84.52170
7168,PMS - Número-índice com ajuste sazonal (2022=100),Número-índice,11046,13,N3,Unidade da Federação,Amazonas,202111,80.03661,86.04503
7168,PMS - Número-índice com ajuste sazonal (2022=100),Número-índice,11046,13,N3,Unidade da Federação,Amazonas,202112,85.92945,90.75527
7168,PMS - Número-índice com ajuste sazonal (2022=100),Número-índice,11046,13,N3,Unidade da Federação,Amazonas,202201,85.63328,90.30067
7168,PMS - Número-índice com ajuste sazonal (2022=100),Número-índice,11046,13,N3,Unidade da Federação,Amazonas,202202,86.00025,94.05278
7168,PMS - Número-índice com ajuste sazonal (2022=100),Número-índice,11046,13,N3,Unidade da Federação,Amazonas,202203,90.68496,100.47251
7168,PMS - Número-índice com ajuste sazonal (2022=100),Número-índice,11046,13,N3,Unidade da Federação,Amazonas,202204,94.73632,103.73340
7168,PMS - Número-índice com ajuste sazonal (2022=100),Número-índice,11046,13,N3,Unidade da Federação,Amazonas,202205,107.27730,112.58334
7168,PMS - Número-índice com ajuste sazonal (2022=100),Número-índice,11046,13,N3,Unidade da Federação,Amazonas,202206,96.53632,88.35153
7168,PMS - Número-índice com ajuste sazonal (2022=100),Número-índice,11046,13,N3,Unidade da Federação,Amazonas,202207,101.83816,94.79885
7168,PMS - Número-índice com ajuste sazonal (2022=100),Número-índice,11046,13,N3,Unidade da Federação,Amazonas,202208,100.63759,95.70107
7168,PMS - Número-índice com ajuste sazonal (2022=100),Número-índice,11046,13,N3,Unidade da Federação,Amazonas,202209,100.75471,101.07776
7168,PMS - Número-índice com ajuste sazonal (2022=100),Número-índice,11046,13,N3,Unidade da Federação,Amazonas,202210,121.14454,112.68554
7168,PMS - Número-índice com ajuste sazonal (2022=100),Número-índice,11046,13,N3,Unidade da Federação,Amazonas,202211,103.85292,95.54011
7168,PMS - Número-índice com ajuste sazonal (2022=100),Número-índice,11046,13,N3,Unidade da Federação,Amazonas,202212,110.03156,111.46195
7168,PMS - Número-índice com ajuste sazonal (2022=100),Número-índice,11046,13,N3,Unidade da Federação,Amazonas,202301,103.91572,101.67114
7168,PMS - Número-índice com ajuste sazonal (2022=100),Número-índice,11046,13,N3,Unidade da Federação,Amazonas,202302,104.27770,102.44438
7168,PMS - Número-índice com ajuste sazonal (2022=100),Número-índice,11046,13,N3,Unidade da Federação,Amazonas,202303,111.42886,106.45762
7168,PMS - Número-índice com ajuste sazonal (2022=100),Número-índice,11046,13,N3,Unidade da Federação,Amazonas,202304,104.12518,96.60525
7168,PMS - Número-índice com ajuste sazonal (2022=100),Número-índice,11046,13,N3,Unidade da Federação,Amazonas,202305,107.07033,101.35959
7168,PMS - Número-índice com ajuste sazonal (2022=100),Número-índice,11046,13,N3,Unidade da Federação,Amazonas,202306,116.08680,104.64614
7168,PMS - Número-índice com ajuste sazonal (2022=100),Número-índice,11046,13,N3,Unidade da Federação,Amazonas,202307,106.18737,98.72517
7168,PMS - Número-índice com ajuste sazonal (2022=100),Número-índice,11046,13,N3,Unidade da Federação,Amazonas,202308,104.89590,99.12632
7168,PMS - Número-índice com ajuste sazonal (2022=100),Número-índice,11046,13,N3,Unidade da Federação,Amazonas,202309,105.06602,93.62268
7168,PMS - Número-índice com ajuste sazonal (2022=100),Número-índice,11046,13,N3,Unidade da Federação,Amazonas,202310,105.62060,90.28555
7168,PMS - Número-índice com ajuste sazonal (2022=100),Número-índice,11046,13,N3,Unidade da Federação,Amazonas,202311,101.73505,84.19680
7168,PMS - Número-índice com ajuste sazonal (2022=100),Número-índice,11046,13,N3,Unidade da Federação,Amazonas,202312,96.77014,78.79799
7168,PMS - Número-índice com ajuste sazonal (2022=100),Número-índice,11046,13,N3,Unidade da Federação,Amazonas,202401,102.33630,88.60699
7168,PMS - Número-índice com ajuste sazonal (2022=100),Número-índice,11046,13,N3,Unidade da Federação,Amazonas,202402,104.49319,92.16075
7168,PMS - Número-índice com ajuste sazonal (2022=100),Número-índice,11046,13,N3,Unidade da Federação,Amazonas,202403,102.42793,88.56197
7168,PMS - Número-índice com ajuste sazonal (2022=100),Número-índice,11046,13,N3,Unidade da Federação,Amazonas,202404,102.26144,95.08250
7168,PMS - Número-índice com ajuste sazonal (2022=100),Número-índice,11046,13,N3,Unidade da Federação,Amazonas,202405,103.46993,91.93689
7168,PMS - Número-índice com ajuste sazonal (2022=100),Número-índice,11046,13,N3,Unidade da Federação,Amazonas,202406,106.22863,94.63502
7168,PMS - Número-índice com ajuste sazonal (2022=100),Número-índice,11046,13,N3,Unidade da Federação,Amazonas,202407,105.94217,95.96229
7168,PMS - Número-índice com ajuste sazonal (2022=100),Número-índice,11046,13,N3,Unidade da Federação,Amazonas,202408,109.93233,94.20068
7168,PMS - Número-índice com ajuste sazonal (2022=100),Número-índice,11046,13,N3,Unidade da Federação,Amazonas,202409,106.73702,94.99997
7168,PMS - Número-índice com ajuste sazonal (2022=100),Número-índice,11046,15,N3,Unidade da Federação,Pará,201101,36.86904,73.39061
7168,PMS - Número-índice com ajuste sazonal (2022=100),Número-índice,11046,15,N3,Unidade da Federação,Pará,201102,37.37195,71.19422
7168,PMS - Número-índice com ajuste sazonal (2022=100),Número-índice,11046,15,N3,Unidade da Federação,Pará,201103,37.83833,70.75620
7168,PMS - Número-índice com ajuste sazonal (2022=100),Número-índice,11046,15,N3,Unidade da Federação,Pará,201104,37.04324,66.18203
7168,PMS - Número-índice com ajuste sazonal (2022=100),Número-índice,11046,15,N3,Unidade da Federação,Pará,201105,37.98526,68.10426
7168,PMS - Número-índice com ajuste sazonal (2022=100),Número-índice,11046,15,N3,Unidade da Federação,Pará,201106,39.17926,68.01106
7168,PMS - Número-índice com ajuste sazonal (2022=100),Número-índice,11046,15,N3,Unidade da Federação,Pará,201107,38.83567,67.09596
7168,PMS - Número-índice com ajuste sazonal (2022=100),Número-índice,11046,15,N3,Unidade da Federação,Pará,201108,39.68473,67.49091
7168,PMS - Número-índice com ajuste sazonal (2022=100),Número-índice,11046,15,N3,Unidade da Federação,Pará,201109,39.38852,63.96754
7168,PMS - Número-índice com ajuste sazonal (2022=100),Número-índice,11046,15,N3,Unidade da Federação,Pará,201110,39.36995,61.76263
7168,PMS - Número-índice com ajuste sazonal (2022=100),Número-índice,11046,15,N3,Unidade da Federação,Pará,201111,38.92038,60.45532
7168,PMS - Número-índice com ajuste sazonal (2022=100),Número-índice,11046,15,N3,Unidade da Federação,Pará,201112,39.22727,67.60861
7168,PMS - Número-índice com ajuste sazonal (2022=100),Número-índice,11046,15,N3,Unidade da Federação,Pará,201201,39.96610,62.93375
7168,PMS - Número-índice com ajuste sazonal (2022=100),Número-índice,11046,15,N3,Unidade da Federação,Pará,201202,42.37477,65.93800
7168,PMS - Número-índice com ajuste sazonal (2022=100),Número-índice,11046,15,N3,Unidade da Federação,Pará,201203,41.77032,64.14274
7168,PMS - Número-índice com ajuste sazonal (2022=100),Número-índice,11046,15,N3,Unidade da Federação,Pará,201204,44.76530,66.22399
7168,PMS - Número-índice com ajuste sazonal (2022=100),Número-índice,11046,15,N3,Unidade da Federação,Pará,201205,41.80129,63.60432
7168,PMS - Número-índice com ajuste sazonal (2022=100),Número-índice,11046,15,N3,Unidade da Federação,Pará,201206,42.80916,65.87616
7168,PMS - Número-índice com ajuste sazonal (2022=100),Número-índice,11046,15,N3,Unidade da Federação,Pará,201207,42.86887,64.08571
7168,PMS - Número-índice com ajuste sazonal (2022=100),Número-índice,11046,15,N3,Unidade da Federação,Pará,201208,42.14644,59.73833
7168,PMS - Número-índice com ajuste sazonal (2022=100),Número-índice,11046,15,N3,Unidade da Federação,Pará,201209,45.48597,68.36461
7168,PMS - Número-índice com ajuste sazonal (2022=100),Número-índice,11046,15,N3,Unidade da Federação,Pará,201210,46.80081,70.95719
7168,PMS - Número-índice com ajuste sazonal (2022=100),Número-índice,11046,15,N3,Unidade da Federação,Pará,201211,48.23993,70.77108
7168,PMS - Número-índice com ajuste sazonal (2022=100),Número-índice,11046,15,N3,Unidade da Federação,Pará,201212,48.51530,73.54328
7168,PMS - Número-índice com ajuste sazonal (2022=100),Número-índice,11046,15,N3,Unidade da Federação,Pará,201301,49.21254,70.44658
7168,PMS - Número-índice com ajuste sazonal (2022=100),Número-índice,11046,15,N3,Unidade da Federação,Pará,201302,49.08830,68.24107
7168,PMS - Número-índice com ajuste sazonal (2022=100),Número-índice,11046,15,N3,Unidade da Federação,Pará,201303,50.50478,69.27186
7168,PMS - Número-índice com ajuste sazonal (2022=100),Número-índice,11046,15,N3,Unidade da Federação,Pará,201304,51.43558,75.51346
7168,PMS - Número-índice com ajuste sazonal (2022=100),Número-índice,11046,15,N3,Unidade da Federação,Pará,201305,52.97452,76.74683
7168,PMS - Número-índice com ajuste sazonal (2022=100),Número-índice,11046,15,N3,Unidade da Federação,Pará,201306,52.60088,74.06889
7168,PMS - Número-índice com ajuste sazonal (2022=100),Número-índice,11046,15,N3,Unidade da Federação,Pará,201307,54.26925,79.71896
7168,PMS - Número-índice com ajuste sazonal (2022=100),Número-índice,11046,15,N3,Unidade da Federação,Pará,201308,53.28434,72.71010
7168,PMS - Número-índice com ajuste sazonal (2022=100),Número-índice,11046,15,N3,Unidade da Federação,Pará,201309,53.50191,73.69821
7168,PMS - Número-índice com ajuste sazonal (2022=100),Número-índice,11046,15,N3,Unidade da Federação,Pará,201310,53.53989,76.89211
7168,PMS - Número-índice com ajuste sazonal (2022=100),Número-índice,11046,15,N3,Unidade da Federação,Pará,201311,53.86545,75.64956
7168,PMS - Número-índice com ajuste sazonal (2022=100),Número-índice,11046,15,N3,Unidade da Federação,Pará,201312,55.99481,78.29118
7168,PMS - Número-índice com ajuste sazonal (2022=100),Número-índice,11046,15,N3,Unidade da Federação,Pará,201401,53.52189,80.86353
7168,PMS - Número-índice com ajuste sazonal (2022=100),Número-índice,11046,15,N3,Unidade da Federação,Pará,201402,57.21647,88.35070
7168,PMS - Número-índice com ajuste sazonal (2022=100),Número-índice,11046,15,N3,Unidade da Federação,Pará,201403,58.48111,85.92867
7168,PMS - Número-índice com ajuste sazonal (2022=100),Número-índice,11046,15,N3,Unidade da Federação,Pará,201404,61.45789,86.11850
7168,PMS - Número-índice com ajuste sazonal (2022=100),Número-índice,11046,15,N3,Unidade da Federação,Pará,201405,60.26427,87.95796
7168,PMS - Número-índice com ajuste sazonal (2022=100),Número-índice,11046,15,N3,Unidade da Federação,Pará,201406,53.68957,76.23728
7168,PMS - Número-índice com ajuste sazonal (2022=100),Número-índice,11046,15,N3,Unidade da Federação,Pará,201407,60.89650,93.65982
7168,PMS - Número-índice com ajuste sazonal (2022=100),Número-índice,11046,15,N3,Unidade da Federação,Pará,201408,66.34939,91.71057
7168,PMS - Número-índice com ajuste sazonal (2022=100),Número-índice,11046,15,N3,Unidade da Federação,Pará,201409,68.09263,91.06294
7168,PMS - Número-índice com ajuste sazonal (2022=100),Número-índice,11046,15,N3,Unidade da Federação,Pará,201410,62.84335,83.84063
7168,PMS - Número-índice com ajuste sazonal (2022=100),Número-índice,11046,15,N3,Unidade da Federação,Pará,201411,62.83566,84.29827
7168,PMS - Número-índice com ajuste sazonal (2022=100),Número-índice,11046,15,N3,Unidade da Federação,Pará,201412,61.19828,81.06756
7168,PMS - Número-índice com ajuste sazonal (2022=100),Número-índice,11046,15,N3,Unidade da Federação,Pará,201501,61.33391,82.77791
7168,PMS - Número-índice com ajuste sazonal (2022=100),Número-índice,11046,15,N3,Unidade da Federação,Pará,201502,58.24749,79.76574
7168,PMS - Número-índice com ajuste sazonal (2022=100),Número-índice,11046,15,N3,Unidade da Federação,Pará,201503,59.19370,82.37958
7168,PMS - Número-índice com ajuste sazonal (2022=100),Número-índice,11046,15,N3,Unidade da Federação,Pará,201504,59.96063,78.45232
7168,PMS - Número-índice com ajuste sazonal (2022=100),Número-índice,11046,15,N3,Unidade da Federação,Pará,201505,59.56925,83.63239
7168,PMS - Número-índice com ajuste sazonal (2022=100),Número-índice,11046,15,N3,Unidade da Federação,Pará,201506,58.17581,74.96357
7168,PMS - Número-índice com ajuste sazonal (2022=100),Número-índice,11046,15,N3,Unidade da Federação,Pará,201507,57.94035,69.62290
7168,PMS - Número-índice com ajuste sazonal (2022=100),Número-índice,11046,15,N3,Unidade da Federação,Pará,201508,58.21872,83.95634
7168,PMS - Número-índice com ajuste sazonal (2022=100),Número-índice,11046,15,N3,Unidade da Federação,Pará,201509,57.33213,79.63997
7168,PMS - Número-índice com ajuste sazonal (2022=100),Número-índice,11046,15,N3,Unidade da Federação,Pará,201510,60.15441,85.28359
7168,PMS - Número-índice com ajuste sazonal (2022=100),Número-índice,11046,15,N3,Unidade da Federação,Pará,201511,57.09924,84.10010
7168,PMS - Número-índice com ajuste sazonal (2022=100),Número-índice,11046,15,N3,Unidade da Federação,Pará,201512,57.46910,77.06718
7168,PMS - Número-índice com ajuste sazonal (2022=100),Número-índice,11046,15,N3,Unidade da Federação,Pará,201601,58.29262,80.72524
7168,PMS - Número-índice com ajuste sazonal (2022=100),Número-índice,11046,15,N3,Unidade da Federação,Pará,201602,57.79270,79.71979
7168,PMS - Número-índice com ajuste sazonal (2022=100),Número-índice,11046,15,N3,Unidade da Federação,Pará,201603,57.59175,79.56572
7168,PMS - Número-índice com ajuste sazonal (2022=100),Número-índice,11046,15,N3,Unidade da Federação,Pará,201604,56.73265,78.63591
7168,PMS - Número-índice com ajuste sazonal (2022=100),Número-índice,11046,15,N3,Unidade da Federação,Pará,201605,57.32005,78.90874
7168,PMS - Número-índice com ajuste sazonal (2022=100),Número-índice,11046,15,N3,Unidade da Federação,Pará,201606,58.54579,77.86342
7168,PMS - Número-índice com ajuste sazonal (2022=100),Número-índice,11046,15,N3,Unidade da Federação,Pará,201607,57.80639,72.28569
7168,PMS - Número-índice com ajuste sazonal (2022=100),Número-índice,11046,15,N3,Unidade da Federação,Pará,201608,56.62226,73.08322
7168,PMS - Número-índice com ajuste sazonal (2022=100),Número-índice,11046,15,N3,Unidade da Federação,Pará,201609,56.18456,74.41841
7168,PMS - Número-índice com ajuste sazonal (2022=100),Número-índice,11046,15,N3,Unidade da Federação,Pará,201610,55.04397,73.09901
7168,PMS - Número-índice com ajuste sazonal (2022=100),Número-índice,11046,15,N3,Unidade da Federação,Pará,201611,55.94278,73.47601
7168,PMS - Número-índice com ajuste sazonal (2022=100),Número-índice,11046,15,N3,Unidade da Federação,Pará,201612,55.14419,75.83195
7168,PMS - Número-índice com ajuste sazonal (2022=100),Número-índice,11046,15,N3,Unidade da Federação,Pará,201701,52.21192,63.74748
7168,PMS - Número-índice com ajuste sazonal (2022=100),Número-índice,11046,15,N3,Unidade da Federação,Pará,201702,58.06104,70.97432
7168,PMS - Número-índice com ajuste sazonal (2022=100),Número-índice,11046,15,N3,Unidade da Federação,Pará,201703,57.28505,68.52193
7168,PMS - Número-índice com ajuste sazonal (2022=100),Número-índice,11046,15,N3,Unidade da Federação,Pará,201704,56.61924,66.06140
7168,PMS - Número-índice com ajuste sazonal (2022=100),Número-índice,11046,15,N3,Unidade da Federação,Pará,201705,55.56790,64.04223
7168,PMS - Número-índice com ajuste sazonal (2022=100),Número-índice,11046,15,N3,Unidade da Federação,Pará,201706,56.34738,66.13790
7168,PMS - Número-índice com ajuste sazonal (2022=100),Número-índice,11046,15,N3,Unidade da Federação,Pará,201707,55.62406,66.42838
7168,PMS - Número-índice com ajuste sazonal (2022=100),Número-índice,11046,15,N3,Unidade da Federação,Pará,201708,56.46638,65.19688
7168,PMS - Número-índice com ajuste sazonal (2022=100),Número-índice,11046,15,N3,Unidade da Federação,Pará,201709,56.82669,62.89396
7168,PMS - Número-índice com ajuste sazonal (2022=100),Número-índice,11046,15,N3,Unidade da Federação,Pará,201710,58.59917,65.19865
7168,PMS - Número-índice com ajuste sazonal (2022=100),Número-índice,11046,15,N3,Unidade da Federação,Pará,201711,59.18173,69.14938
7168,PMS - Número-índice com ajuste sazonal (2022=100),Número-índice,11046,15,N3,Unidade da Federação,Pará,201712,59.07985,69.96159
7168,PMS - Número-índice com ajuste sazonal (2022=100),Número-índice,11046,15,N3,Unidade da Federação,Pará,201801,60.27877,72.11088
7168,PMS - Número-índice com ajuste sazonal (2022=100),Número-índice,11046,15,N3,Unidade da Federação,Pará,201802,61.22505,73.30699
7168,PMS - Número-índice com ajuste sazonal (2022=100),Número-índice,11046,15,N3,Unidade da Federação,Pará,201803,61.64370,72.46142
7168,PMS - Número-índice com ajuste sazonal (2022=100),Número-índice,11046,15,N3,Unidade da Federação,Pará,201804,63.06812,75.18703
7168,PMS - Número-índice com ajuste sazonal (2022=100),Número-índice,11046,15,N3,Unidade da Federação,Pará,201805,63.44886,75.22045
7168,PMS - Número-índice com ajuste sazonal (2022=100),Número-índice,11046,15,N3,Unidade da Federação,Pará,201806,63.18606,77.23687
7168,PMS - Número-índice com ajuste sazonal (2022=100),Número-índice,11046,15,N3,Unidade da Federação,Pará,201807,66.38103,75.55121
7168,PMS - Número-índice com ajuste sazonal (2022=100),Número-índice,11046,15,N3,Unidade da Federação,Pará,201808,67.76348,86.15443
7168,PMS - Número-índice com ajuste sazonal (2022=100),Número-índice,11046,15,N3,Unidade da Federação,Pará,201809,65.82657,78.19494
7168,PMS - Número-índice com ajuste sazonal (2022=100),Número-índice,11046,15,N3,Unidade da Federação,Pará,201810,65.72781,78.16336
7168,PMS - Número-índice com ajuste sazonal (2022=100),Número-índice,11046,15,N3,Unidade da Federação,Pará,201811,65.25857,75.88094
7168,PMS - Número-índice com ajuste sazonal (2022=100),Número-índice,11046,15,N3,Unidade da Federação,Pará,201812,66.73477,75.14280
7168,PMS - Número-índice com ajuste sazonal (2022=100),Número-índice,11046,15,N3,Unidade da Federação,Pará,201901,67.73018,75.08635
7168,PMS - Número-índice com ajuste sazonal (2022=100),Número-índice,11046,15,N3,Unidade da Federação,Pará,201902,68.26680,74.86985
7168,PMS - Número-índice com ajuste sazonal (2022=100),Número-índice,11046,15,N3,Unidade da Federação,Pará,201903,69.11099,78.11538
7168,PMS - Número-índice com ajuste sazonal (2022=100),Número-índice,11046,15,N3,Unidade da Federação,Pará,201904,73.65790,80.65797
7168,PMS - Número-índice com ajuste sazonal (2022=100),Número-índice,11046,15,N3,Unidade da Federação,Pará,201905,72.34850,79.41779
7168,PMS - Número-índice com ajuste sazonal (2022=100),Número-índice,11046,15,N3,Unidade da Federação,Pará,201906,68.56355,73.62234
7168,PMS - Número-índice com ajuste sazonal (2022=100),Número-índice,11046,15,N3,Unidade da Federação,Pará,201907,74.24219,81.11153
7168,PMS - Número-índice com ajuste sazonal (2022=100),Número-índice,11046,15,N3,Unidade da Federação,Pará,201908,72.58032,79.65935
7168,PMS - Número-índice com ajuste sazonal (2022=100),Número-índice,11046,15,N3,Unidade da Federação,Pará,201909,74.99279,81.51564
7168,PMS - Número-índice com ajuste sazonal (2022=100),Número-índice,11046,15,N3,Unidade da Federação,Pará,201910,73.69072,82.54264
7168,PMS - Número-índice com ajuste sazonal (2022=100),Número-índice,11046,15,N3,Unidade da Federação,Pará,201911,74.60529,82.00050
7168,PMS - Número-índice com ajuste sazonal (2022=100),Número-índice,11046,15,N3,Unidade da Federação,Pará,201912,74.35865,82.57969
7168,PMS - Número-índice com ajuste sazonal (2022=100),Número-índice,11046,15,N3,Unidade da Federação,Pará,202001,76.23244,82.71708
7168,PMS - Número-índice com ajuste sazonal (2022=100),Número-índice,11046,15,N3,Unidade da Federação,Pará,202002,79.03687,84.33434
7168,PMS - Número-índice com ajuste sazonal (2022=100),Número-índice,11046,15,N3,Unidade da Federação,Pará,202003,62.16089,67.19258
7168,PMS - Número-índice com ajuste sazonal (2022=100),Número-índice,11046,15,N3,Unidade da Federação,Pará,202004,36.43444,40.86935
7168,PMS - Número-índice com ajuste sazonal (2022=100),Número-índice,11046,15,N3,Unidade da Federação,Pará,202005,35.93084,37.12763
7168,PMS - Número-índice com ajuste sazonal (2022=100),Número-índice,11046,15,N3,Unidade da Federação,Pará,202006,40.42253,48.20309
7168,PMS - Número-índice com ajuste sazonal (2022=100),Número-índice,11046,15,N3,Unidade da Federação,Pará,202007,41.40288,52.73257
7168,PMS - Número-índice com ajuste sazonal (2022=100),Número-índice,11046,15,N3,Unidade da Federação,Pará,202008,54.69600,66.21920
7168,PMS - Número-índice com ajuste sazonal (2022=100),Número-índice,11046,15,N3,Unidade da Federação,Pará,202009,61.70772,73.78592
7168,PMS - Número-índice com ajuste sazonal (2022=100),Número-índice,11046,15,N3,Unidade da Federação,Pará,202010,65.55435,76.06642
7168,PMS - Número-índice com ajuste sazonal (2022=100),Número-índice,11046,15,N3,Unidade da Federação,Pará,202011,71.85993,80.66169
7168,PMS - Número-índice com ajuste sazonal (2022=100),Número-índice,11046,15,N3,Unidade da Federação,Pará,202012,69.57081,85.08029
7168,PMS - Número-índice com ajuste sazonal (2022=100),Número-índice,11046,15,N3,Unidade da Federação,Pará,202101,68.41720,82.26113
7168,PMS - Número-índice com ajuste sazonal (2022=100),Número-índice,11046,15,N3,Unidade da Federação,Pará,202102,70.31987,80.21504
7168,PMS - Número-índice com ajuste sazonal (2022=100),Número-índice,11046,15,N3,Unidade da Federação,Pará,202103,67.08371,76.04807
7168,PMS - Número-índice com ajuste sazonal (2022=100),Número-índice,11046,15,N3,Unidade da Federação,Pará,202104,63.47114,72.41994
7168,PMS - Número-índice com ajuste sazonal (2022=100),Número-índice,11046,15,N3,Unidade da Federação,Pará,202105,73.48452,82.56703
7168,PMS - Número-índice com ajuste sazonal (2022=100),Número-índice,11046,15,N3,Unidade da Federação,Pará,202106,76.03150,90.42778
7168,PMS - Número-índice com ajuste sazonal (2022=100),Número-índice,11046,15,N3,Unidade da Federação,Pará,202107,78.42388,90.41072
7168,PMS - Número-índice com ajuste sazonal (2022=100),Número-índice,11046,15,N3,Unidade da Federação,Pará,202108,81.35962,91.89233
7168,PMS - Número-índice com ajuste sazonal (2022=100),Número-índice,11046,15,N3,Unidade da Federação,Pará,202109,83.58947,92.57520
7168,PMS - Número-índice com ajuste sazonal (2022=100),Número-índice,11046,15,N3,Unidade da Federação,Pará,202110,83.41557,94.23319
7168,PMS - Número-índice com ajuste sazonal (2022=100),Número-índice,11046,15,N3,Unidade da Federação,Pará,202111,86.31827,95.02995
7168,PMS - Número-índice com ajuste sazonal (2022=100),Número-índice,11046,15,N3,Unidade da Federação,Pará,202112,87.98552,99.77563
7168,PMS - Número-índice com ajuste sazonal (2022=100),Número-índice,11046,15,N3,Unidade da Federação,Pará,202201,89.67223,97.36818
7168,PMS - Número-índice com ajuste sazonal (2022=100),Número-índice,11046,15,N3,Unidade da Federação,Pará,202202,90.09000,99.15675
7168,PMS - Número-índice com ajuste sazonal (2022=100),Número-índice,11046,15,N3,Unidade da Federação,Pará,202203,93.63828,102.78601
7168,PMS - Número-índice com ajuste sazonal (2022=100),Número-índice,11046,15,N3,Unidade da Federação,Pará,202204,96.09486,100.81730
7168,PMS - Número-índice com ajuste sazonal (2022=100),Número-índice,11046,15,N3,Unidade da Federação,Pará,202205,99.58677,101.13053
7168,PMS - Número-índice com ajuste sazonal (2022=100),Número-índice,11046,15,N3,Unidade da Federação,Pará,202206,101.27770,97.40637
7168,PMS - Número-índice com ajuste sazonal (2022=100),Número-índice,11046,15,N3,Unidade da Federação,Pará,202207,105.97753,98.60880
7168,PMS - Número-índice com ajuste sazonal (2022=100),Número-índice,11046,15,N3,Unidade da Federação,Pará,202208,102.39337,96.70783
7168,PMS - Número-índice com ajuste sazonal (2022=100),Número-índice,11046,15,N3,Unidade da Federação,Pará,202209,99.07906,97.50902
7168,PMS - Número-índice com ajuste sazonal (2022=100),Número-índice,11046,15,N3,Unidade da Federação,Pará,202210,103.05552,93.43970
7168,PMS - Número-índice com ajuste sazonal (2022=100),Número-índice,11046,15,N3,Unidade da Federação,Pará,202211,102.85666,98.97312
7168,PMS - Número-índice com ajuste sazonal (2022=100),Número-índice,11046,15,N3,Unidade da Federação,Pará,202212,114.93038,116.75746
7168,PMS - Número-índice com ajuste sazonal (2022=100),Número-índice,11046,15,N3,Unidade da Federação,Pará,202301,107.82224,105.54872
7168,PMS - Número-índice com ajuste sazonal (2022=100),Número-índice,11046,15,N3,Unidade da Federação,Pará,202302,105.84729,102.93685
7168,PMS - Número-índice com ajuste sazonal (2022=100),Número-índice,11046,15,N3,Unidade da Federação,Pará,202303,110.34350,105.35920
7168,PMS - Número-índice com ajuste sazonal (2022=100),Número-índice,11046,15,N3,Unidade da Federação,Pará,202304,109.93335,98.36580
7168,PMS - Número-índice com ajuste sazonal (2022=100),Número-índice,11046,15,N3,Unidade da Federação,Pará,202305,110.65846,103.02622
7168,PMS - Número-índice com ajuste sazonal (2022=100),Número-índice,11046,15,N3,Unidade da Federação,Pará,202306,118.29251,106.58822
7168,PMS - Número-índice com ajuste sazonal (2022=100),Número-índice,11046,15,N3,Unidade da Federação,Pará,202307,114.35119,103.56892
7168,PMS - Número-índice com ajuste sazonal (2022=100),Número-índice,11046,15,N3,Unidade da Federação,Pará,202308,115.15384,108.61335
7168,PMS - Número-índice com ajuste sazonal (2022=100),Número-índice,11046,15,N3,Unidade da Federação,Pará,202309,120.31484,107.87668
7168,PMS - Número-índice com ajuste sazonal (2022=100),Número-índice,11046,15,N3,Unidade da Federação,Pará,202310,120.83590,105.78905
7168,PMS - Número-índice com ajuste sazonal (2022=100),Número-índice,11046,15,N3,Unidade da Federação,Pará,202311,122.34894,102.11954
7168,PMS - Número-índice com ajuste sazonal (2022=100),Número-índice,11046,15,N3,Unidade da Federação,Pará,202312,123.43502,104.47516
7168,PMS - Número-índice com ajuste sazonal (2022=100),Número-índice,11046,15,N3,Unidade da Federação,Pará,202401,122.02862,104.78168
7168,PMS - Número-índice com ajuste sazonal (2022=100),Número-índice,11046,15,N3,Unidade da Federação,Pará,202402,125.02655,109.08102
7168,PMS - Número-índice com ajuste sazonal (2022=100),Número-índice,11046,15,N3,Unidade da Federação,Pará,202403,124.28638,107.28102
7168,PMS - Número-índice com ajuste sazonal (2022=100),Número-índice,11046,15,N3,Unidade da Federação,Pará,202404,125.78502,113.23794
7168,PMS - Número-índice com ajuste sazonal (2022=100),Número-índice,11046,15,N3,Unidade da Federação,Pará,202405,128.81854,114.16215
7168,PMS - Número-índice com ajuste sazonal (2022=100),Número-índice,11046,15,N3,Unidade da Federação,Pará,202406,127.41654,114.75251
7168,PMS - Número-índice com ajuste sazonal (2022=100),Número-índice,11046,15,N3,Unidade da Federação,Pará,202407,136.29490,122.84240
7168,PMS - Número-índice com ajuste sazonal (2022=100),Número-índice,11046,15,N3,Unidade da Federação,Pará,202408,131.58431,112.98741
7168,PMS - Número-índice com ajuste sazonal (2022=100),Número-índice,11046,15,N3,Unidade da Federação,Pará,202409,126.57712,112.65889
7168,PMS - Número-índice com ajuste sazonal (2022=100),Número-índice,11046,23,N3,Unidade da Federação,Ceará,201101,36.82552,81.91205
7168,PMS - Número-índice com ajuste sazonal (2022=100),Número-índice,11046,23,N3,Unidade da Federação,Ceará,201102,37.89852,79.71682
7168,PMS - Número-índice com ajuste sazonal (2022=100),Número-índice,11046,23,N3,Unidade da Federação,Ceará,201103,39.77509,79.71456
7168,PMS - Número-índice com ajuste sazonal (2022=100),Número-índice,11046,23,N3,Unidade da Federação,Ceará,201104,40.22257,78.98920
7168,PMS - Número-índice com ajuste sazonal (2022=100),Número-índice,11046,23,N3,Unidade da Federação,Ceará,201105,40.27498,77.06493
7168,PMS - Número-índice com ajuste sazonal (2022=100),Número-índice,11046,23,N3,Unidade da Federação,Ceará,201106,40.77887,75.77268
7168,PMS - Número-índice com ajuste sazonal (2022=100),Número-índice,11046,23,N3,Unidade da Federação,Ceará,201107,41.25027,77.39994
7168,PMS - Número-índice com ajuste sazonal (2022=100),Número-índice,11046,23,N3,Unidade da Federação,Ceará,201108,42.60491,76.87541
7168,PMS - Número-índice com ajuste sazonal (2022=100),Número-índice,11046,23,N3,Unidade da Federação,Ceará,201109,42.97917,75.57271
7168,PMS - Número-índice com ajuste sazonal (2022=100),Número-índice,11046,23,N3,Unidade da Federação,Ceará,201110,43.97185,75.48441
7168,PMS - Número-índice com ajuste sazonal (2022=100),Número-índice,11046,23,N3,Unidade da Federação,Ceará,201111,43.49738,72.94826
7168,PMS - Número-índice com ajuste sazonal (2022=100),Número-índice,11046,23,N3,Unidade da Federação,Ceará,201112,42.47479,74.84932
7168,PMS - Número-índice com ajuste sazonal (2022=100),Número-índice,11046,23,N3,Unidade da Federação,Ceará,201201,45.35830,79.22464
7168,PMS - Número-índice com ajuste sazonal (2022=100),Número-índice,11046,23,N3,Unidade da Federação,Ceará,201202,46.42585,79.61608
7168,PMS - Número-índice com ajuste sazonal (2022=100),Número-índice,11046,23,N3,Unidade da Federação,Ceará,201203,45.00409,79.07219
7168,PMS - Número-índice com ajuste sazonal (2022=100),Número-índice,11046,23,N3,Unidade da Federação,Ceará,201204,46.04857,77.63979
7168,PMS - Número-índice com ajuste sazonal (2022=100),Número-índice,11046,23,N3,Unidade da Federação,Ceará,201205,45.72481,76.69925
7168,PMS - Número-índice com ajuste sazonal (2022=100),Número-índice,11046,23,N3,Unidade da Federação,Ceará,201206,46.07694,75.86825
7168,PMS - Número-índice com ajuste sazonal (2022=100),Número-índice,11046,23,N3,Unidade da Federação,Ceará,201207,46.28150,74.22180
7168,PMS - Número-índice com ajuste sazonal (2022=100),Número-índice,11046,23,N3,Unidade da Federação,Ceará,201208,46.17304,73.12594
7168,PMS - Número-índice com ajuste sazonal (2022=100),Número-índice,11046,23,N3,Unidade da Federação,Ceará,201209,47.53554,78.33037
7168,PMS - Número-índice com ajuste sazonal (2022=100),Número-índice,11046,23,N3,Unidade da Federação,Ceará,201210,47.05653,78.95708
7168,PMS - Número-índice com ajuste sazonal (2022=100),Número-índice,11046,23,N3,Unidade da Federação,Ceará,201211,51.44706,83.16377
7168,PMS - Número-índice com ajuste sazonal (2022=100),Número-índice,11046,23,N3,Unidade da Federação,Ceará,201212,50.16644,81.34911
7168,PMS - Número-índice com ajuste sazonal (2022=100),Número-índice,11046,23,N3,Unidade da Federação,Ceará,201301,48.69625,74.65460
7168,PMS - Número-índice com ajuste sazonal (2022=100),Número-índice,11046,23,N3,Unidade da Federação,Ceará,201302,49.76992,76.44239
7168,PMS - Número-índice com ajuste sazonal (2022=100),Número-índice,11046,23,N3,Unidade da Federação,Ceará,201303,50.66791,81.14865
7168,PMS - Número-índice com ajuste sazonal (2022=100),Número-índice,11046,23,N3,Unidade da Federação,Ceará,201304,50.68915,83.85852
7168,PMS - Número-índice com ajuste sazonal (2022=100),Número-índice,11046,23,N3,Unidade da Federação,Ceará,201305,54.17553,88.64221
7168,PMS - Número-índice com ajuste sazonal (2022=100),Número-índice,11046,23,N3,Unidade da Federação,Ceará,201306,57.44777,90.88559
7168,PMS - Número-índice com ajuste sazonal (2022=100),Número-índice,11046,23,N3,Unidade da Federação,Ceará,201307,55.51090,90.42045
7168,PMS - Número-índice com ajuste sazonal (2022=100),Número-índice,11046,23,N3,Unidade da Federação,Ceará,201308,55.73765,91.86463
7168,PMS - Número-índice com ajuste sazonal (2022=100),Número-índice,11046,23,N3,Unidade da Federação,Ceará,201309,55.74025,89.43608
7168,PMS - Número-índice com ajuste sazonal (2022=100),Número-índice,11046,23,N3,Unidade da Federação,Ceará,201310,57.26691,92.81385
7168,PMS - Número-índice com ajuste sazonal (2022=100),Número-índice,11046,23,N3,Unidade da Federação,Ceará,201311,57.86542,90.80368
7168,PMS - Número-índice com ajuste sazonal (2022=100),Número-índice,11046,23,N3,Unidade da Federação,Ceará,201312,57.05644,88.61378
7168,PMS - Número-índice com ajuste sazonal (2022=100),Número-índice,11046,23,N3,Unidade da Federação,Ceará,201401,60.03259,96.01467
7168,PMS - Número-índice com ajuste sazonal (2022=100),Número-índice,11046,23,N3,Unidade da Federação,Ceará,201402,60.77613,100.99293
7168,PMS - Número-índice com ajuste sazonal (2022=100),Número-índice,11046,23,N3,Unidade da Federação,Ceará,201403,63.22763,99.50900
7168,PMS - Número-índice com ajuste sazonal (2022=100),Número-índice,11046,23,N3,Unidade da Federação,Ceará,201404,63.35281,99.43892
7168,PMS - Número-índice com ajuste sazonal (2022=100),Número-índice,11046,23,N3,Unidade da Federação,Ceará,201405,60.02536,98.45122
7168,PMS - Número-índice com ajuste sazonal (2022=100),Número-índice,11046,23,N3,Unidade da Federação,Ceará,201406,64.73571,101.10522
7168,PMS - Número-índice com ajuste sazonal (2022=100),Número-índice,11046,23,N3,Unidade da Federação,Ceará,201407,60.60392,104.39830
7168,PMS - Número-índice com ajuste sazonal (2022=100),Número-índice,11046,23,N3,Unidade da Federação,Ceará,201408,65.31253,101.52467
7168,PMS - Número-índice com ajuste sazonal (2022=100),Número-índice,11046,23,N3,Unidade da Federação,Ceará,201409,69.49104,101.01527
7168,PMS - Número-índice com ajuste sazonal (2022=100),Número-índice,11046,23,N3,Unidade da Federação,Ceará,201410,66.21674,98.52863
7168,PMS - Número-índice com ajuste sazonal (2022=100),Número-índice,11046,23,N3,Unidade da Federação,Ceará,201411,67.48315,100.80182
7168,PMS - Número-índice com ajuste sazonal (2022=100),Número-índice,11046,23,N3,Unidade da Federação,Ceará,201412,67.63476,98.24813
7168,PMS - Número-índice com ajuste sazonal (2022=100),Número-índice,11046,23,N3,Unidade da Federação,Ceará,201501,66.03572,93.44164
7168,PMS - Número-índice com ajuste sazonal (2022=100),Número-índice,11046,23,N3,Unidade da Federação,Ceará,201502,64.89964,92.49819
7168,PMS - Número-índice com ajuste sazonal (2022=100),Número-índice,11046,23,N3,Unidade da Federação,Ceará,201503,61.68569,93.28878
7168,PMS - Número-índice com ajuste sazonal (2022=100),Número-índice,11046,23,N3,Unidade da Federação,Ceará,201504,65.50274,97.84317
7168,PMS - Número-índice com ajuste sazonal (2022=100),Número-índice,11046,23,N3,Unidade da Federação,Ceará,201505,65.36457,98.91599
7168,PMS - Número-índice com ajuste sazonal (2022=100),Número-índice,11046,23,N3,Unidade da Federação,Ceará,201506,65.42535,91.17736
7168,PMS - Número-índice com ajuste sazonal (2022=100),Número-índice,11046,23,N3,Unidade da Federação,Ceará,201507,68.00045,95.31933
7168,PMS - Número-índice com ajuste sazonal (2022=100),Número-índice,11046,23,N3,Unidade da Federação,Ceará,201508,68.93992,102.68622
7168,PMS - Número-índice com ajuste sazonal (2022=100),Número-índice,11046,23,N3,Unidade da Federação,Ceará,201509,68.12747,97.56734
7168,PMS - Número-índice com ajuste sazonal (2022=100),Número-índice,11046,23,N3,Unidade da Federação,Ceará,201510,67.95264,98.77168
7168,PMS - Número-índice com ajuste sazonal (2022=100),Número-índice,11046,23,N3,Unidade da Federação,Ceará,201511,65.72277,96.48419
7168,PMS - Número-índice com ajuste sazonal (2022=100),Número-índice,11046,23,N3,Unidade da Federação,Ceará,201512,65.68160,93.03153
7168,PMS - Número-índice com ajuste sazonal (2022=100),Número-índice,11046,23,N3,Unidade da Federação,Ceará,201601,64.59240,94.90342
7168,PMS - Número-índice com ajuste sazonal (2022=100),Número-índice,11046,23,N3,Unidade da Federação,Ceará,201602,65.71885,97.29732
7168,PMS - Número-índice com ajuste sazonal (2022=100),Número-índice,11046,23,N3,Unidade da Federação,Ceará,201603,64.03449,93.51783
7168,PMS - Número-índice com ajuste sazonal (2022=100),Número-índice,11046,23,N3,Unidade da Federação,Ceará,201604,64.49807,94.35264
7168,PMS - Número-índice com ajuste sazonal (2022=100),Número-índice,11046,23,N3,Unidade da Federação,Ceará,201605,64.97376,93.07739
7168,PMS - Número-índice com ajuste sazonal (2022=100),Número-índice,11046,23,N3,Unidade da Federação,Ceará,201606,63.81013,93.16599
7168,PMS - Número-índice com ajuste sazonal (2022=100),Número-índice,11046,23,N3,Unidade da Federação,Ceará,201607,60.48763,90.18813
7168,PMS - Número-índice com ajuste sazonal (2022=100),Número-índice,11046,23,N3,Unidade da Federação,Ceará,201608,62.42867,91.25736
7168,PMS - Número-índice com ajuste sazonal (2022=100),Número-índice,11046,23,N3,Unidade da Federação,Ceará,201609,61.86956,93.06996
7168,PMS - Número-índice com ajuste sazonal (2022=100),Número-índice,11046,23,N3,Unidade da Federação,Ceará,201610,61.72719,90.83689
7168,PMS - Número-índice com ajuste sazonal (2022=100),Número-índice,11046,23,N3,Unidade da Federação,Ceará,201611,61.54639,91.42502
7168,PMS - Número-índice com ajuste sazonal (2022=100),Número-índice,11046,23,N3,Unidade da Federação,Ceará,201612,53.39444,81.50612
7168,PMS - Número-índice com ajuste sazonal (2022=100),Número-índice,11046,23,N3,Unidade da Federação,Ceará,201701,67.52143,95.74305
7168,PMS - Número-índice com ajuste sazonal (2022=100),Número-índice,11046,23,N3,Unidade da Federação,Ceará,201702,72.95661,95.37426
7168,PMS - Número-índice com ajuste sazonal (2022=100),Número-índice,11046,23,N3,Unidade da Federação,Ceará,201703,70.69481,94.85260
7168,PMS - Número-índice com ajuste sazonal (2022=100),Número-índice,11046,23,N3,Unidade da Federação,Ceará,201704,71.26568,92.60031
7168,PMS - Número-índice com ajuste sazonal (2022=100),Número-índice,11046,23,N3,Unidade da Federação,Ceará,201705,71.60833,93.53939
7168,PMS - Número-índice com ajuste sazonal (2022=100),Número-índice,11046,23,N3,Unidade da Federação,Ceará,201706,71.71102,94.50167
7168,PMS - Número-índice com ajuste sazonal (2022=100),Número-índice,11046,23,N3,Unidade da Federação,Ceará,201707,71.09694,97.65144
7168,PMS - Número-índice com ajuste sazonal (2022=100),Número-índice,11046,23,N3,Unidade da Federação,Ceará,201708,68.59803,91.36562
7168,PMS - Número-índice com ajuste sazonal (2022=100),Número-índice,11046,23,N3,Unidade da Federação,Ceará,201709,69.74655,90.03134
7168,PMS - Número-índice com ajuste sazonal (2022=100),Número-índice,11046,23,N3,Unidade da Federação,Ceará,201710,70.35231,88.28724
7168,PMS - Número-índice com ajuste sazonal (2022=100),Número-índice,11046,23,N3,Unidade da Federação,Ceará,201711,69.71635,88.87359
7168,PMS - Número-índice com ajuste sazonal (2022=100),Número-índice,11046,23,N3,Unidade da Federação,Ceará,201712,69.96836,90.93956
7168,PMS - Número-índice com ajuste sazonal (2022=100),Número-índice,11046,23,N3,Unidade da Federação,Ceará,201801,72.21576,91.85247
7168,PMS - Número-índice com ajuste sazonal (2022=100),Número-índice,11046,23,N3,Unidade da Federação,Ceará,201802,72.95775,90.98204
7168,PMS - Número-índice com ajuste sazonal (2022=100),Número-índice,11046,23,N3,Unidade da Federação,Ceará,201803,73.46730,94.77099
7168,PMS - Número-índice com ajuste sazonal (2022=100),Número-índice,11046,23,N3,Unidade da Federação,Ceará,201804,75.82128,96.44753
7168,PMS - Número-índice com ajuste sazonal (2022=100),Número-índice,11046,23,N3,Unidade da Federação,Ceará,201805,75.99829,95.09037
7168,PMS - Número-índice com ajuste sazonal (2022=100),Número-índice,11046,23,N3,Unidade da Federação,Ceará,201806,74.46308,93.93481
7168,PMS - Número-índice com ajuste sazonal (2022=100),Número-índice,11046,23,N3,Unidade da Federação,Ceará,201807,83.43506,102.69307
7168,PMS - Número-índice com ajuste sazonal (2022=100),Número-índice,11046,23,N3,Unidade da Federação,Ceará,201808,90.88955,110.62776
7168,PMS - Número-índice com ajuste sazonal (2022=100),Número-índice,11046,23,N3,Unidade da Federação,Ceará,201809,83.31123,101.67555
7168,PMS - Número-índice com ajuste sazonal (2022=100),Número-índice,11046,23,N3,Unidade da Federação,Ceará,201810,83.18415,101.84506
7168,PMS - Número-índice com ajuste sazonal (2022=100),Número-índice,11046,23,N3,Unidade da Federação,Ceará,201811,84.07006,103.58249
7168,PMS - Número-índice com ajuste sazonal (2022=100),Número-índice,11046,23,N3,Unidade da Federação,Ceará,201812,83.35453,103.37456
7168,PMS - Número-índice com ajuste sazonal (2022=100),Número-índice,11046,23,N3,Unidade da Federação,Ceará,201901,82.31908,100.69532
7168,PMS - Número-índice com ajuste sazonal (2022=100),Número-índice,11046,23,N3,Unidade da Federação,Ceará,201902,82.80128,102.92074
7168,PMS - Número-índice com ajuste sazonal (2022=100),Número-índice,11046,23,N3,Unidade da Federação,Ceará,201903,84.19138,104.11645
7168,PMS - Número-índice com ajuste sazonal (2022=100),Número-índice,11046,23,N3,Unidade da Federação,Ceará,201904,83.94010,101.36155
7168,PMS - Número-índice com ajuste sazonal (2022=100),Número-índice,11046,23,N3,Unidade da Federação,Ceará,201905,87.54937,106.35384
7168,PMS - Número-índice com ajuste sazonal (2022=100),Número-índice,11046,23,N3,Unidade da Federação,Ceará,201906,87.61483,104.15658
7168,PMS - Número-índice com ajuste sazonal (2022=100),Número-índice,11046,23,N3,Unidade da Federação,Ceará,201907,85.77730,104.76241
7168,PMS - Número-índice com ajuste sazonal (2022=100),Número-índice,11046,23,N3,Unidade da Federação,Ceará,201908,85.90078,103.75636
7168,PMS - Número-índice com ajuste sazonal (2022=100),Número-índice,11046,23,N3,Unidade da Federação,Ceará,201909,85.06042,103.57179
7168,PMS - Número-índice com ajuste sazonal (2022=100),Número-índice,11046,23,N3,Unidade da Federação,Ceará,201910,82.62038,103.39919
7168,PMS - Número-índice com ajuste sazonal (2022=100),Número-índice,11046,23,N3,Unidade da Federação,Ceará,201911,86.02775,104.66809
7168,PMS - Número-índice com ajuste sazonal (2022=100),Número-índice,11046,23,N3,Unidade da Federação,Ceará,201912,87.43552,104.10535
7168,PMS - Número-índice com ajuste sazonal (2022=100),Número-índice,11046,23,N3,Unidade da Federação,Ceará,202001,86.40115,104.41733
7168,PMS - Número-índice com ajuste sazonal (2022=100),Número-índice,11046,23,N3,Unidade da Federação,Ceará,202002,90.76720,104.45152
7168,PMS - Número-índice com ajuste sazonal (2022=100),Número-índice,11046,23,N3,Unidade da Federação,Ceará,202003,60.40077,71.28445
7168,PMS - Número-índice com ajuste sazonal (2022=100),Número-índice,11046,23,N3,Unidade da Federação,Ceará,202004,35.01548,38.24530
7168,PMS - Número-índice com ajuste sazonal (2022=100),Número-índice,11046,23,N3,Unidade da Federação,Ceará,202005,32.59564,32.57036
7168,PMS - Número-índice com ajuste sazonal (2022=100),Número-índice,11046,23,N3,Unidade da Federação,Ceará,202006,35.20129,39.52971
7168,PMS - Número-índice com ajuste sazonal (2022=100),Número-índice,11046,23,N3,Unidade da Federação,Ceará,202007,19.10576,28.18208
7168,PMS - Número-índice com ajuste sazonal (2022=100),Número-índice,11046,23,N3,Unidade da Federação,Ceará,202008,43.18511,51.80366
7168,PMS - Número-índice com ajuste sazonal (2022=100),Número-índice,11046,23,N3,Unidade da Federação,Ceará,202009,47.94902,59.85856
7168,PMS - Número-índice com ajuste sazonal (2022=100),Número-índice,11046,23,N3,Unidade da Federação,Ceará,202010,54.55955,65.27858
7168,PMS - Número-índice com ajuste sazonal (2022=100),Número-índice,11046,23,N3,Unidade da Federação,Ceará,202011,59.75880,69.82913
7168,PMS - Número-índice com ajuste sazonal (2022=100),Número-índice,11046,23,N3,Unidade da Federação,Ceará,202012,57.32647,68.63639
7168,PMS - Número-índice com ajuste sazonal (2022=100),Número-índice,11046,23,N3,Unidade da Federação,Ceará,202101,53.02894,69.19028
7168,PMS - Número-índice com ajuste sazonal (2022=100),Número-índice,11046,23,N3,Unidade da Federação,Ceará,202102,59.16204,66.35663
7168,PMS - Número-índice com ajuste sazonal (2022=100),Número-índice,11046,23,N3,Unidade da Federação,Ceará,202103,43.51427,48.67264
7168,PMS - Número-índice com ajuste sazonal (2022=100),Número-índice,11046,23,N3,Unidade da Federação,Ceará,202104,48.04014,50.16921
7168,PMS - Número-índice com ajuste sazonal (2022=100),Número-índice,11046,23,N3,Unidade da Federação,Ceará,202105,54.16735,60.69321
7168,PMS - Número-índice com ajuste sazonal (2022=100),Número-índice,11046,23,N3,Unidade da Federação,Ceará,202106,60.62810,75.63648
7168,PMS - Número-índice com ajuste sazonal (2022=100),Número-índice,11046,23,N3,Unidade da Federação,Ceará,202107,57.35805,74.58047
7168,PMS - Número-índice com ajuste sazonal (2022=100),Número-índice,11046,23,N3,Unidade da Federação,Ceará,202108,69.91704,82.37837
7168,PMS - Número-índice com ajuste sazonal (2022=100),Número-índice,11046,23,N3,Unidade da Federação,Ceará,202109,77.85093,83.52855
7168,PMS - Número-índice com ajuste sazonal (2022=100),Número-índice,11046,23,N3,Unidade da Federação,Ceará,202110,84.18343,87.76306
7168,PMS - Número-índice com ajuste sazonal (2022=100),Número-índice,11046,23,N3,Unidade da Federação,Ceará,202111,89.10535,92.64193
7168,PMS - Número-índice com ajuste sazonal (2022=100),Número-índice,11046,23,N3,Unidade da Federação,Ceará,202112,80.75050,86.76904
7168,PMS - Número-índice com ajuste sazonal (2022=100),Número-índice,11046,23,N3,Unidade da Federação,Ceará,202201,75.97764,86.48343
7168,PMS - Número-índice com ajuste sazonal (2022=100),Número-índice,11046,23,N3,Unidade da Federação,Ceará,202202,87.52061,90.82879
7168,PMS - Número-índice com ajuste sazonal (2022=100),Número-índice,11046,23,N3,Unidade da Federação,Ceará,202203,92.88867,95.93806
7168,PMS - Número-índice com ajuste sazonal (2022=100),Número-índice,11046,23,N3,Unidade da Federação,Ceará,202204,97.05523,99.77590
7168,PMS - Número-índice com ajuste sazonal (2022=100),Número-índice,11046,23,N3,Unidade da Federação,Ceará,202205,104.91374,102.52640
7168,PMS - Número-índice com ajuste sazonal (2022=100),Número-índice,11046,23,N3,Unidade da Federação,Ceará,202206,105.30557,103.29346
7168,PMS - Número-índice com ajuste sazonal (2022=100),Número-índice,11046,23,N3,Unidade da Federação,Ceará,202207,107.16851,106.65446
7168,PMS - Número-índice com ajuste sazonal (2022=100),Número-índice,11046,23,N3,Unidade da Federação,Ceará,202208,107.99271,104.02123
7168,PMS - Número-índice com ajuste sazonal (2022=100),Número-índice,11046,23,N3,Unidade da Federação,Ceará,202209,103.36014,101.89785
7168,PMS - Número-índice com ajuste sazonal (2022=100),Número-índice,11046,23,N3,Unidade da Federação,Ceará,202210,106.28618,102.17763
7168,PMS - Número-índice com ajuste sazonal (2022=100),Número-índice,11046,23,N3,Unidade da Federação,Ceará,202211,106.61812,102.32166
7168,PMS - Número-índice com ajuste sazonal (2022=100),Número-índice,11046,23,N3,Unidade da Federação,Ceará,202212,105.10801,104.86004
7168,PMS - Número-índice com ajuste sazonal (2022=100),Número-índice,11046,23,N3,Unidade da Federação,Ceará,202301,115.42863,111.13708
7168,PMS - Número-índice com ajuste sazonal (2022=100),Número-índice,11046,23,N3,Unidade da Federação,Ceará,202302,103.54854,102.03454
7168,PMS - Número-índice com ajuste sazonal (2022=100),Número-índice,11046,23,N3,Unidade da Federação,Ceará,202303,102.73638,102.19332
7168,PMS - Número-índice com ajuste sazonal (2022=100),Número-índice,11046,23,N3,Unidade da Federação,Ceará,202304,104.73025,99.32153
7168,PMS - Número-índice com ajuste sazonal (2022=100),Número-índice,11046,23,N3,Unidade da Federação,Ceará,202305,102.54371,99.35148
7168,PMS - Número-índice com ajuste sazonal (2022=100),Número-índice,11046,23,N3,Unidade da Federação,Ceará,202306,101.66570,93.63545
7168,PMS - Número-índice com ajuste sazonal (2022=100),Número-índice,11046,23,N3,Unidade da Federação,Ceará,202307,103.26949,98.95422
7168,PMS - Número-índice com ajuste sazonal (2022=100),Número-índice,11046,23,N3,Unidade da Federação,Ceará,202308,102.99087,96.67162
7168,PMS - Número-índice com ajuste sazonal (2022=100),Número-índice,11046,23,N3,Unidade da Federação,Ceará,202309,103.03697,95.09822
7168,PMS - Número-índice com ajuste sazonal (2022=100),Número-índice,11046,23,N3,Unidade da Federação,Ceará,202310,103.75719,91.09503
7168,PMS - Número-índice com ajuste sazonal (2022=100),Número-índice,11046,23,N3,Unidade da Federação,Ceará,202311,104.47631,83.57620
7168,PMS - Número-índice com ajuste sazonal (2022=100),Número-índice,11046,23,N3,Unidade da Federação,Ceará,202312,108.27259,92.12171
7168,PMS - Número-índice com ajuste sazonal (2022=100),Número-índice,11046,23,N3,Unidade da Federação,Ceará,202401,121.06699,103.95176
7168,PMS - Número-índice com ajuste sazonal (2022=100),Número-índice,11046,23,N3,Unidade da Federação,Ceará,202402,111.34038,98.20685
7168,PMS - Número-índice com ajuste sazonal (2022=100),Número-índice,11046,23,N3,Unidade da Federação,Ceará,202403,111.01673,94.36051
7168,PMS - Número-índice com ajuste sazonal (2022=100),Número-índice,11046,23,N3,Unidade da Federação,Ceará,202404,111.54985,101.51647
7168,PMS - Número-índice com ajuste sazonal (2022=100),Número-índice,11046,23,N3,Unidade da Federação,Ceará,202405,112.53702,100.54705
7168,PMS - Número-índice com ajuste sazonal (2022=100),Número-índice,11046,23,N3,Unidade da Federação,Ceará,202406,115.43455,105.39274
7168,PMS - Número-índice com ajuste sazonal (2022=100),Número-índice,11046,23,N3,Unidade da Federação,Ceará,202407,118.22760,103.09562
7168,PMS - Número-índice com ajuste sazonal (2022=100),Número-índice,11046,23,N3,Unidade da Federação,Ceará,202408,118.57234,102.81836
7168,PMS - Número-índice com ajuste sazonal (2022=100),Número-índice,11046,23,N3,Unidade da Federação,Ceará,202409,121.79510,104.69648
7168,PMS - Número-índice com ajuste sazonal (2022=100),Número-índice,11046,24,N3,Unidade da Federação,Rio Grande do Norte,201101,52.60437,102.23321
7168,PMS - Número-índice com ajuste sazonal (2022=100),Número-índice,11046,24,N3,Unidade da Federação,Rio Grande do Norte,201102,55.49523,100.19672
7168,PMS - Número-índice com ajuste sazonal (2022=100),Número-índice,11046,24,N3,Unidade da Federação,Rio Grande do Norte,201103,58.74615,97.07072
7168,PMS - Número-índice com ajuste sazonal (2022=100),Número-índice,11046,24,N3,Unidade da Federação,Rio Grande do Norte,201104,57.89977,92.26538
7168,PMS - Número-índice com ajuste sazonal (2022=100),Número-índice,11046,24,N3,Unidade da Federação,Rio Grande do Norte,201105,56.99460,87.88549
7168,PMS - Número-índice com ajuste sazonal (2022=100),Número-índice,11046,24,N3,Unidade da Federação,Rio Grande do Norte,201106,59.96196,94.23711
7168,PMS - Número-índice com ajuste sazonal (2022=100),Número-índice,11046,24,N3,Unidade da Federação,Rio Grande do Norte,201107,59.16715,92.67880
7168,PMS - Número-índice com ajuste sazonal (2022=100),Número-índice,11046,24,N3,Unidade da Federação,Rio Grande do Norte,201108,60.04633,88.96236
7168,PMS - Número-índice com ajuste sazonal (2022=100),Número-índice,11046,24,N3,Unidade da Federação,Rio Grande do Norte,201109,61.06088,89.05278
7168,PMS - Número-índice com ajuste sazonal (2022=100),Número-índice,11046,24,N3,Unidade da Federação,Rio Grande do Norte,201110,61.39483,86.89503
7168,PMS - Número-índice com ajuste sazonal (2022=100),Número-índice,11046,24,N3,Unidade da Federação,Rio Grande do Norte,201111,61.39045,85.95138
7168,PMS - Número-índice com ajuste sazonal (2022=100),Número-índice,11046,24,N3,Unidade da Federação,Rio Grande do Norte,201112,60.75124,88.82073
7168,PMS - Número-índice com ajuste sazonal (2022=100),Número-índice,11046,24,N3,Unidade da Federação,Rio Grande do Norte,201201,58.28479,85.68392
7168,PMS - Número-índice com ajuste sazonal (2022=100),Número-índice,11046,24,N3,Unidade da Federação,Rio Grande do Norte,201202,64.76659,86.06738
7168,PMS - Número-índice com ajuste sazonal (2022=100),Número-índice,11046,24,N3,Unidade da Federação,Rio Grande do Norte,201203,61.50908,89.34967
7168,PMS - Número-índice com ajuste sazonal (2022=100),Número-índice,11046,24,N3,Unidade da Federação,Rio Grande do Norte,201204,65.26752,90.46731
7168,PMS - Número-índice com ajuste sazonal (2022=100),Número-índice,11046,24,N3,Unidade da Federação,Rio Grande do Norte,201205,66.04096,90.37486
7168,PMS - Número-índice com ajuste sazonal (2022=100),Número-índice,11046,24,N3,Unidade da Federação,Rio Grande do Norte,201206,65.12148,90.96518
7168,PMS - Número-índice com ajuste sazonal (2022=100),Número-índice,11046,24,N3,Unidade da Federação,Rio Grande do Norte,201207,64.61574,86.56911
7168,PMS - Número-índice com ajuste sazonal (2022=100),Número-índice,11046,24,N3,Unidade da Federação,Rio Grande do Norte,201208,62.80985,83.53572
7168,PMS - Número-índice com ajuste sazonal (2022=100),Número-índice,11046,24,N3,Unidade da Federação,Rio Grande do Norte,201209,64.33119,87.69208
7168,PMS - Número-índice com ajuste sazonal (2022=100),Número-índice,11046,24,N3,Unidade da Federação,Rio Grande do Norte,201210,68.20418,96.60200
7168,PMS - Número-índice com ajuste sazonal (2022=100),Número-índice,11046,24,N3,Unidade da Federação,Rio Grande do Norte,201211,69.38021,92.77072
7168,PMS - Número-índice com ajuste sazonal (2022=100),Número-índice,11046,24,N3,Unidade da Federação,Rio Grande do Norte,201212,70.66290,93.35512
7168,PMS - Número-índice com ajuste sazonal (2022=100),Número-índice,11046,24,N3,Unidade da Federação,Rio Grande do Norte,201301,64.39014,82.25198
7168,PMS - Número-índice com ajuste sazonal (2022=100),Número-índice,11046,24,N3,Unidade da Federação,Rio Grande do Norte,201302,70.34418,90.07225
7168,PMS - Número-índice com ajuste sazonal (2022=100),Número-índice,11046,24,N3,Unidade da Federação,Rio Grande do Norte,201303,72.34507,95.35185
7168,PMS - Número-índice com ajuste sazonal (2022=100),Número-índice,11046,24,N3,Unidade da Federação,Rio Grande do Norte,201304,70.46123,97.83973
7168,PMS - Número-índice com ajuste sazonal (2022=100),Número-índice,11046,24,N3,Unidade da Federação,Rio Grande do Norte,201305,73.82103,99.19221
7168,PMS - Número-índice com ajuste sazonal (2022=100),Número-índice,11046,24,N3,Unidade da Federação,Rio Grande do Norte,201306,73.86046,98.44628
7168,PMS - Número-índice com ajuste sazonal (2022=100),Número-índice,11046,24,N3,Unidade da Federação,Rio Grande do Norte,201307,77.33380,105.70963
7168,PMS - Número-índice com ajuste sazonal (2022=100),Número-índice,11046,24,N3,Unidade da Federação,Rio Grande do Norte,201308,78.92189,109.27864
7168,PMS - Número-índice com ajuste sazonal (2022=100),Número-índice,11046,24,N3,Unidade da Federação,Rio Grande do Norte,201309,80.22951,109.05261
7168,PMS - Número-índice com ajuste sazonal (2022=100),Número-índice,11046,24,N3,Unidade da Federação,Rio Grande do Norte,201310,79.74162,109.48188
7168,PMS - Número-índice com ajuste sazonal (2022=100),Número-índice,11046,24,N3,Unidade da Federação,Rio Grande do Norte,201311,82.72356,108.63289
7168,PMS - Número-índice com ajuste sazonal (2022=100),Número-índice,11046,24,N3,Unidade da Federação,Rio Grande do Norte,201312,76.85087,99.40704
7168,PMS - Número-índice com ajuste sazonal (2022=100),Número-índice,11046,24,N3,Unidade da Federação,Rio Grande do Norte,201401,78.66231,106.34738
7168,PMS - Número-índice com ajuste sazonal (2022=100),Número-índice,11046,24,N3,Unidade da Federação,Rio Grande do Norte,201402,80.46310,113.77853
7168,PMS - Número-índice com ajuste sazonal (2022=100),Número-índice,11046,24,N3,Unidade da Federação,Rio Grande do Norte,201403,83.97199,109.97785
7168,PMS - Número-índice com ajuste sazonal (2022=100),Número-índice,11046,24,N3,Unidade da Federação,Rio Grande do Norte,201404,85.87465,113.07527
7168,PMS - Número-índice com ajuste sazonal (2022=100),Número-índice,11046,24,N3,Unidade da Federação,Rio Grande do Norte,201405,88.02636,119.53622
7168,PMS - Número-índice com ajuste sazonal (2022=100),Número-índice,11046,24,N3,Unidade da Federação,Rio Grande do Norte,201406,91.29435,119.78982
7168,PMS - Número-índice com ajuste sazonal (2022=100),Número-índice,11046,24,N3,Unidade da Federação,Rio Grande do Norte,201407,70.90826,99.79119
7168,PMS - Número-índice com ajuste sazonal (2022=100),Número-índice,11046,24,N3,Unidade da Federação,Rio Grande do Norte,201408,78.72415,101.39886
7168,PMS - Número-índice com ajuste sazonal (2022=100),Número-índice,11046,24,N3,Unidade da Federação,Rio Grande do Norte,201409,84.11837,104.32617
7168,PMS - Número-índice com ajuste sazonal (2022=100),Número-índice,11046,24,N3,Unidade da Federação,Rio Grande do Norte,201410,79.64887,100.05699
7168,PMS - Número-índice com ajuste sazonal (2022=100),Número-índice,11046,24,N3,Unidade da Federação,Rio Grande do Norte,201411,82.18340,102.57123
7168,PMS - Número-índice com ajuste sazonal (2022=100),Número-índice,11046,24,N3,Unidade da Federação,Rio Grande do Norte,201412,86.18886,105.34062
7168,PMS - Número-índice com ajuste sazonal (2022=100),Número-índice,11046,24,N3,Unidade da Federação,Rio Grande do Norte,201501,85.28556,102.34352
7168,PMS - Número-índice com ajuste sazonal (2022=100),Número-índice,11046,24,N3,Unidade da Federação,Rio Grande do Norte,201502,79.86634,95.87534
7168,PMS - Número-índice com ajuste sazonal (2022=100),Número-índice,11046,24,N3,Unidade da Federação,Rio Grande do Norte,201503,81.50901,104.49948
7168,PMS - Número-índice com ajuste sazonal (2022=100),Número-índice,11046,24,N3,Unidade da Federação,Rio Grande do Norte,201504,84.88981,107.36450
7168,PMS - Número-índice com ajuste sazonal (2022=100),Número-índice,11046,24,N3,Unidade da Federação,Rio Grande do Norte,201505,82.49418,103.62067
7168,PMS - Número-índice com ajuste sazonal (2022=100),Número-índice,11046,24,N3,Unidade da Federação,Rio Grande do Norte,201506,82.59556,102.22416
7168,PMS - Número-índice com ajuste sazonal (2022=100),Número-índice,11046,24,N3,Unidade da Federação,Rio Grande do Norte,201507,81.77261,100.26853
7168,PMS - Número-índice com ajuste sazonal (2022=100),Número-índice,11046,24,N3,Unidade da Federação,Rio Grande do Norte,201508,86.17636,111.65286
7168,PMS - Número-índice com ajuste sazonal (2022=100),Número-índice,11046,24,N3,Unidade da Federação,Rio Grande do Norte,201509,82.43985,104.46998
7168,PMS - Número-índice com ajuste sazonal (2022=100),Número-índice,11046,24,N3,Unidade da Federação,Rio Grande do Norte,201510,85.28727,107.98708
7168,PMS - Número-índice com ajuste sazonal (2022=100),Número-índice,11046,24,N3,Unidade da Federação,Rio Grande do Norte,201511,83.12468,107.76644
7168,PMS - Número-índice com ajuste sazonal (2022=100),Número-índice,11046,24,N3,Unidade da Federação,Rio Grande do Norte,201512,84.25977,105.19591
7168,PMS - Número-índice com ajuste sazonal (2022=100),Número-índice,11046,24,N3,Unidade da Federação,Rio Grande do Norte,201601,85.89462,108.81155
7168,PMS - Número-índice com ajuste sazonal (2022=100),Número-índice,11046,24,N3,Unidade da Federação,Rio Grande do Norte,201602,88.94625,106.82333
7168,PMS - Número-índice com ajuste sazonal (2022=100),Número-índice,11046,24,N3,Unidade da Federação,Rio Grande do Norte,201603,79.98367,102.18586
7168,PMS - Número-índice com ajuste sazonal (2022=100),Número-índice,11046,24,N3,Unidade da Federação,Rio Grande do Norte,201604,79.12892,100.72818
7168,PMS - Número-índice com ajuste sazonal (2022=100),Número-índice,11046,24,N3,Unidade da Federação,Rio Grande do Norte,201605,80.81650,99.96225
7168,PMS - Número-índice com ajuste sazonal (2022=100),Número-índice,11046,24,N3,Unidade da Federação,Rio Grande do Norte,201606,80.78608,106.27978
7168,PMS - Número-índice com ajuste sazonal (2022=100),Número-índice,11046,24,N3,Unidade da Federação,Rio Grande do Norte,201607,83.63003,107.31767
7168,PMS - Número-índice com ajuste sazonal (2022=100),Número-índice,11046,24,N3,Unidade da Federação,Rio Grande do Norte,201608,80.37576,105.13388
7168,PMS - Número-índice com ajuste sazonal (2022=100),Número-índice,11046,24,N3,Unidade da Federação,Rio Grande do Norte,201609,81.05503,108.12052
7168,PMS - Número-índice com ajuste sazonal (2022=100),Número-índice,11046,24,N3,Unidade da Federação,Rio Grande do Norte,201610,90.95670,115.35881
7168,PMS - Número-índice com ajuste sazonal (2022=100),Número-índice,11046,24,N3,Unidade da Federação,Rio Grande do Norte,201611,86.55685,114.64983
7168,PMS - Número-índice com ajuste sazonal (2022=100),Número-índice,11046,24,N3,Unidade da Federação,Rio Grande do Norte,201612,86.94582,113.84980
7168,PMS - Número-índice com ajuste sazonal (2022=100),Número-índice,11046,24,N3,Unidade da Federação,Rio Grande do Norte,201701,89.49962,119.54371
7168,PMS - Número-índice com ajuste sazonal (2022=100),Número-índice,11046,24,N3,Unidade da Federação,Rio Grande do Norte,201702,95.91732,119.93050
7168,PMS - Número-índice com ajuste sazonal (2022=100),Número-índice,11046,24,N3,Unidade da Federação,Rio Grande do Norte,201703,93.57686,121.72405
7168,PMS - Número-índice com ajuste sazonal (2022=100),Número-índice,11046,24,N3,Unidade da Federação,Rio Grande do Norte,201704,80.61920,96.42615
7168,PMS - Número-índice com ajuste sazonal (2022=100),Número-índice,11046,24,N3,Unidade da Federação,Rio Grande do Norte,201705,83.67976,99.88450
7168,PMS - Número-índice com ajuste sazonal (2022=100),Número-índice,11046,24,N3,Unidade da Federação,Rio Grande do Norte,201706,81.46350,97.75604
7168,PMS - Número-índice com ajuste sazonal (2022=100),Número-índice,11046,24,N3,Unidade da Federação,Rio Grande do Norte,201707,78.74686,97.08035
7168,PMS - Número-índice com ajuste sazonal (2022=100),Número-índice,11046,24,N3,Unidade da Federação,Rio Grande do Norte,201708,77.74669,95.37821
7168,PMS - Número-índice com ajuste sazonal (2022=100),Número-índice,11046,24,N3,Unidade da Federação,Rio Grande do Norte,201709,75.13736,90.82229
7168,PMS - Número-índice com ajuste sazonal (2022=100),Número-índice,11046,24,N3,Unidade da Federação,Rio Grande do Norte,201710,72.26719,83.02521
7168,PMS - Número-índice com ajuste sazonal (2022=100),Número-índice,11046,24,N3,Unidade da Federação,Rio Grande do Norte,201711,72.54324,86.84389
7168,PMS - Número-índice com ajuste sazonal (2022=100),Número-índice,11046,24,N3,Unidade da Federação,Rio Grande do Norte,201712,77.39602,95.70850
7168,PMS - Número-índice com ajuste sazonal (2022=100),Número-índice,11046,24,N3,Unidade da Federação,Rio Grande do Norte,201801,63.89473,85.30952
7168,PMS - Número-índice com ajuste sazonal (2022=100),Número-índice,11046,24,N3,Unidade da Federação,Rio Grande do Norte,201802,74.22041,93.02345
7168,PMS - Número-índice com ajuste sazonal (2022=100),Número-índice,11046,24,N3,Unidade da Federação,Rio Grande do Norte,201803,75.03057,92.09554
7168,PMS - Número-índice com ajuste sazonal (2022=100),Número-índice,11046,24,N3,Unidade da Federação,Rio Grande do Norte,201804,74.90025,88.12451
7168,PMS - Número-índice com ajuste sazonal (2022=100),Número-índice,11046,24,N3,Unidade da Federação,Rio Grande do Norte,201805,69.80351,83.07033
7168,PMS - Número-índice com ajuste sazonal (2022=100),Número-índice,11046,24,N3,Unidade da Federação,Rio Grande do Norte,201806,69.34209,84.00553
7168,PMS - Número-índice com ajuste sazonal (2022=100),Número-índice,11046,24,N3,Unidade da Federação,Rio Grande do Norte,201807,71.30302,83.87011
7168,PMS - Número-índice com ajuste sazonal (2022=100),Número-índice,11046,24,N3,Unidade da Federação,Rio Grande do Norte,201808,70.22970,81.45697
7168,PMS - Número-índice com ajuste sazonal (2022=100),Número-índice,11046,24,N3,Unidade da Federação,Rio Grande do Norte,201809,74.91377,87.23640
7168,PMS - Número-índice com ajuste sazonal (2022=100),Número-índice,11046,24,N3,Unidade da Federação,Rio Grande do Norte,201810,69.83493,81.13788
7168,PMS - Número-índice com ajuste sazonal (2022=100),Número-índice,11046,24,N3,Unidade da Federação,Rio Grande do Norte,201811,72.25569,85.80770
7168,PMS - Número-índice com ajuste sazonal (2022=100),Número-índice,11046,24,N3,Unidade da Federação,Rio Grande do Norte,201812,71.41445,86.47876
7168,PMS - Número-índice com ajuste sazonal (2022=100),Número-índice,11046,24,N3,Unidade da Federação,Rio Grande do Norte,201901,73.51968,91.47340
7168,PMS - Número-índice com ajuste sazonal (2022=100),Número-índice,11046,24,N3,Unidade da Federação,Rio Grande do Norte,201902,68.78105,85.90139
7168,PMS - Número-índice com ajuste sazonal (2022=100),Número-índice,11046,24,N3,Unidade da Federação,Rio Grande do Norte,201903,71.57656,87.22871
7168,PMS - Número-índice com ajuste sazonal (2022=100),Número-índice,11046,24,N3,Unidade da Federação,Rio Grande do Norte,201904,76.06247,89.57429
7168,PMS - Número-índice com ajuste sazonal (2022=100),Número-índice,11046,24,N3,Unidade da Federação,Rio Grande do Norte,201905,77.01597,93.85390
7168,PMS - Número-índice com ajuste sazonal (2022=100),Número-índice,11046,24,N3,Unidade da Federação,Rio Grande do Norte,201906,76.62200,90.76772
7168,PMS - Número-índice com ajuste sazonal (2022=100),Número-índice,11046,24,N3,Unidade da Federação,Rio Grande do Norte,201907,76.99631,93.27807
7168,PMS - Número-índice com ajuste sazonal (2022=100),Número-índice,11046,24,N3,Unidade da Federação,Rio Grande do Norte,201908,76.53029,92.81632
7168,PMS - Número-índice com ajuste sazonal (2022=100),Número-índice,11046,24,N3,Unidade da Federação,Rio Grande do Norte,201909,74.42657,89.46073
7168,PMS - Número-índice com ajuste sazonal (2022=100),Número-índice,11046,24,N3,Unidade da Federação,Rio Grande do Norte,201910,74.09598,91.59372
7168,PMS - Número-índice com ajuste sazonal (2022=100),Número-índice,11046,24,N3,Unidade da Federação,Rio Grande do Norte,201911,77.05008,92.94383
7168,PMS - Número-índice com ajuste sazonal (2022=100),Número-índice,11046,24,N3,Unidade da Federação,Rio Grande do Norte,201912,75.96714,93.41025
7168,PMS - Número-índice com ajuste sazonal (2022=100),Número-índice,11046,24,N3,Unidade da Federação,Rio Grande do Norte,202001,79.57610,101.28555
7168,PMS - Número-índice com ajuste sazonal (2022=100),Número-índice,11046,24,N3,Unidade da Federação,Rio Grande do Norte,202002,85.57084,98.95540
7168,PMS - Número-índice com ajuste sazonal (2022=100),Número-índice,11046,24,N3,Unidade da Federação,Rio Grande do Norte,202003,54.65903,65.39518
7168,PMS - Número-índice com ajuste sazonal (2022=100),Número-índice,11046,24,N3,Unidade da Federação,Rio Grande do Norte,202004,23.76144,24.76014
7168,PMS - Número-índice com ajuste sazonal (2022=100),Número-índice,11046,24,N3,Unidade da Federação,Rio Grande do Norte,202005,27.61439,28.47847
7168,PMS - Número-índice com ajuste sazonal (2022=100),Número-índice,11046,24,N3,Unidade da Federação,Rio Grande do Norte,202006,30.97487,37.13533
7168,PMS - Número-índice com ajuste sazonal (2022=100),Número-índice,11046,24,N3,Unidade da Federação,Rio Grande do Norte,202007,12.85592,17.20215
7168,PMS - Número-índice com ajuste sazonal (2022=100),Número-índice,11046,24,N3,Unidade da Federação,Rio Grande do Norte,202008,32.75372,35.53785
7168,PMS - Número-índice com ajuste sazonal (2022=100),Número-índice,11046,24,N3,Unidade da Federação,Rio Grande do Norte,202009,43.28091,51.12947
7168,PMS - Número-índice com ajuste sazonal (2022=100),Número-índice,11046,24,N3,Unidade da Federação,Rio Grande do Norte,202010,49.76135,62.25495
7168,PMS - Número-índice com ajuste sazonal (2022=100),Número-índice,11046,24,N3,Unidade da Federação,Rio Grande do Norte,202011,57.64454,69.56974
7168,PMS - Número-índice com ajuste sazonal (2022=100),Número-índice,11046,24,N3,Unidade da Federação,Rio Grande do Norte,202012,55.88673,72.53432
7168,PMS - Número-índice com ajuste sazonal (2022=100),Número-índice,11046,24,N3,Unidade da Federação,Rio Grande do Norte,202101,51.44409,70.93329
7168,PMS - Número-índice com ajuste sazonal (2022=100),Número-índice,11046,24,N3,Unidade da Federação,Rio Grande do Norte,202102,57.86539,73.21814
7168,PMS - Número-índice com ajuste sazonal (2022=100),Número-índice,11046,24,N3,Unidade da Federação,Rio Grande do Norte,202103,43.43836,54.19814
7168,PMS - Número-índice com ajuste sazonal (2022=100),Número-índice,11046,24,N3,Unidade da Federação,Rio Grande do Norte,202104,43.86755,49.00278
7168,PMS - Número-índice com ajuste sazonal (2022=100),Número-índice,11046,24,N3,Unidade da Federação,Rio Grande do Norte,202105,58.92547,70.01047
7168,PMS - Número-índice com ajuste sazonal (2022=100),Número-índice,11046,24,N3,Unidade da Federação,Rio Grande do Norte,202106,66.23090,86.36378
7168,PMS - Número-índice com ajuste sazonal (2022=100),Número-índice,11046,24,N3,Unidade da Federação,Rio Grande do Norte,202107,70.39884,90.50656
7168,PMS - Número-índice com ajuste sazonal (2022=100),Número-índice,11046,24,N3,Unidade da Federação,Rio Grande do Norte,202108,75.86960,88.94351
7168,PMS - Número-índice com ajuste sazonal (2022=100),Número-índice,11046,24,N3,Unidade da Federação,Rio Grande do Norte,202109,81.77089,89.94473
7168,PMS - Número-índice com ajuste sazonal (2022=100),Número-índice,11046,24,N3,Unidade da Federação,Rio Grande do Norte,202110,86.60959,94.80103
7168,PMS - Número-índice com ajuste sazonal (2022=100),Número-índice,11046,24,N3,Unidade da Federação,Rio Grande do Norte,202111,89.54545,96.59812
7168,PMS - Número-índice com ajuste sazonal (2022=100),Número-índice,11046,24,N3,Unidade da Federação,Rio Grande do Norte,202112,92.76671,100.16798
7168,PMS - Número-índice com ajuste sazonal (2022=100),Número-índice,11046,24,N3,Unidade da Federação,Rio Grande do Norte,202201,91.42821,97.25971
7168,PMS - Número-índice com ajuste sazonal (2022=100),Número-índice,11046,24,N3,Unidade da Federação,Rio Grande do Norte,202202,83.64614,91.09663
7168,PMS - Número-índice com ajuste sazonal (2022=100),Número-índice,11046,24,N3,Unidade da Federação,Rio Grande do Norte,202203,96.88509,101.99894
7168,PMS - Número-índice com ajuste sazonal (2022=100),Número-índice,11046,24,N3,Unidade da Federação,Rio Grande do Norte,202204,98.80105,102.42977
7168,PMS - Número-índice com ajuste sazonal (2022=100),Número-índice,11046,24,N3,Unidade da Federação,Rio Grande do Norte,202205,102.14986,103.17716
7168,PMS - Número-índice com ajuste sazonal (2022=100),Número-índice,11046,24,N3,Unidade da Federação,Rio Grande do Norte,202206,97.86572,99.59770
7168,PMS - Número-índice com ajuste sazonal (2022=100),Número-índice,11046,24,N3,Unidade da Federação,Rio Grande do Norte,202207,106.99671,104.77796
7168,PMS - Número-índice com ajuste sazonal (2022=100),Número-índice,11046,24,N3,Unidade da Federação,Rio Grande do Norte,202208,107.55361,103.43592
7168,PMS - Número-índice com ajuste sazonal (2022=100),Número-índice,11046,24,N3,Unidade da Federação,Rio Grande do Norte,202209,103.90704,100.89189
7168,PMS - Número-índice com ajuste sazonal (2022=100),Número-índice,11046,24,N3,Unidade da Federação,Rio Grande do Norte,202210,105.02947,98.47091
7168,PMS - Número-índice com ajuste sazonal (2022=100),Número-índice,11046,24,N3,Unidade da Federação,Rio Grande do Norte,202211,104.44484,99.78844
7168,PMS - Número-índice com ajuste sazonal (2022=100),Número-índice,11046,24,N3,Unidade da Federação,Rio Grande do Norte,202212,100.99213,98.52422
7168,PMS - Número-índice com ajuste sazonal (2022=100),Número-índice,11046,24,N3,Unidade da Federação,Rio Grande do Norte,202301,118.58453,105.07845
7168,PMS - Número-índice com ajuste sazonal (2022=100),Número-índice,11046,24,N3,Unidade da Federação,Rio Grande do Norte,202302,105.28939,105.23057
7168,PMS - Número-índice com ajuste sazonal (2022=100),Número-índice,11046,24,N3,Unidade da Federação,Rio Grande do Norte,202303,103.42359,103.10186
7168,PMS - Número-índice com ajuste sazonal (2022=100),Número-índice,11046,24,N3,Unidade da Federação,Rio Grande do Norte,202304,105.54920,98.36755
7168,PMS - Número-índice com ajuste sazonal (2022=100),Número-índice,11046,24,N3,Unidade da Federação,Rio Grande do Norte,202305,106.25499,103.48297
7168,PMS - Número-índice com ajuste sazonal (2022=100),Número-índice,11046,24,N3,Unidade da Federação,Rio Grande do Norte,202306,106.90397,102.44472
7168,PMS - Número-índice com ajuste sazonal (2022=100),Número-índice,11046,24,N3,Unidade da Federação,Rio Grande do Norte,202307,103.34472,95.96948
7168,PMS - Número-índice com ajuste sazonal (2022=100),Número-índice,11046,24,N3,Unidade da Federação,Rio Grande do Norte,202308,104.72227,98.53115
7168,PMS - Número-índice com ajuste sazonal (2022=100),Número-índice,11046,24,N3,Unidade da Federação,Rio Grande do Norte,202309,104.85019,97.82788
7168,PMS - Número-índice com ajuste sazonal (2022=100),Número-índice,11046,24,N3,Unidade da Federação,Rio Grande do Norte,202310,104.50039,94.30757
7168,PMS - Número-índice com ajuste sazonal (2022=100),Número-índice,11046,24,N3,Unidade da Federação,Rio Grande do Norte,202311,104.61829,90.07831
7168,PMS - Número-índice com ajuste sazonal (2022=100),Número-índice,11046,24,N3,Unidade da Federação,Rio Grande do Norte,202312,108.49462,92.73181
7168,PMS - Número-índice com ajuste sazonal (2022=100),Número-índice,11046,24,N3,Unidade da Federação,Rio Grande do Norte,202401,116.80042,91.85204
7168,PMS - Número-índice com ajuste sazonal (2022=100),Número-índice,11046,24,N3,Unidade da Federação,Rio Grande do Norte,202402,109.92031,92.45334
7168,PMS - Número-índice com ajuste sazonal (2022=100),Número-índice,11046,24,N3,Unidade da Federação,Rio Grande do Norte,202403,109.89794,93.44755
7168,PMS - Número-índice com ajuste sazonal (2022=100),Número-índice,11046,24,N3,Unidade da Federação,Rio Grande do Norte,202404,110.30125,100.10856
7168,PMS - Número-índice com ajuste sazonal (2022=100),Número-índice,11046,24,N3,Unidade da Federação,Rio Grande do Norte,202405,110.85438,100.20380
7168,PMS - Número-índice com ajuste sazonal (2022=100),Número-índice,11046,24,N3,Unidade da Federação,Rio Grande do Norte,202406,110.78091,101.80993
7168,PMS - Número-índice com ajuste sazonal (2022=100),Número-índice,11046,24,N3,Unidade da Federação,Rio Grande do Norte,202407,114.95932,98.73261
7168,PMS - Número-índice com ajuste sazonal (2022=100),Número-índice,11046,24,N3,Unidade da Federação,Rio Grande do Norte,202408,114.41872,99.50932
7168,PMS - Número-índice com ajuste sazonal (2022=100),Número-índice,11046,24,N3,Unidade da Federação,Rio Grande do Norte,202409,116.19129,100.25106
7168,PMS - Número-índice com ajuste sazonal (2022=100),Número-índice,11046,26,N3,Unidade da Federação,Pernambuco,201101,49.69513,97.17841
7168,PMS - Número-índice com ajuste sazonal (2022=100),Número-índice,11046,26,N3,Unidade da Federação,Pernambuco,201102,51.83834,94.20548
7168,PMS - Número-índice com ajuste sazonal (2022=100),Número-índice,11046,26,N3,Unidade da Federação,Pernambuco,201103,51.94258,89.47541
7168,PMS - Número-índice com ajuste sazonal (2022=100),Número-índice,11046,26,N3,Unidade da Federação,Pernambuco,201104,51.03376,88.16146
7168,PMS - Número-índice com ajuste sazonal (2022=100),Número-índice,11046,26,N3,Unidade da Federação,Pernambuco,201105,53.23885,91.79410
7168,PMS - Número-índice com ajuste sazonal (2022=100),Número-índice,11046,26,N3,Unidade da Federação,Pernambuco,201106,53.80211,90.10150
7168,PMS - Número-índice com ajuste sazonal (2022=100),Número-índice,11046,26,N3,Unidade da Federação,Pernambuco,201107,53.07845,89.26759
7168,PMS - Número-índice com ajuste sazonal (2022=100),Número-índice,11046,26,N3,Unidade da Federação,Pernambuco,201108,56.63854,90.93501
7168,PMS - Número-índice com ajuste sazonal (2022=100),Número-índice,11046,26,N3,Unidade da Federação,Pernambuco,201109,56.34281,88.95268
7168,PMS - Número-índice com ajuste sazonal (2022=100),Número-índice,11046,26,N3,Unidade da Federação,Pernambuco,201110,55.65183,87.91909
7168,PMS - Número-índice com ajuste sazonal (2022=100),Número-índice,11046,26,N3,Unidade da Federação,Pernambuco,201111,55.99405,86.77083
7168,PMS - Número-índice com ajuste sazonal (2022=100),Número-índice,11046,26,N3,Unidade da Federação,Pernambuco,201112,56.98391,90.81088
7168,PMS - Número-índice com ajuste sazonal (2022=100),Número-índice,11046,26,N3,Unidade da Federação,Pernambuco,201201,56.94569,89.20057
7168,PMS - Número-índice com ajuste sazonal (2022=100),Número-índice,11046,26,N3,Unidade da Federação,Pernambuco,201202,56.76060,86.99628
7168,PMS - Número-índice com ajuste sazonal (2022=100),Número-índice,11046,26,N3,Unidade da Federação,Pernambuco,201203,57.85058,88.07117
7168,PMS - Número-índice com ajuste sazonal (2022=100),Número-índice,11046,26,N3,Unidade da Federação,Pernambuco,201204,60.84909,89.82337
7168,PMS - Número-índice com ajuste sazonal (2022=100),Número-índice,11046,26,N3,Unidade da Federação,Pernambuco,201205,59.90042,87.41808
7168,PMS - Número-índice com ajuste sazonal (2022=100),Número-índice,11046,26,N3,Unidade da Federação,Pernambuco,201206,60.27326,90.60653
7168,PMS - Número-índice com ajuste sazonal (2022=100),Número-índice,11046,26,N3,Unidade da Federação,Pernambuco,201207,60.31479,86.92780
7168,PMS - Número-índice com ajuste sazonal (2022=100),Número-índice,11046,26,N3,Unidade da Federação,Pernambuco,201208,59.31139,83.53546
7168,PMS - Número-índice com ajuste sazonal (2022=100),Número-índice,11046,26,N3,Unidade da Federação,Pernambuco,201209,58.95904,88.03065
7168,PMS - Número-índice com ajuste sazonal (2022=100),Número-índice,11046,26,N3,Unidade da Federação,Pernambuco,201210,62.98930,94.77114
7168,PMS - Número-índice com ajuste sazonal (2022=100),Número-índice,11046,26,N3,Unidade da Federação,Pernambuco,201211,61.73110,90.45587
7168,PMS - Número-índice com ajuste sazonal (2022=100),Número-índice,11046,26,N3,Unidade da Federação,Pernambuco,201212,60.63341,89.47548
7168,PMS - Número-índice com ajuste sazonal (2022=100),Número-índice,11046,26,N3,Unidade da Federação,Pernambuco,201301,61.52799,85.92625
7168,PMS - Número-índice com ajuste sazonal (2022=100),Número-índice,11046,26,N3,Unidade da Federação,Pernambuco,201302,62.19365,85.45997
7168,PMS - Número-índice com ajuste sazonal (2022=100),Número-índice,11046,26,N3,Unidade da Federação,Pernambuco,201303,63.05338,90.78176
7168,PMS - Número-índice com ajuste sazonal (2022=100),Número-índice,11046,26,N3,Unidade da Federação,Pernambuco,201304,62.06183,92.83846
7168,PMS - Número-índice com ajuste sazonal (2022=100),Número-índice,11046,26,N3,Unidade da Federação,Pernambuco,201305,63.18626,91.62306
7168,PMS - Número-índice com ajuste sazonal (2022=100),Número-índice,11046,26,N3,Unidade da Federação,Pernambuco,201306,62.77491,90.66832
7168,PMS - Número-índice com ajuste sazonal (2022=100),Número-índice,11046,26,N3,Unidade da Federação,Pernambuco,201307,66.42891,94.02448
7168,PMS - Número-índice com ajuste sazonal (2022=100),Número-índice,11046,26,N3,Unidade da Federação,Pernambuco,201308,65.34822,89.01152
7168,PMS - Número-índice com ajuste sazonal (2022=100),Número-índice,11046,26,N3,Unidade da Federação,Pernambuco,201309,67.45633,90.97317
7168,PMS - Número-índice com ajuste sazonal (2022=100),Número-índice,11046,26,N3,Unidade da Federação,Pernambuco,201310,68.18493,91.42951
7168,PMS - Número-índice com ajuste sazonal (2022=100),Número-índice,11046,26,N3,Unidade da Federação,Pernambuco,201311,68.49319,91.69010
7168,PMS - Número-índice com ajuste sazonal (2022=100),Número-índice,11046,26,N3,Unidade da Federação,Pernambuco,201312,73.54405,99.26852
7168,PMS - Número-índice com ajuste sazonal (2022=100),Número-índice,11046,26,N3,Unidade da Federação,Pernambuco,201401,67.01093,89.50724
7168,PMS - Número-índice com ajuste sazonal (2022=100),Número-índice,11046,26,N3,Unidade da Federação,Pernambuco,201402,68.07004,93.62248
7168,PMS - Número-índice com ajuste sazonal (2022=100),Número-índice,11046,26,N3,Unidade da Federação,Pernambuco,201403,67.82793,85.95916
7168,PMS - Número-índice com ajuste sazonal (2022=100),Número-índice,11046,26,N3,Unidade da Federação,Pernambuco,201404,69.54380,90.12808
7168,PMS - Número-índice com ajuste sazonal (2022=100),Número-índice,11046,26,N3,Unidade da Federação,Pernambuco,201405,68.03327,91.08753
7168,PMS - Número-índice com ajuste sazonal (2022=100),Número-índice,11046,26,N3,Unidade da Federação,Pernambuco,201406,70.03602,89.27152
7168,PMS - Número-índice com ajuste sazonal (2022=100),Número-índice,11046,26,N3,Unidade da Federação,Pernambuco,201407,64.41513,91.16240
7168,PMS - Número-índice com ajuste sazonal (2022=100),Número-índice,11046,26,N3,Unidade da Federação,Pernambuco,201408,68.88051,91.43461
7168,PMS - Número-índice com ajuste sazonal (2022=100),Número-índice,11046,26,N3,Unidade da Federação,Pernambuco,201409,70.92631,90.68866
7168,PMS - Número-índice com ajuste sazonal (2022=100),Número-índice,11046,26,N3,Unidade da Federação,Pernambuco,201410,68.03463,88.42726
7168,PMS - Número-índice com ajuste sazonal (2022=100),Número-índice,11046,26,N3,Unidade da Federação,Pernambuco,201411,66.72014,84.95906
7168,PMS - Número-índice com ajuste sazonal (2022=100),Número-índice,11046,26,N3,Unidade da Federação,Pernambuco,201412,68.28258,85.34946
7168,PMS - Número-índice com ajuste sazonal (2022=100),Número-índice,11046,26,N3,Unidade da Federação,Pernambuco,201501,68.96552,86.82195
7168,PMS - Número-índice com ajuste sazonal (2022=100),Número-índice,11046,26,N3,Unidade da Federação,Pernambuco,201502,68.35547,86.62346
7168,PMS - Número-índice com ajuste sazonal (2022=100),Número-índice,11046,26,N3,Unidade da Federação,Pernambuco,201503,66.06622,87.06927
7168,PMS - Número-índice com ajuste sazonal (2022=100),Número-índice,11046,26,N3,Unidade da Federação,Pernambuco,201504,66.78593,83.90428
7168,PMS - Número-índice com ajuste sazonal (2022=100),Número-índice,11046,26,N3,Unidade da Federação,Pernambuco,201505,67.56636,86.06361
7168,PMS - Número-índice com ajuste sazonal (2022=100),Número-índice,11046,26,N3,Unidade da Federação,Pernambuco,201506,66.47470,83.76640
7168,PMS - Número-índice com ajuste sazonal (2022=100),Número-índice,11046,26,N3,Unidade da Federação,Pernambuco,201507,67.22769,82.66214
7168,PMS - Número-índice com ajuste sazonal (2022=100),Número-índice,11046,26,N3,Unidade da Federação,Pernambuco,201508,67.53928,89.05059
7168,PMS - Número-índice com ajuste sazonal (2022=100),Número-índice,11046,26,N3,Unidade da Federação,Pernambuco,201509,65.98879,85.00730
7168,PMS - Número-índice com ajuste sazonal (2022=100),Número-índice,11046,26,N3,Unidade da Federação,Pernambuco,201510,64.78595,83.88511
7168,PMS - Número-índice com ajuste sazonal (2022=100),Número-índice,11046,26,N3,Unidade da Federação,Pernambuco,201511,66.13703,86.42112
7168,PMS - Número-índice com ajuste sazonal (2022=100),Número-índice,11046,26,N3,Unidade da Federação,Pernambuco,201512,63.16395,82.61302
7168,PMS - Número-índice com ajuste sazonal (2022=100),Número-índice,11046,26,N3,Unidade da Federação,Pernambuco,201601,63.32647,82.53226
7168,PMS - Número-índice com ajuste sazonal (2022=100),Número-índice,11046,26,N3,Unidade da Federação,Pernambuco,201602,67.45452,91.90455
7168,PMS - Número-índice com ajuste sazonal (2022=100),Número-índice,11046,26,N3,Unidade da Federação,Pernambuco,201603,66.32120,88.04152
7168,PMS - Número-índice com ajuste sazonal (2022=100),Número-índice,11046,26,N3,Unidade da Federação,Pernambuco,201604,64.59700,88.57406
7168,PMS - Número-índice com ajuste sazonal (2022=100),Número-índice,11046,26,N3,Unidade da Federação,Pernambuco,201605,65.48001,85.41229
7168,PMS - Número-índice com ajuste sazonal (2022=100),Número-índice,11046,26,N3,Unidade da Federação,Pernambuco,201606,65.84986,88.31913
7168,PMS - Número-índice com ajuste sazonal (2022=100),Número-índice,11046,26,N3,Unidade da Federação,Pernambuco,201607,66.48250,86.95717
7168,PMS - Número-índice com ajuste sazonal (2022=100),Número-índice,11046,26,N3,Unidade da Federação,Pernambuco,201608,65.79647,82.68693
7168,PMS - Número-índice com ajuste sazonal (2022=100),Número-índice,11046,26,N3,Unidade da Federação,Pernambuco,201609,65.97061,87.76378
7168,PMS - Número-índice com ajuste sazonal (2022=100),Número-índice,11046,26,N3,Unidade da Federação,Pernambuco,201610,68.57132,95.78076
7168,PMS - Número-índice com ajuste sazonal (2022=100),Número-índice,11046,26,N3,Unidade da Federação,Pernambuco,201611,67.88340,89.25556
7168,PMS - Número-índice com ajuste sazonal (2022=100),Número-índice,11046,26,N3,Unidade da Federação,Pernambuco,201612,66.97172,89.91317
7168,PMS - Número-índice com ajuste sazonal (2022=100),Número-índice,11046,26,N3,Unidade da Federação,Pernambuco,201701,76.98770,97.99079
7168,PMS - Número-índice com ajuste sazonal (2022=100),Número-índice,11046,26,N3,Unidade da Federação,Pernambuco,201702,74.09877,90.03328
7168,PMS - Número-índice com ajuste sazonal (2022=100),Número-índice,11046,26,N3,Unidade da Federação,Pernambuco,201703,76.09637,90.48383
7168,PMS - Número-índice com ajuste sazonal (2022=100),Número-índice,11046,26,N3,Unidade da Federação,Pernambuco,201704,77.71579,92.85147
7168,PMS - Número-índice com ajuste sazonal (2022=100),Número-índice,11046,26,N3,Unidade da Federação,Pernambuco,201705,78.66995,94.92374
7168,PMS - Número-índice com ajuste sazonal (2022=100),Número-índice,11046,26,N3,Unidade da Federação,Pernambuco,201706,79.53396,95.58401
7168,PMS - Número-índice com ajuste sazonal (2022=100),Número-índice,11046,26,N3,Unidade da Federação,Pernambuco,201707,78.01557,99.12948
7168,PMS - Número-índice com ajuste sazonal (2022=100),Número-índice,11046,26,N3,Unidade da Federação,Pernambuco,201708,74.11721,85.73856
7168,PMS - Número-índice com ajuste sazonal (2022=100),Número-índice,11046,26,N3,Unidade da Federação,Pernambuco,201709,79.58597,93.76660
7168,PMS - Número-índice com ajuste sazonal (2022=100),Número-índice,11046,26,N3,Unidade da Federação,Pernambuco,201710,80.44823,97.71836
7168,PMS - Número-índice com ajuste sazonal (2022=100),Número-índice,11046,26,N3,Unidade da Federação,Pernambuco,201711,80.86018,100.50869
7168,PMS - Número-índice com ajuste sazonal (2022=100),Número-índice,11046,26,N3,Unidade da Federação,Pernambuco,201712,82.07976,104.95084
7168,PMS - Número-índice com ajuste sazonal (2022=100),Número-índice,11046,26,N3,Unidade da Federação,Pernambuco,201801,81.36014,101.02858
7168,PMS - Número-índice com ajuste sazonal (2022=100),Número-índice,11046,26,N3,Unidade da Federação,Pernambuco,201802,82.15379,95.25147
7168,PMS - Número-índice com ajuste sazonal (2022=100),Número-índice,11046,26,N3,Unidade da Federação,Pernambuco,201803,81.67766,98.38709
7168,PMS - Número-índice com ajuste sazonal (2022=100),Número-índice,11046,26,N3,Unidade da Federação,Pernambuco,201804,82.46697,97.64881
7168,PMS - Número-índice com ajuste sazonal (2022=100),Número-índice,11046,26,N3,Unidade da Federação,Pernambuco,201805,81.59604,95.92629
7168,PMS - Número-índice com ajuste sazonal (2022=100),Número-índice,11046,26,N3,Unidade da Federação,Pernambuco,201806,81.53076,96.85360
7168,PMS - Número-índice com ajuste sazonal (2022=100),Número-índice,11046,26,N3,Unidade da Federação,Pernambuco,201807,83.90736,97.19643
7168,PMS - Número-índice com ajuste sazonal (2022=100),Número-índice,11046,26,N3,Unidade da Federação,Pernambuco,201808,84.13801,101.49602
7168,PMS - Número-índice com ajuste sazonal (2022=100),Número-índice,11046,26,N3,Unidade da Federação,Pernambuco,201809,86.13743,101.63996
7168,PMS - Número-índice com ajuste sazonal (2022=100),Número-índice,11046,26,N3,Unidade da Federação,Pernambuco,201810,84.35742,102.55971
7168,PMS - Número-índice com ajuste sazonal (2022=100),Número-índice,11046,26,N3,Unidade da Federação,Pernambuco,201811,87.38742,102.93939
7168,PMS - Número-índice com ajuste sazonal (2022=100),Número-índice,11046,26,N3,Unidade da Federação,Pernambuco,201812,86.31756,103.49881
7168,PMS - Número-índice com ajuste sazonal (2022=100),Número-índice,11046,26,N3,Unidade da Federação,Pernambuco,201901,86.43308,101.59357
7168,PMS - Número-índice com ajuste sazonal (2022=100),Número-índice,11046,26,N3,Unidade da Federação,Pernambuco,201902,86.51919,99.01764
7168,PMS - Número-índice com ajuste sazonal (2022=100),Número-índice,11046,26,N3,Unidade da Federação,Pernambuco,201903,87.69311,98.71161
7168,PMS - Número-índice com ajuste sazonal (2022=100),Número-índice,11046,26,N3,Unidade da Federação,Pernambuco,201904,89.19932,98.00383
7168,PMS - Número-índice com ajuste sazonal (2022=100),Número-índice,11046,26,N3,Unidade da Federação,Pernambuco,201905,88.98836,101.48788
7168,PMS - Número-índice com ajuste sazonal (2022=100),Número-índice,11046,26,N3,Unidade da Federação,Pernambuco,201906,91.07810,103.32548
7168,PMS - Número-índice com ajuste sazonal (2022=100),Número-índice,11046,26,N3,Unidade da Federação,Pernambuco,201907,90.68002,101.75811
7168,PMS - Número-índice com ajuste sazonal (2022=100),Número-índice,11046,26,N3,Unidade da Federação,Pernambuco,201908,87.59934,100.71094
7168,PMS - Número-índice com ajuste sazonal (2022=100),Número-índice,11046,26,N3,Unidade da Federação,Pernambuco,201909,86.02049,99.98032
7168,PMS - Número-índice com ajuste sazonal (2022=100),Número-índice,11046,26,N3,Unidade da Federação,Pernambuco,201910,83.83429,103.48310
7168,PMS - Número-índice com ajuste sazonal (2022=100),Número-índice,11046,26,N3,Unidade da Federação,Pernambuco,201911,82.05690,97.20718
7168,PMS - Número-índice com ajuste sazonal (2022=100),Número-índice,11046,26,N3,Unidade da Federação,Pernambuco,201912,83.70021,99.62017
7168,PMS - Número-índice com ajuste sazonal (2022=100),Número-índice,11046,26,N3,Unidade da Federação,Pernambuco,202001,86.02159,103.68524
7168,PMS - Número-índice com ajuste sazonal (2022=100),Número-índice,11046,26,N3,Unidade da Federação,Pernambuco,202002,86.98907,102.02648
7168,PMS - Número-índice com ajuste sazonal (2022=100),Número-índice,11046,26,N3,Unidade da Federação,Pernambuco,202003,59.01808,69.27045
7168,PMS - Número-índice com ajuste sazonal (2022=100),Número-índice,11046,26,N3,Unidade da Federação,Pernambuco,202004,30.01248,30.85823
7168,PMS - Número-índice com ajuste sazonal (2022=100),Número-índice,11046,26,N3,Unidade da Federação,Pernambuco,202005,32.15196,35.18299
7168,PMS - Número-índice com ajuste sazonal (2022=100),Número-índice,11046,26,N3,Unidade da Federação,Pernambuco,202006,33.42173,37.46394
7168,PMS - Número-índice com ajuste sazonal (2022=100),Número-índice,11046,26,N3,Unidade da Federação,Pernambuco,202007,25.28075,35.24877
7168,PMS - Número-índice com ajuste sazonal (2022=100),Número-índice,11046,26,N3,Unidade da Federação,Pernambuco,202008,34.63917,43.19096
7168,PMS - Número-índice com ajuste sazonal (2022=100),Número-índice,11046,26,N3,Unidade da Federação,Pernambuco,202009,40.88467,51.39825
7168,PMS - Número-índice com ajuste sazonal (2022=100),Número-índice,11046,26,N3,Unidade da Federação,Pernambuco,202010,49.19450,66.76391
7168,PMS - Número-índice com ajuste sazonal (2022=100),Número-índice,11046,26,N3,Unidade da Federação,Pernambuco,202011,61.70150,80.98941
7168,PMS - Número-índice com ajuste sazonal (2022=100),Número-índice,11046,26,N3,Unidade da Federação,Pernambuco,202012,62.24837,78.11945
7168,PMS - Número-índice com ajuste sazonal (2022=100),Número-índice,11046,26,N3,Unidade da Federação,Pernambuco,202101,54.55685,74.00746
7168,PMS - Número-índice com ajuste sazonal (2022=100),Número-índice,11046,26,N3,Unidade da Federação,Pernambuco,202102,70.47628,80.40284
7168,PMS - Número-índice com ajuste sazonal (2022=100),Número-índice,11046,26,N3,Unidade da Federação,Pernambuco,202103,57.66093,62.46022
7168,PMS - Número-índice com ajuste sazonal (2022=100),Número-índice,11046,26,N3,Unidade da Federação,Pernambuco,202104,58.44774,62.90580
7168,PMS - Número-índice com ajuste sazonal (2022=100),Número-índice,11046,26,N3,Unidade da Federação,Pernambuco,202105,65.03801,80.40972
7168,PMS - Número-índice com ajuste sazonal (2022=100),Número-índice,11046,26,N3,Unidade da Federação,Pernambuco,202106,69.65477,87.44080
7168,PMS - Número-índice com ajuste sazonal (2022=100),Número-índice,11046,26,N3,Unidade da Federação,Pernambuco,202107,72.06381,93.63196
7168,PMS - Número-índice com ajuste sazonal (2022=100),Número-índice,11046,26,N3,Unidade da Federação,Pernambuco,202108,78.46677,99.12829
7168,PMS - Número-índice com ajuste sazonal (2022=100),Número-índice,11046,26,N3,Unidade da Federação,Pernambuco,202109,85.29327,96.55188
7168,PMS - Número-índice com ajuste sazonal (2022=100),Número-índice,11046,26,N3,Unidade da Federação,Pernambuco,202110,84.90378,95.25034
7168,PMS - Número-índice com ajuste sazonal (2022=100),Número-índice,11046,26,N3,Unidade da Federação,Pernambuco,202111,92.31393,101.94971
7168,PMS - Número-índice com ajuste sazonal (2022=100),Número-índice,11046,26,N3,Unidade da Federação,Pernambuco,202112,90.56254,101.13103
7168,PMS - Número-índice com ajuste sazonal (2022=100),Número-índice,11046,26,N3,Unidade da Federação,Pernambuco,202201,88.85852,101.08583
7168,PMS - Número-índice com ajuste sazonal (2022=100),Número-índice,11046,26,N3,Unidade da Federação,Pernambuco,202202,88.13955,91.35641
7168,PMS - Número-índice com ajuste sazonal (2022=100),Número-índice,11046,26,N3,Unidade da Federação,Pernambuco,202203,96.62824,100.79803
7168,PMS - Número-índice com ajuste sazonal (2022=100),Número-índice,11046,26,N3,Unidade da Federação,Pernambuco,202204,100.87904,104.73346
7168,PMS - Número-índice com ajuste sazonal (2022=100),Número-índice,11046,26,N3,Unidade da Federação,Pernambuco,202205,102.24071,101.22843
7168,PMS - Número-índice com ajuste sazonal (2022=100),Número-índice,11046,26,N3,Unidade da Federação,Pernambuco,202206,98.56470,94.41300
7168,PMS - Número-índice com ajuste sazonal (2022=100),Número-índice,11046,26,N3,Unidade da Federação,Pernambuco,202207,102.83724,100.07318
7168,PMS - Número-índice com ajuste sazonal (2022=100),Número-índice,11046,26,N3,Unidade da Federação,Pernambuco,202208,105.61417,103.44911
7168,PMS - Número-índice com ajuste sazonal (2022=100),Número-índice,11046,26,N3,Unidade da Federação,Pernambuco,202209,105.87572,105.22563
7168,PMS - Número-índice com ajuste sazonal (2022=100),Número-índice,11046,26,N3,Unidade da Federação,Pernambuco,202210,105.55524,102.83389
7168,PMS - Número-índice com ajuste sazonal (2022=100),Número-índice,11046,26,N3,Unidade da Federação,Pernambuco,202211,104.90849,98.50591
7168,PMS - Número-índice com ajuste sazonal (2022=100),Número-índice,11046,26,N3,Unidade da Federação,Pernambuco,202212,103.12813,97.71589
7168,PMS - Número-índice com ajuste sazonal (2022=100),Número-índice,11046,26,N3,Unidade da Federação,Pernambuco,202301,110.42850,100.68453
7168,PMS - Número-índice com ajuste sazonal (2022=100),Número-índice,11046,26,N3,Unidade da Federação,Pernambuco,202302,110.85219,102.21702
7168,PMS - Número-índice com ajuste sazonal (2022=100),Número-índice,11046,26,N3,Unidade da Federação,Pernambuco,202303,109.82742,99.26807
7168,PMS - Número-índice com ajuste sazonal (2022=100),Número-índice,11046,26,N3,Unidade da Federação,Pernambuco,202304,110.54424,97.49723
7168,PMS - Número-índice com ajuste sazonal (2022=100),Número-índice,11046,26,N3,Unidade da Federação,Pernambuco,202305,110.45153,102.95046
7168,PMS - Número-índice com ajuste sazonal (2022=100),Número-índice,11046,26,N3,Unidade da Federação,Pernambuco,202306,111.94001,104.48536
7168,PMS - Número-índice com ajuste sazonal (2022=100),Número-índice,11046,26,N3,Unidade da Federação,Pernambuco,202307,112.98741,108.26271
7168,PMS - Número-índice com ajuste sazonal (2022=100),Número-índice,11046,26,N3,Unidade da Federação,Pernambuco,202308,110.35517,100.19584
7168,PMS - Número-índice com ajuste sazonal (2022=100),Número-índice,11046,26,N3,Unidade da Federação,Pernambuco,202309,112.51623,100.96999
7168,PMS - Número-índice com ajuste sazonal (2022=100),Número-índice,11046,26,N3,Unidade da Federação,Pernambuco,202310,115.34194,104.25534
7168,PMS - Número-índice com ajuste sazonal (2022=100),Número-índice,11046,26,N3,Unidade da Federação,Pernambuco,202311,116.62487,99.92399
7168,PMS - Número-índice com ajuste sazonal (2022=100),Número-índice,11046,26,N3,Unidade da Federação,Pernambuco,202312,118.73630,103.34239
7168,PMS - Número-índice com ajuste sazonal (2022=100),Número-índice,11046,26,N3,Unidade da Federação,Pernambuco,202401,126.57838,106.47856
7168,PMS - Número-índice com ajuste sazonal (2022=100),Número-índice,11046,26,N3,Unidade da Federação,Pernambuco,202402,120.64138,104.45102
7168,PMS - Número-índice com ajuste sazonal (2022=100),Número-índice,11046,26,N3,Unidade da Federação,Pernambuco,202403,122.00189,105.01532
7168,PMS - Número-índice com ajuste sazonal (2022=100),Número-índice,11046,26,N3,Unidade da Federação,Pernambuco,202404,119.94833,105.20256
7168,PMS - Número-índice com ajuste sazonal (2022=100),Número-índice,11046,26,N3,Unidade da Federação,Pernambuco,202405,120.78962,105.61666
7168,PMS - Número-índice com ajuste sazonal (2022=100),Número-índice,11046,26,N3,Unidade da Federação,Pernambuco,202406,122.23966,107.89005
7168,PMS - Número-índice com ajuste sazonal (2022=100),Número-índice,11046,26,N3,Unidade da Federação,Pernambuco,202407,123.32742,104.66183
7168,PMS - Número-índice com ajuste sazonal (2022=100),Número-índice,11046,26,N3,Unidade da Federação,Pernambuco,202408,123.60274,103.68108
7168,PMS - Número-índice com ajuste sazonal (2022=100),Número-índice,11046,26,N3,Unidade da Federação,Pernambuco,202409,122.98546,101.65738
7168,PMS - Número-índice com ajuste sazonal (2022=100),Número-índice,11046,27,N3,Unidade da Federação,Alagoas,201101,25.53496,47.42919
7168,PMS - Número-índice com ajuste sazonal (2022=100),Número-índice,11046,27,N3,Unidade da Federação,Alagoas,201102,33.95292,52.97553
7168,PMS - Número-índice com ajuste sazonal (2022=100),Número-índice,11046,27,N3,Unidade da Federação,Alagoas,201103,35.80016,51.69232
7168,PMS - Número-índice com ajuste sazonal (2022=100),Número-índice,11046,27,N3,Unidade da Federação,Alagoas,201104,35.70153,50.73655
7168,PMS - Número-índice com ajuste sazonal (2022=100),Número-índice,11046,27,N3,Unidade da Federação,Alagoas,201105,36.04601,49.63586
7168,PMS - Número-índice com ajuste sazonal (2022=100),Número-índice,11046,27,N3,Unidade da Federação,Alagoas,201106,35.74921,49.13084
7168,PMS - Número-índice com ajuste sazonal (2022=100),Número-índice,11046,27,N3,Unidade da Federação,Alagoas,201107,36.03023,48.91399
7168,PMS - Número-índice com ajuste sazonal (2022=100),Número-índice,11046,27,N3,Unidade da Federação,Alagoas,201108,37.22113,46.73227
7168,PMS - Número-índice com ajuste sazonal (2022=100),Número-índice,11046,27,N3,Unidade da Federação,Alagoas,201109,38.33562,49.11941
7168,PMS - Número-índice com ajuste sazonal (2022=100),Número-índice,11046,27,N3,Unidade da Federação,Alagoas,201110,38.70423,48.78692
7168,PMS - Número-índice com ajuste sazonal (2022=100),Número-índice,11046,27,N3,Unidade da Federação,Alagoas,201111,38.33223,47.05909
7168,PMS - Número-índice com ajuste sazonal (2022=100),Número-índice,11046,27,N3,Unidade da Federação,Alagoas,201112,38.58740,50.13823
7168,PMS - Número-índice com ajuste sazonal (2022=100),Número-índice,11046,27,N3,Unidade da Federação,Alagoas,201201,37.36228,49.73151
7168,PMS - Número-índice com ajuste sazonal (2022=100),Número-índice,11046,27,N3,Unidade da Federação,Alagoas,201202,38.33306,47.05991
7168,PMS - Número-índice com ajuste sazonal (2022=100),Número-índice,11046,27,N3,Unidade da Federação,Alagoas,201203,38.08970,46.83471
7168,PMS - Número-índice com ajuste sazonal (2022=100),Número-índice,11046,27,N3,Unidade da Federação,Alagoas,201204,40.09335,46.82435
7168,PMS - Número-índice com ajuste sazonal (2022=100),Número-índice,11046,27,N3,Unidade da Federação,Alagoas,201205,40.56010,46.95396
7168,PMS - Número-índice com ajuste sazonal (2022=100),Número-índice,11046,27,N3,Unidade da Federação,Alagoas,201206,41.61511,51.02010
7168,PMS - Número-índice com ajuste sazonal (2022=100),Número-índice,11046,27,N3,Unidade da Federação,Alagoas,201207,41.55996,48.95752
7168,PMS - Número-índice com ajuste sazonal (2022=100),Número-índice,11046,27,N3,Unidade da Federação,Alagoas,201208,39.29202,43.77291
7168,PMS - Número-índice com ajuste sazonal (2022=100),Número-índice,11046,27,N3,Unidade da Federação,Alagoas,201209,40.72825,48.67053
7168,PMS - Número-índice com ajuste sazonal (2022=100),Número-índice,11046,27,N3,Unidade da Federação,Alagoas,201210,41.47251,50.65778
7168,PMS - Número-índice com ajuste sazonal (2022=100),Número-índice,11046,27,N3,Unidade da Federação,Alagoas,201211,48.42140,57.94381
7168,PMS - Número-índice com ajuste sazonal (2022=100),Número-índice,11046,27,N3,Unidade da Federação,Alagoas,201212,45.21294,55.02509
7168,PMS - Número-índice com ajuste sazonal (2022=100),Número-índice,11046,27,N3,Unidade da Federação,Alagoas,201301,43.79163,52.04267
7168,PMS - Número-índice com ajuste sazonal (2022=100),Número-índice,11046,27,N3,Unidade da Federação,Alagoas,201302,44.59008,52.82715
7168,PMS - Número-índice com ajuste sazonal (2022=100),Número-índice,11046,27,N3,Unidade da Federação,Alagoas,201303,44.53990,53.05103
7168,PMS - Número-índice com ajuste sazonal (2022=100),Número-índice,11046,27,N3,Unidade da Federação,Alagoas,201304,44.72272,55.35650
7168,PMS - Número-índice com ajuste sazonal (2022=100),Número-índice,11046,27,N3,Unidade da Federação,Alagoas,201305,46.58512,56.32195
7168,PMS - Número-índice com ajuste sazonal (2022=100),Número-índice,11046,27,N3,Unidade da Federação,Alagoas,201306,49.11837,59.40073
7168,PMS - Número-índice com ajuste sazonal (2022=100),Número-índice,11046,27,N3,Unidade da Federação,Alagoas,201307,52.99091,62.65655
7168,PMS - Número-índice com ajuste sazonal (2022=100),Número-índice,11046,27,N3,Unidade da Federação,Alagoas,201308,51.52121,59.03960
7168,PMS - Número-índice com ajuste sazonal (2022=100),Número-índice,11046,27,N3,Unidade da Federação,Alagoas,201309,50.68127,56.62824
7168,PMS - Número-índice com ajuste sazonal (2022=100),Número-índice,11046,27,N3,Unidade da Federação,Alagoas,201310,52.12298,57.41110
7168,PMS - Número-índice com ajuste sazonal (2022=100),Número-índice,11046,27,N3,Unidade da Federação,Alagoas,201311,51.79029,56.22952
7168,PMS - Número-índice com ajuste sazonal (2022=100),Número-índice,11046,27,N3,Unidade da Federação,Alagoas,201312,51.93899,57.01815
7168,PMS - Número-índice com ajuste sazonal (2022=100),Número-índice,11046,27,N3,Unidade da Federação,Alagoas,201401,55.46837,60.81352
7168,PMS - Número-índice com ajuste sazonal (2022=100),Número-índice,11046,27,N3,Unidade da Federação,Alagoas,201402,51.17612,60.40851
7168,PMS - Número-índice com ajuste sazonal (2022=100),Número-índice,11046,27,N3,Unidade da Federação,Alagoas,201403,56.16310,59.85398
7168,PMS - Número-índice com ajuste sazonal (2022=100),Número-índice,11046,27,N3,Unidade da Federação,Alagoas,201404,58.71416,65.22402
7168,PMS - Número-índice com ajuste sazonal (2022=100),Número-índice,11046,27,N3,Unidade da Federação,Alagoas,201405,55.73275,64.38582
7168,PMS - Número-índice com ajuste sazonal (2022=100),Número-índice,11046,27,N3,Unidade da Federação,Alagoas,201406,47.23695,52.70505
7168,PMS - Número-índice com ajuste sazonal (2022=100),Número-índice,11046,27,N3,Unidade da Federação,Alagoas,201407,50.59224,63.48032
7168,PMS - Número-índice com ajuste sazonal (2022=100),Número-índice,11046,27,N3,Unidade da Federação,Alagoas,201408,55.07063,65.13587
7168,PMS - Número-índice com ajuste sazonal (2022=100),Número-índice,11046,27,N3,Unidade da Federação,Alagoas,201409,56.13765,65.85968
7168,PMS - Número-índice com ajuste sazonal (2022=100),Número-índice,11046,27,N3,Unidade da Federação,Alagoas,201410,52.26920,61.66476
7168,PMS - Número-índice com ajuste sazonal (2022=100),Número-índice,11046,27,N3,Unidade da Federação,Alagoas,201411,55.20605,63.47165
7168,PMS - Número-índice com ajuste sazonal (2022=100),Número-índice,11046,27,N3,Unidade da Federação,Alagoas,201412,54.94643,59.14015
7168,PMS - Número-índice com ajuste sazonal (2022=100),Número-índice,11046,27,N3,Unidade da Federação,Alagoas,201501,55.05035,58.39655
7168,PMS - Número-índice com ajuste sazonal (2022=100),Número-índice,11046,27,N3,Unidade da Federação,Alagoas,201502,51.36004,56.42378
7168,PMS - Número-índice com ajuste sazonal (2022=100),Número-índice,11046,27,N3,Unidade da Federação,Alagoas,201503,55.15952,63.19667
7168,PMS - Número-índice com ajuste sazonal (2022=100),Número-índice,11046,27,N3,Unidade da Federação,Alagoas,201504,55.04278,60.70606
7168,PMS - Número-índice com ajuste sazonal (2022=100),Número-índice,11046,27,N3,Unidade da Federação,Alagoas,201505,57.80414,65.38305
7168,PMS - Número-índice com ajuste sazonal (2022=100),Número-índice,11046,27,N3,Unidade da Federação,Alagoas,201506,56.23403,65.15688
7168,PMS - Número-índice com ajuste sazonal (2022=100),Número-índice,11046,27,N3,Unidade da Federação,Alagoas,201507,55.57832,63.47477
7168,PMS - Número-índice com ajuste sazonal (2022=100),Número-índice,11046,27,N3,Unidade da Federação,Alagoas,201508,56.67536,67.95868
7168,PMS - Número-índice com ajuste sazonal (2022=100),Número-índice,11046,27,N3,Unidade da Federação,Alagoas,201509,56.63982,66.26114
7168,PMS - Número-índice com ajuste sazonal (2022=100),Número-índice,11046,27,N3,Unidade da Federação,Alagoas,201510,58.12124,68.08266
7168,PMS - Número-índice com ajuste sazonal (2022=100),Número-índice,11046,27,N3,Unidade da Federação,Alagoas,201511,56.78626,66.03004
7168,PMS - Número-índice com ajuste sazonal (2022=100),Número-índice,11046,27,N3,Unidade da Federação,Alagoas,201512,55.05800,62.36217
7168,PMS - Número-índice com ajuste sazonal (2022=100),Número-índice,11046,27,N3,Unidade da Federação,Alagoas,201601,56.85380,62.87924
7168,PMS - Número-índice com ajuste sazonal (2022=100),Número-índice,11046,27,N3,Unidade da Federação,Alagoas,201602,57.11807,67.00386
7168,PMS - Número-índice com ajuste sazonal (2022=100),Número-índice,11046,27,N3,Unidade da Federação,Alagoas,201603,54.30472,63.42067
7168,PMS - Número-índice com ajuste sazonal (2022=100),Número-índice,11046,27,N3,Unidade da Federação,Alagoas,201604,55.16028,65.03933
7168,PMS - Número-índice com ajuste sazonal (2022=100),Número-índice,11046,27,N3,Unidade da Federação,Alagoas,201605,55.99600,64.29233
7168,PMS - Número-índice com ajuste sazonal (2022=100),Número-índice,11046,27,N3,Unidade da Federação,Alagoas,201606,56.96709,66.38765
7168,PMS - Número-índice com ajuste sazonal (2022=100),Número-índice,11046,27,N3,Unidade da Federação,Alagoas,201607,56.18116,63.89173
7168,PMS - Número-índice com ajuste sazonal (2022=100),Número-índice,11046,27,N3,Unidade da Federação,Alagoas,201608,57.92280,64.98662
7168,PMS - Número-índice com ajuste sazonal (2022=100),Número-índice,11046,27,N3,Unidade da Federação,Alagoas,201609,57.41766,67.21092
7168,PMS - Número-índice com ajuste sazonal (2022=100),Número-índice,11046,27,N3,Unidade da Federação,Alagoas,201610,58.77694,72.20012
7168,PMS - Número-índice com ajuste sazonal (2022=100),Número-índice,11046,27,N3,Unidade da Federação,Alagoas,201611,59.56292,70.77061
7168,PMS - Número-índice com ajuste sazonal (2022=100),Número-índice,11046,27,N3,Unidade da Federação,Alagoas,201612,59.08691,68.97090
7168,PMS - Número-índice com ajuste sazonal (2022=100),Número-índice,11046,27,N3,Unidade da Federação,Alagoas,201701,58.85266,71.60582
7168,PMS - Número-índice com ajuste sazonal (2022=100),Número-índice,11046,27,N3,Unidade da Federação,Alagoas,201702,60.91717,72.93555
7168,PMS - Número-índice com ajuste sazonal (2022=100),Número-índice,11046,27,N3,Unidade da Federação,Alagoas,201703,62.44724,73.28076
7168,PMS - Número-índice com ajuste sazonal (2022=100),Número-índice,11046,27,N3,Unidade da Federação,Alagoas,201704,59.52817,68.75573
7168,PMS - Número-índice com ajuste sazonal (2022=100),Número-índice,11046,27,N3,Unidade da Federação,Alagoas,201705,60.45526,70.80007
7168,PMS - Número-índice com ajuste sazonal (2022=100),Número-índice,11046,27,N3,Unidade da Federação,Alagoas,201706,58.95300,68.46828
7168,PMS - Número-índice com ajuste sazonal (2022=100),Número-índice,11046,27,N3,Unidade da Federação,Alagoas,201707,59.79746,72.41258
7168,PMS - Número-índice com ajuste sazonal (2022=100),Número-índice,11046,27,N3,Unidade da Federação,Alagoas,201708,57.35089,64.23408
7168,PMS - Número-índice com ajuste sazonal (2022=100),Número-índice,11046,27,N3,Unidade da Federação,Alagoas,201709,63.79561,71.45216
7168,PMS - Número-índice com ajuste sazonal (2022=100),Número-índice,11046,27,N3,Unidade da Federação,Alagoas,201710,60.73758,70.31120
7168,PMS - Número-índice com ajuste sazonal (2022=100),Número-índice,11046,27,N3,Unidade da Federação,Alagoas,201711,60.38047,71.81818
7168,PMS - Número-índice com ajuste sazonal (2022=100),Número-índice,11046,27,N3,Unidade da Federação,Alagoas,201712,58.89600,72.07372
7168,PMS - Número-índice com ajuste sazonal (2022=100),Número-índice,11046,27,N3,Unidade da Federação,Alagoas,201801,59.37475,72.60850
7168,PMS - Número-índice com ajuste sazonal (2022=100),Número-índice,11046,27,N3,Unidade da Federação,Alagoas,201802,63.25450,74.10333
7168,PMS - Número-índice com ajuste sazonal (2022=100),Número-índice,11046,27,N3,Unidade da Federação,Alagoas,201803,61.40673,72.95053
7168,PMS - Número-índice com ajuste sazonal (2022=100),Número-índice,11046,27,N3,Unidade da Federação,Alagoas,201804,63.27475,74.71008
7168,PMS - Número-índice com ajuste sazonal (2022=100),Número-índice,11046,27,N3,Unidade da Federação,Alagoas,201805,62.39591,73.22543
7168,PMS - Número-índice com ajuste sazonal (2022=100),Número-índice,11046,27,N3,Unidade da Federação,Alagoas,201806,63.95527,73.83890
7168,PMS - Número-índice com ajuste sazonal (2022=100),Número-índice,11046,27,N3,Unidade da Federação,Alagoas,201807,66.10656,75.56259
7168,PMS - Número-índice com ajuste sazonal (2022=100),Número-índice,11046,27,N3,Unidade da Federação,Alagoas,201808,65.35634,75.82334
7168,PMS - Número-índice com ajuste sazonal (2022=100),Número-índice,11046,27,N3,Unidade da Federação,Alagoas,201809,68.20102,77.89360
7168,PMS - Número-índice com ajuste sazonal (2022=100),Número-índice,11046,27,N3,Unidade da Federação,Alagoas,201810,65.53023,76.92862
7168,PMS - Número-índice com ajuste sazonal (2022=100),Número-índice,11046,27,N3,Unidade da Federação,Alagoas,201811,64.75138,74.91466
7168,PMS - Número-índice com ajuste sazonal (2022=100),Número-índice,11046,27,N3,Unidade da Federação,Alagoas,201812,66.34770,76.38918
7168,PMS - Número-índice com ajuste sazonal (2022=100),Número-índice,11046,27,N3,Unidade da Federação,Alagoas,201901,65.05434,76.04017
7168,PMS - Número-índice com ajuste sazonal (2022=100),Número-índice,11046,27,N3,Unidade da Federação,Alagoas,201902,59.14148,72.09115
7168,PMS - Número-índice com ajuste sazonal (2022=100),Número-índice,11046,27,N3,Unidade da Federação,Alagoas,201903,62.67943,73.25205
7168,PMS - Número-índice com ajuste sazonal (2022=100),Número-índice,11046,27,N3,Unidade da Federação,Alagoas,201904,64.67219,72.73316
7168,PMS - Número-índice com ajuste sazonal (2022=100),Número-índice,11046,27,N3,Unidade da Federação,Alagoas,201905,66.68959,76.20849
7168,PMS - Número-índice com ajuste sazonal (2022=100),Número-índice,11046,27,N3,Unidade da Federação,Alagoas,201906,66.33157,74.29369
7168,PMS - Número-índice com ajuste sazonal (2022=100),Número-índice,11046,27,N3,Unidade da Federação,Alagoas,201907,67.92719,76.73965
7168,PMS - Número-índice com ajuste sazonal (2022=100),Número-índice,11046,27,N3,Unidade da Federação,Alagoas,201908,67.77880,75.74773
7168,PMS - Número-índice com ajuste sazonal (2022=100),Número-índice,11046,27,N3,Unidade da Federação,Alagoas,201909,67.09576,76.58425
7168,PMS - Número-índice com ajuste sazonal (2022=100),Número-índice,11046,27,N3,Unidade da Federação,Alagoas,201910,68.07787,78.69235
7168,PMS - Número-índice com ajuste sazonal (2022=100),Número-índice,11046,27,N3,Unidade da Federação,Alagoas,201911,67.42983,78.05618
7168,PMS - Número-índice com ajuste sazonal (2022=100),Número-índice,11046,27,N3,Unidade da Federação,Alagoas,201912,59.16681,70.31471
7168,PMS - Número-índice com ajuste sazonal (2022=100),Número-índice,11046,27,N3,Unidade da Federação,Alagoas,202001,69.13770,85.11868
7168,PMS - Número-índice com ajuste sazonal (2022=100),Número-índice,11046,27,N3,Unidade da Federação,Alagoas,202002,70.26922,86.00535
7168,PMS - Número-índice com ajuste sazonal (2022=100),Número-índice,11046,27,N3,Unidade da Federação,Alagoas,202003,45.57186,56.84348
7168,PMS - Número-índice com ajuste sazonal (2022=100),Número-índice,11046,27,N3,Unidade da Federação,Alagoas,202004,17.30856,18.46091
7168,PMS - Número-índice com ajuste sazonal (2022=100),Número-índice,11046,27,N3,Unidade da Federação,Alagoas,202005,21.53511,21.07390
7168,PMS - Número-índice com ajuste sazonal (2022=100),Número-índice,11046,27,N3,Unidade da Federação,Alagoas,202006,27.49192,28.88677
7168,PMS - Número-índice com ajuste sazonal (2022=100),Número-índice,11046,27,N3,Unidade da Federação,Alagoas,202007,12.09932,13.36011
7168,PMS - Número-índice com ajuste sazonal (2022=100),Número-índice,11046,27,N3,Unidade da Federação,Alagoas,202008,25.09955,25.34169
7168,PMS - Número-índice com ajuste sazonal (2022=100),Número-índice,11046,27,N3,Unidade da Federação,Alagoas,202009,41.87851,49.11080
7168,PMS - Número-índice com ajuste sazonal (2022=100),Número-índice,11046,27,N3,Unidade da Federação,Alagoas,202010,48.00415,56.21889
7168,PMS - Número-índice com ajuste sazonal (2022=100),Número-índice,11046,27,N3,Unidade da Federação,Alagoas,202011,54.29165,67.75367
7168,PMS - Número-índice com ajuste sazonal (2022=100),Número-índice,11046,27,N3,Unidade da Federação,Alagoas,202012,58.31590,68.32113
7168,PMS - Número-índice com ajuste sazonal (2022=100),Número-índice,11046,27,N3,Unidade da Federação,Alagoas,202101,46.42393,65.79733
7168,PMS - Número-índice com ajuste sazonal (2022=100),Número-índice,11046,27,N3,Unidade da Federação,Alagoas,202102,53.72149,68.45248
7168,PMS - Número-índice com ajuste sazonal (2022=100),Número-índice,11046,27,N3,Unidade da Federação,Alagoas,202103,39.60448,51.14030
7168,PMS - Número-índice com ajuste sazonal (2022=100),Número-índice,11046,27,N3,Unidade da Federação,Alagoas,202104,37.32859,41.44031
7168,PMS - Número-índice com ajuste sazonal (2022=100),Número-índice,11046,27,N3,Unidade da Federação,Alagoas,202105,53.07448,62.10369
7168,PMS - Número-índice com ajuste sazonal (2022=100),Número-índice,11046,27,N3,Unidade da Federação,Alagoas,202106,60.88512,72.35021
7168,PMS - Número-índice com ajuste sazonal (2022=100),Número-índice,11046,27,N3,Unidade da Federação,Alagoas,202107,65.47870,78.34762
7168,PMS - Número-índice com ajuste sazonal (2022=100),Número-índice,11046,27,N3,Unidade da Federação,Alagoas,202108,71.25919,83.76049
7168,PMS - Número-índice com ajuste sazonal (2022=100),Número-índice,11046,27,N3,Unidade da Federação,Alagoas,202109,69.73394,77.58548
7168,PMS - Número-índice com ajuste sazonal (2022=100),Número-índice,11046,27,N3,Unidade da Federação,Alagoas,202110,83.95052,85.07709
7168,PMS - Número-índice com ajuste sazonal (2022=100),Número-índice,11046,27,N3,Unidade da Federação,Alagoas,202111,86.04961,90.82623
7168,PMS - Número-índice com ajuste sazonal (2022=100),Número-índice,11046,27,N3,Unidade da Federação,Alagoas,202112,87.05581,93.26482
7168,PMS - Número-índice com ajuste sazonal (2022=100),Número-índice,11046,27,N3,Unidade da Federação,Alagoas,202201,87.08165,100.29068
7168,PMS - Número-índice com ajuste sazonal (2022=100),Número-índice,11046,27,N3,Unidade da Federação,Alagoas,202202,85.70235,94.93880
7168,PMS - Número-índice com ajuste sazonal (2022=100),Número-índice,11046,27,N3,Unidade da Federação,Alagoas,202203,89.91572,98.36721
7168,PMS - Número-índice com ajuste sazonal (2022=100),Número-índice,11046,27,N3,Unidade da Federação,Alagoas,202204,100.28430,102.80060
7168,PMS - Número-índice com ajuste sazonal (2022=100),Número-índice,11046,27,N3,Unidade da Federação,Alagoas,202205,101.63277,100.20521
7168,PMS - Número-índice com ajuste sazonal (2022=100),Número-índice,11046,27,N3,Unidade da Federação,Alagoas,202206,95.50837,94.29613
7168,PMS - Número-índice com ajuste sazonal (2022=100),Número-índice,11046,27,N3,Unidade da Federação,Alagoas,202207,102.13543,97.93889
7168,PMS - Número-índice com ajuste sazonal (2022=100),Número-índice,11046,27,N3,Unidade da Federação,Alagoas,202208,102.93119,98.34418
7168,PMS - Número-índice com ajuste sazonal (2022=100),Número-índice,11046,27,N3,Unidade da Federação,Alagoas,202209,108.64052,108.21316
7168,PMS - Número-índice com ajuste sazonal (2022=100),Número-índice,11046,27,N3,Unidade da Federação,Alagoas,202210,112.71926,103.89568
7168,PMS - Número-índice com ajuste sazonal (2022=100),Número-índice,11046,27,N3,Unidade da Federação,Alagoas,202211,107.62318,101.17101
7168,PMS - Número-índice com ajuste sazonal (2022=100),Número-índice,11046,27,N3,Unidade da Federação,Alagoas,202212,106.11214,99.22099
7168,PMS - Número-índice com ajuste sazonal (2022=100),Número-índice,11046,27,N3,Unidade da Federação,Alagoas,202301,111.09709,101.78160
7168,PMS - Número-índice com ajuste sazonal (2022=100),Número-índice,11046,27,N3,Unidade da Federação,Alagoas,202302,113.31258,108.15990
7168,PMS - Número-índice com ajuste sazonal (2022=100),Número-índice,11046,27,N3,Unidade da Federação,Alagoas,202303,112.59514,104.86830
7168,PMS - Número-índice com ajuste sazonal (2022=100),Número-índice,11046,27,N3,Unidade da Federação,Alagoas,202304,112.54461,98.91538
7168,PMS - Número-índice com ajuste sazonal (2022=100),Número-índice,11046,27,N3,Unidade da Federação,Alagoas,202305,116.49925,109.27131
7168,PMS - Número-índice com ajuste sazonal (2022=100),Número-índice,11046,27,N3,Unidade da Federação,Alagoas,202306,116.47119,109.42164
7168,PMS - Número-índice com ajuste sazonal (2022=100),Número-índice,11046,27,N3,Unidade da Federação,Alagoas,202307,116.27219,105.14513
7168,PMS - Número-índice com ajuste sazonal (2022=100),Número-índice,11046,27,N3,Unidade da Federação,Alagoas,202308,109.89228,99.05062
7168,PMS - Número-índice com ajuste sazonal (2022=100),Número-índice,11046,27,N3,Unidade da Federação,Alagoas,202309,118.78851,108.83512
7168,PMS - Número-índice com ajuste sazonal (2022=100),Número-índice,11046,27,N3,Unidade da Federação,Alagoas,202310,119.20315,105.39933
7168,PMS - Número-índice com ajuste sazonal (2022=100),Número-índice,11046,27,N3,Unidade da Federação,Alagoas,202311,104.24641,88.82712
7168,PMS - Número-índice com ajuste sazonal (2022=100),Número-índice,11046,27,N3,Unidade da Federação,Alagoas,202312,129.18562,106.80825
7168,PMS - Número-índice com ajuste sazonal (2022=100),Número-índice,11046,27,N3,Unidade da Federação,Alagoas,202401,124.12299,103.32435
7168,PMS - Número-índice com ajuste sazonal (2022=100),Número-índice,11046,27,N3,Unidade da Federação,Alagoas,202402,118.00309,101.87534
7168,PMS - Número-índice com ajuste sazonal (2022=100),Número-índice,11046,27,N3,Unidade da Federação,Alagoas,202403,114.52773,99.27857
7168,PMS - Número-índice com ajuste sazonal (2022=100),Número-índice,11046,27,N3,Unidade da Federação,Alagoas,202404,114.22186,98.32894
7168,PMS - Número-índice com ajuste sazonal (2022=100),Número-índice,11046,27,N3,Unidade da Federação,Alagoas,202405,114.12234,100.67672
7168,PMS - Número-índice com ajuste sazonal (2022=100),Número-índice,11046,27,N3,Unidade da Federação,Alagoas,202406,114.92817,101.60110
7168,PMS - Número-índice com ajuste sazonal (2022=100),Número-índice,11046,27,N3,Unidade da Federação,Alagoas,202407,124.16722,103.06527
7168,PMS - Número-índice com ajuste sazonal (2022=100),Número-índice,11046,27,N3,Unidade da Federação,Alagoas,202408,117.40526,100.09703
7168,PMS - Número-índice com ajuste sazonal (2022=100),Número-índice,11046,27,N3,Unidade da Federação,Alagoas,202409,116.86230,98.88093
7168,PMS - Número-índice com ajuste sazonal (2022=100),Número-índice,11046,29,N3,Unidade da Federação,Bahia,201101,40.15403,86.65778
7168,PMS - Número-índice com ajuste sazonal (2022=100),Número-índice,11046,29,N3,Unidade da Federação,Bahia,201102,43.15965,85.16026
7168,PMS - Número-índice com ajuste sazonal (2022=100),Número-índice,11046,29,N3,Unidade da Federação,Bahia,201103,45.49494,87.48100
7168,PMS - Número-índice com ajuste sazonal (2022=100),Número-índice,11046,29,N3,Unidade da Federação,Bahia,201104,46.13786,85.75071
7168,PMS - Número-índice com ajuste sazonal (2022=100),Número-índice,11046,29,N3,Unidade da Federação,Bahia,201105,46.76745,85.59009
7168,PMS - Número-índice com ajuste sazonal (2022=100),Número-índice,11046,29,N3,Unidade da Federação,Bahia,201106,46.91782,85.30824
7168,PMS - Número-índice com ajuste sazonal (2022=100),Número-índice,11046,29,N3,Unidade da Federação,Bahia,201107,46.72992,83.87234
7168,PMS - Número-índice com ajuste sazonal (2022=100),Número-índice,11046,29,N3,Unidade da Federação,Bahia,201108,48.12453,84.20791
7168,PMS - Número-índice com ajuste sazonal (2022=100),Número-índice,11046,29,N3,Unidade da Federação,Bahia,201109,48.37508,83.18056
7168,PMS - Número-índice com ajuste sazonal (2022=100),Número-índice,11046,29,N3,Unidade da Federação,Bahia,201110,47.56703,78.37506
7168,PMS - Número-índice com ajuste sazonal (2022=100),Número-índice,11046,29,N3,Unidade da Federação,Bahia,201111,48.37662,81.70627
7168,PMS - Número-índice com ajuste sazonal (2022=100),Número-índice,11046,29,N3,Unidade da Federação,Bahia,201112,47.69263,82.87447
7168,PMS - Número-índice com ajuste sazonal (2022=100),Número-índice,11046,29,N3,Unidade da Federação,Bahia,201201,46.12545,80.78684
7168,PMS - Número-índice com ajuste sazonal (2022=100),Número-índice,11046,29,N3,Unidade da Federação,Bahia,201202,48.44437,80.46856
7168,PMS - Número-índice com ajuste sazonal (2022=100),Número-índice,11046,29,N3,Unidade da Federação,Bahia,201203,46.95525,78.92155
7168,PMS - Número-índice com ajuste sazonal (2022=100),Número-índice,11046,29,N3,Unidade da Federação,Bahia,201204,49.59744,81.17001
7168,PMS - Número-índice com ajuste sazonal (2022=100),Número-índice,11046,29,N3,Unidade da Federação,Bahia,201205,50.63234,81.85280
7168,PMS - Número-índice com ajuste sazonal (2022=100),Número-índice,11046,29,N3,Unidade da Federação,Bahia,201206,51.26722,83.52574
7168,PMS - Número-índice com ajuste sazonal (2022=100),Número-índice,11046,29,N3,Unidade da Federação,Bahia,201207,51.84071,80.40666
7168,PMS - Número-índice com ajuste sazonal (2022=100),Número-índice,11046,29,N3,Unidade da Federação,Bahia,201208,51.53152,79.91222
7168,PMS - Número-índice com ajuste sazonal (2022=100),Número-índice,11046,29,N3,Unidade da Federação,Bahia,201209,52.94996,84.79613
7168,PMS - Número-índice com ajuste sazonal (2022=100),Número-índice,11046,29,N3,Unidade da Federação,Bahia,201210,54.29710,85.26456
7168,PMS - Número-índice com ajuste sazonal (2022=100),Número-índice,11046,29,N3,Unidade da Federação,Bahia,201211,56.63696,89.06078
7168,PMS - Número-índice com ajuste sazonal (2022=100),Número-índice,11046,29,N3,Unidade da Federação,Bahia,201212,54.60810,86.87014
7168,PMS - Número-índice com ajuste sazonal (2022=100),Número-índice,11046,29,N3,Unidade da Federação,Bahia,201301,54.66209,82.79510
7168,PMS - Número-índice com ajuste sazonal (2022=100),Número-índice,11046,29,N3,Unidade da Federação,Bahia,201302,54.98763,81.47220
7168,PMS - Número-índice com ajuste sazonal (2022=100),Número-índice,11046,29,N3,Unidade da Federação,Bahia,201303,55.44992,87.20325
7168,PMS - Número-índice com ajuste sazonal (2022=100),Número-índice,11046,29,N3,Unidade da Federação,Bahia,201304,55.65990,88.12907
7168,PMS - Número-índice com ajuste sazonal (2022=100),Número-índice,11046,29,N3,Unidade da Federação,Bahia,201305,55.84708,87.47934
7168,PMS - Número-índice com ajuste sazonal (2022=100),Número-índice,11046,29,N3,Unidade da Federação,Bahia,201306,57.01477,89.38197
7168,PMS - Número-índice com ajuste sazonal (2022=100),Número-índice,11046,29,N3,Unidade da Federação,Bahia,201307,58.97350,91.02059
7168,PMS - Número-índice com ajuste sazonal (2022=100),Número-índice,11046,29,N3,Unidade da Federação,Bahia,201308,59.23902,90.54579
7168,PMS - Número-índice com ajuste sazonal (2022=100),Número-índice,11046,29,N3,Unidade da Federação,Bahia,201309,59.10692,88.85985
7168,PMS - Número-índice com ajuste sazonal (2022=100),Número-índice,11046,29,N3,Unidade da Federação,Bahia,201310,60.13648,91.47765
7168,PMS - Número-índice com ajuste sazonal (2022=100),Número-índice,11046,29,N3,Unidade da Federação,Bahia,201311,60.53469,91.47634
7168,PMS - Número-índice com ajuste sazonal (2022=100),Número-índice,11046,29,N3,Unidade da Federação,Bahia,201312,60.91877,91.87941
7168,PMS - Número-índice com ajuste sazonal (2022=100),Número-índice,11046,29,N3,Unidade da Federação,Bahia,201401,61.27246,94.72632
7168,PMS - Número-índice com ajuste sazonal (2022=100),Número-índice,11046,29,N3,Unidade da Federação,Bahia,201402,56.90610,93.81168
7168,PMS - Número-índice com ajuste sazonal (2022=100),Número-índice,11046,29,N3,Unidade da Federação,Bahia,201403,62.83890,94.50852
7168,PMS - Número-índice com ajuste sazonal (2022=100),Número-índice,11046,29,N3,Unidade da Federação,Bahia,201404,62.87045,95.64891
7168,PMS - Número-índice com ajuste sazonal (2022=100),Número-índice,11046,29,N3,Unidade da Federação,Bahia,201405,63.64998,98.57491
7168,PMS - Número-índice com ajuste sazonal (2022=100),Número-índice,11046,29,N3,Unidade da Federação,Bahia,201406,68.58157,97.54594
7168,PMS - Número-índice com ajuste sazonal (2022=100),Número-índice,11046,29,N3,Unidade da Federação,Bahia,201407,63.34942,100.82004
7168,PMS - Número-índice com ajuste sazonal (2022=100),Número-índice,11046,29,N3,Unidade da Federação,Bahia,201408,64.60383,98.72882
7168,PMS - Número-índice com ajuste sazonal (2022=100),Número-índice,11046,29,N3,Unidade da Federação,Bahia,201409,65.75693,98.17555
7168,PMS - Número-índice com ajuste sazonal (2022=100),Número-índice,11046,29,N3,Unidade da Federação,Bahia,201410,63.60870,95.37289
7168,PMS - Número-índice com ajuste sazonal (2022=100),Número-índice,11046,29,N3,Unidade da Federação,Bahia,201411,63.06140,95.14582
7168,PMS - Número-índice com ajuste sazonal (2022=100),Número-índice,11046,29,N3,Unidade da Federação,Bahia,201412,63.75602,92.12168
7168,PMS - Número-índice com ajuste sazonal (2022=100),Número-índice,11046,29,N3,Unidade da Federação,Bahia,201501,62.25178,88.19300
7168,PMS - Número-índice com ajuste sazonal (2022=100),Número-índice,11046,29,N3,Unidade da Federação,Bahia,201502,66.54648,95.97301
7168,PMS - Número-índice com ajuste sazonal (2022=100),Número-índice,11046,29,N3,Unidade da Federação,Bahia,201503,62.51293,93.00266
7168,PMS - Número-índice com ajuste sazonal (2022=100),Número-índice,11046,29,N3,Unidade da Federação,Bahia,201504,65.15068,95.20717
7168,PMS - Número-índice com ajuste sazonal (2022=100),Número-índice,11046,29,N3,Unidade da Federação,Bahia,201505,65.82904,99.20978
7168,PMS - Número-índice com ajuste sazonal (2022=100),Número-índice,11046,29,N3,Unidade da Federação,Bahia,201506,66.56570,94.02190
7168,PMS - Número-índice com ajuste sazonal (2022=100),Número-índice,11046,29,N3,Unidade da Federação,Bahia,201507,66.02671,90.95365
7168,PMS - Número-índice com ajuste sazonal (2022=100),Número-índice,11046,29,N3,Unidade da Federação,Bahia,201508,67.88162,97.97720
7168,PMS - Número-índice com ajuste sazonal (2022=100),Número-índice,11046,29,N3,Unidade da Federação,Bahia,201509,65.39246,92.88342
7168,PMS - Número-índice com ajuste sazonal (2022=100),Número-índice,11046,29,N3,Unidade da Federação,Bahia,201510,68.13094,97.18728
7168,PMS - Número-índice com ajuste sazonal (2022=100),Número-índice,11046,29,N3,Unidade da Federação,Bahia,201511,65.78793,89.16847
7168,PMS - Número-índice com ajuste sazonal (2022=100),Número-índice,11046,29,N3,Unidade da Federação,Bahia,201512,64.48515,88.37693
7168,PMS - Número-índice com ajuste sazonal (2022=100),Número-índice,11046,29,N3,Unidade da Federação,Bahia,201601,64.65470,86.45096
7168,PMS - Número-índice com ajuste sazonal (2022=100),Número-índice,11046,29,N3,Unidade da Federação,Bahia,201602,68.80133,94.94031
7168,PMS - Número-índice com ajuste sazonal (2022=100),Número-índice,11046,29,N3,Unidade da Federação,Bahia,201603,62.94975,86.90096
7168,PMS - Número-índice com ajuste sazonal (2022=100),Número-índice,11046,29,N3,Unidade da Federação,Bahia,201604,62.62951,85.69845
7168,PMS - Número-índice com ajuste sazonal (2022=100),Número-índice,11046,29,N3,Unidade da Federação,Bahia,201605,62.57801,84.15355
7168,PMS - Número-índice com ajuste sazonal (2022=100),Número-índice,11046,29,N3,Unidade da Federação,Bahia,201606,61.53018,84.24887
7168,PMS - Número-índice com ajuste sazonal (2022=100),Número-índice,11046,29,N3,Unidade da Federação,Bahia,201607,63.46794,85.09465
7168,PMS - Número-índice com ajuste sazonal (2022=100),Número-índice,11046,29,N3,Unidade da Federação,Bahia,201608,62.53691,81.90339
7168,PMS - Número-índice com ajuste sazonal (2022=100),Número-índice,11046,29,N3,Unidade da Federação,Bahia,201609,64.33138,86.02685
7168,PMS - Número-índice com ajuste sazonal (2022=100),Número-índice,11046,29,N3,Unidade da Federação,Bahia,201610,63.76429,82.97951
7168,PMS - Número-índice com ajuste sazonal (2022=100),Número-índice,11046,29,N3,Unidade da Federação,Bahia,201611,66.26079,87.25450
7168,PMS - Número-índice com ajuste sazonal (2022=100),Número-índice,11046,29,N3,Unidade da Federação,Bahia,201612,62.40998,84.37601
7168,PMS - Número-índice com ajuste sazonal (2022=100),Número-índice,11046,29,N3,Unidade da Federação,Bahia,201701,72.42365,94.15022
7168,PMS - Número-índice com ajuste sazonal (2022=100),Número-índice,11046,29,N3,Unidade da Federação,Bahia,201702,70.29213,90.87734
7168,PMS - Número-índice com ajuste sazonal (2022=100),Número-índice,11046,29,N3,Unidade da Federação,Bahia,201703,70.36378,90.43944
7168,PMS - Número-índice com ajuste sazonal (2022=100),Número-índice,11046,29,N3,Unidade da Federação,Bahia,201704,69.35657,86.13866
7168,PMS - Número-índice com ajuste sazonal (2022=100),Número-índice,11046,29,N3,Unidade da Federação,Bahia,201705,68.69877,86.08644
7168,PMS - Número-índice com ajuste sazonal (2022=100),Número-índice,11046,29,N3,Unidade da Federação,Bahia,201706,70.12507,88.61527
7168,PMS - Número-índice com ajuste sazonal (2022=100),Número-índice,11046,29,N3,Unidade da Federação,Bahia,201707,68.82150,86.63800
7168,PMS - Número-índice com ajuste sazonal (2022=100),Número-índice,11046,29,N3,Unidade da Federação,Bahia,201708,68.18080,82.35446
7168,PMS - Número-índice com ajuste sazonal (2022=100),Número-índice,11046,29,N3,Unidade da Federação,Bahia,201709,70.08639,84.22268
7168,PMS - Número-índice com ajuste sazonal (2022=100),Número-índice,11046,29,N3,Unidade da Federação,Bahia,201710,70.03295,84.46383
7168,PMS - Número-índice com ajuste sazonal (2022=100),Número-índice,11046,29,N3,Unidade da Federação,Bahia,201711,68.47367,83.62699
7168,PMS - Número-índice com ajuste sazonal (2022=100),Número-índice,11046,29,N3,Unidade da Federação,Bahia,201712,70.74365,89.73688
7168,PMS - Número-índice com ajuste sazonal (2022=100),Número-índice,11046,29,N3,Unidade da Federação,Bahia,201801,74.00875,94.77610
7168,PMS - Número-índice com ajuste sazonal (2022=100),Número-índice,11046,29,N3,Unidade da Federação,Bahia,201802,69.42791,83.28641
7168,PMS - Número-índice com ajuste sazonal (2022=100),Número-índice,11046,29,N3,Unidade da Federação,Bahia,201803,66.09363,82.23625
7168,PMS - Número-índice com ajuste sazonal (2022=100),Número-índice,11046,29,N3,Unidade da Federação,Bahia,201804,72.50275,87.05977
7168,PMS - Número-índice com ajuste sazonal (2022=100),Número-índice,11046,29,N3,Unidade da Federação,Bahia,201805,68.03934,82.37729
7168,PMS - Número-índice com ajuste sazonal (2022=100),Número-índice,11046,29,N3,Unidade da Federação,Bahia,201806,68.22549,83.75813
7168,PMS - Número-índice com ajuste sazonal (2022=100),Número-índice,11046,29,N3,Unidade da Federação,Bahia,201807,70.84413,83.35163
7168,PMS - Número-índice com ajuste sazonal (2022=100),Número-índice,11046,29,N3,Unidade da Federação,Bahia,201808,72.39740,86.96933
7168,PMS - Número-índice com ajuste sazonal (2022=100),Número-índice,11046,29,N3,Unidade da Federação,Bahia,201809,74.35793,87.66745
7168,PMS - Número-índice com ajuste sazonal (2022=100),Número-índice,11046,29,N3,Unidade da Federação,Bahia,201810,73.68684,85.62788
7168,PMS - Número-índice com ajuste sazonal (2022=100),Número-índice,11046,29,N3,Unidade da Federação,Bahia,201811,75.59747,87.26658
7168,PMS - Número-índice com ajuste sazonal (2022=100),Número-índice,11046,29,N3,Unidade da Federação,Bahia,201812,75.86180,86.25568
7168,PMS - Número-índice com ajuste sazonal (2022=100),Número-índice,11046,29,N3,Unidade da Federação,Bahia,201901,74.88485,88.09420
7168,PMS - Número-índice com ajuste sazonal (2022=100),Número-índice,11046,29,N3,Unidade da Federação,Bahia,201902,70.22704,82.18230
7168,PMS - Número-índice com ajuste sazonal (2022=100),Número-índice,11046,29,N3,Unidade da Federação,Bahia,201903,75.56233,89.47266
7168,PMS - Número-índice com ajuste sazonal (2022=100),Número-índice,11046,29,N3,Unidade da Federação,Bahia,201904,77.48320,87.30554
7168,PMS - Número-índice com ajuste sazonal (2022=100),Número-índice,11046,29,N3,Unidade da Federação,Bahia,201905,77.31439,89.84155
7168,PMS - Número-índice com ajuste sazonal (2022=100),Número-índice,11046,29,N3,Unidade da Federação,Bahia,201906,78.75383,89.75206
7168,PMS - Número-índice com ajuste sazonal (2022=100),Número-índice,11046,29,N3,Unidade da Federação,Bahia,201907,79.06449,88.77824
7168,PMS - Número-índice com ajuste sazonal (2022=100),Número-índice,11046,29,N3,Unidade da Federação,Bahia,201908,79.47833,88.96525
7168,PMS - Número-índice com ajuste sazonal (2022=100),Número-índice,11046,29,N3,Unidade da Federação,Bahia,201909,76.69573,84.68255
7168,PMS - Número-índice com ajuste sazonal (2022=100),Número-índice,11046,29,N3,Unidade da Federação,Bahia,201910,77.67905,87.02020
7168,PMS - Número-índice com ajuste sazonal (2022=100),Número-índice,11046,29,N3,Unidade da Federação,Bahia,201911,77.89502,85.24628
7168,PMS - Número-índice com ajuste sazonal (2022=100),Número-índice,11046,29,N3,Unidade da Federação,Bahia,201912,77.97423,85.45406
7168,PMS - Número-índice com ajuste sazonal (2022=100),Número-índice,11046,29,N3,Unidade da Federação,Bahia,202001,76.14710,87.70705
7168,PMS - Número-índice com ajuste sazonal (2022=100),Número-índice,11046,29,N3,Unidade da Federação,Bahia,202002,82.18186,91.87004
7168,PMS - Número-índice com ajuste sazonal (2022=100),Número-índice,11046,29,N3,Unidade da Federação,Bahia,202003,52.48166,66.14939
7168,PMS - Número-índice com ajuste sazonal (2022=100),Número-índice,11046,29,N3,Unidade da Federação,Bahia,202004,28.59034,32.56995
7168,PMS - Número-índice com ajuste sazonal (2022=100),Número-índice,11046,29,N3,Unidade da Federação,Bahia,202005,31.22841,36.78009
7168,PMS - Número-índice com ajuste sazonal (2022=100),Número-índice,11046,29,N3,Unidade da Federação,Bahia,202006,32.85676,39.90350
7168,PMS - Número-índice com ajuste sazonal (2022=100),Número-índice,11046,29,N3,Unidade da Federação,Bahia,202007,18.81796,23.61945
7168,PMS - Número-índice com ajuste sazonal (2022=100),Número-índice,11046,29,N3,Unidade da Federação,Bahia,202008,34.66405,39.22728
7168,PMS - Número-índice com ajuste sazonal (2022=100),Número-índice,11046,29,N3,Unidade da Federação,Bahia,202009,44.35814,48.46287
7168,PMS - Número-índice com ajuste sazonal (2022=100),Número-índice,11046,29,N3,Unidade da Federação,Bahia,202010,51.37968,58.18344
7168,PMS - Número-índice com ajuste sazonal (2022=100),Número-índice,11046,29,N3,Unidade da Federação,Bahia,202011,57.30239,65.01267
7168,PMS - Número-índice com ajuste sazonal (2022=100),Número-índice,11046,29,N3,Unidade da Federação,Bahia,202012,59.82286,68.15068
7168,PMS - Número-índice com ajuste sazonal (2022=100),Número-índice,11046,29,N3,Unidade da Federação,Bahia,202101,48.66163,69.18682
7168,PMS - Número-índice com ajuste sazonal (2022=100),Número-índice,11046,29,N3,Unidade da Federação,Bahia,202102,55.39061,65.98569
7168,PMS - Número-índice com ajuste sazonal (2022=100),Número-índice,11046,29,N3,Unidade da Federação,Bahia,202103,41.13497,59.71277
7168,PMS - Número-índice com ajuste sazonal (2022=100),Número-índice,11046,29,N3,Unidade da Federação,Bahia,202104,51.86407,59.24738
7168,PMS - Número-índice com ajuste sazonal (2022=100),Número-índice,11046,29,N3,Unidade da Federação,Bahia,202105,62.87429,76.56276
7168,PMS - Número-índice com ajuste sazonal (2022=100),Número-índice,11046,29,N3,Unidade da Federação,Bahia,202106,68.34153,84.53382
7168,PMS - Número-índice com ajuste sazonal (2022=100),Número-índice,11046,29,N3,Unidade da Federação,Bahia,202107,73.06207,88.54354
7168,PMS - Número-índice com ajuste sazonal (2022=100),Número-índice,11046,29,N3,Unidade da Federação,Bahia,202108,77.71382,88.95709
7168,PMS - Número-índice com ajuste sazonal (2022=100),Número-índice,11046,29,N3,Unidade da Federação,Bahia,202109,87.36981,93.09908
7168,PMS - Número-índice com ajuste sazonal (2022=100),Número-índice,11046,29,N3,Unidade da Federação,Bahia,202110,89.51125,91.94586
7168,PMS - Número-índice com ajuste sazonal (2022=100),Número-índice,11046,29,N3,Unidade da Federação,Bahia,202111,92.05522,96.26527
7168,PMS - Número-índice com ajuste sazonal (2022=100),Número-índice,11046,29,N3,Unidade da Federação,Bahia,202112,95.17489,97.87590
7168,PMS - Número-índice com ajuste sazonal (2022=100),Número-índice,11046,29,N3,Unidade da Federação,Bahia,202201,81.05192,91.52434
7168,PMS - Número-índice com ajuste sazonal (2022=100),Número-índice,11046,29,N3,Unidade da Federação,Bahia,202202,81.92484,88.82102
7168,PMS - Número-índice com ajuste sazonal (2022=100),Número-índice,11046,29,N3,Unidade da Federação,Bahia,202203,85.32299,98.25651
7168,PMS - Número-índice com ajuste sazonal (2022=100),Número-índice,11046,29,N3,Unidade da Federação,Bahia,202204,105.89716,110.09381
7168,PMS - Número-índice com ajuste sazonal (2022=100),Número-índice,11046,29,N3,Unidade da Federação,Bahia,202205,103.40242,103.33054
7168,PMS - Número-índice com ajuste sazonal (2022=100),Número-índice,11046,29,N3,Unidade da Federação,Bahia,202206,102.04151,100.31328
7168,PMS - Número-índice com ajuste sazonal (2022=100),Número-índice,11046,29,N3,Unidade da Federação,Bahia,202207,104.46840,99.80543
7168,PMS - Número-índice com ajuste sazonal (2022=100),Número-índice,11046,29,N3,Unidade da Federação,Bahia,202208,106.16390,100.00013
7168,PMS - Número-índice com ajuste sazonal (2022=100),Número-índice,11046,29,N3,Unidade da Federação,Bahia,202209,106.12545,99.72372
7168,PMS - Número-índice com ajuste sazonal (2022=100),Número-índice,11046,29,N3,Unidade da Federação,Bahia,202210,106.82219,102.80362
7168,PMS - Número-índice com ajuste sazonal (2022=100),Número-índice,11046,29,N3,Unidade da Federação,Bahia,202211,108.59180,101.73788
7168,PMS - Número-índice com ajuste sazonal (2022=100),Número-índice,11046,29,N3,Unidade da Federação,Bahia,202212,109.14729,103.62212
7168,PMS - Número-índice com ajuste sazonal (2022=100),Número-índice,11046,29,N3,Unidade da Federação,Bahia,202301,113.41136,110.85142
7168,PMS - Número-índice com ajuste sazonal (2022=100),Número-índice,11046,29,N3,Unidade da Federação,Bahia,202302,113.01011,108.85453
7168,PMS - Número-índice com ajuste sazonal (2022=100),Número-índice,11046,29,N3,Unidade da Federação,Bahia,202303,99.91363,109.57400
7168,PMS - Número-índice com ajuste sazonal (2022=100),Número-índice,11046,29,N3,Unidade da Federação,Bahia,202304,115.31687,108.84648
7168,PMS - Número-índice com ajuste sazonal (2022=100),Número-índice,11046,29,N3,Unidade da Federação,Bahia,202305,114.63139,114.18305
7168,PMS - Número-índice com ajuste sazonal (2022=100),Número-índice,11046,29,N3,Unidade da Federação,Bahia,202306,112.70716,111.83162
7168,PMS - Número-índice com ajuste sazonal (2022=100),Número-índice,11046,29,N3,Unidade da Federação,Bahia,202307,129.52331,120.74022
7168,PMS - Número-índice com ajuste sazonal (2022=100),Número-índice,11046,29,N3,Unidade da Federação,Bahia,202308,116.28355,111.65655
7168,PMS - Número-índice com ajuste sazonal (2022=100),Número-índice,11046,29,N3,Unidade da Federação,Bahia,202309,124.66147,117.42023
7168,PMS - Número-índice com ajuste sazonal (2022=100),Número-índice,11046,29,N3,Unidade da Federação,Bahia,202310,122.64343,113.42492
7168,PMS - Número-índice com ajuste sazonal (2022=100),Número-índice,11046,29,N3,Unidade da Federação,Bahia,202311,119.71716,104.24355
7168,PMS - Número-índice com ajuste sazonal (2022=100),Número-índice,11046,29,N3,Unidade da Federação,Bahia,202312,126.77994,104.74898
7168,PMS - Número-índice com ajuste sazonal (2022=100),Número-índice,11046,29,N3,Unidade da Federação,Bahia,202401,132.40037,112.33536
7168,PMS - Número-índice com ajuste sazonal (2022=100),Número-índice,11046,29,N3,Unidade da Federação,Bahia,202402,130.23904,114.75359
7168,PMS - Número-índice com ajuste sazonal (2022=100),Número-índice,11046,29,N3,Unidade da Federação,Bahia,202403,131.20540,126.43614
7168,PMS - Número-índice com ajuste sazonal (2022=100),Número-índice,11046,29,N3,Unidade da Federação,Bahia,202404,129.55369,120.24521
7168,PMS - Número-índice com ajuste sazonal (2022=100),Número-índice,11046,29,N3,Unidade da Federação,Bahia,202405,132.01234,119.92860
7168,PMS - Número-índice com ajuste sazonal (2022=100),Número-índice,11046,29,N3,Unidade da Federação,Bahia,202406,135.70711,129.62053
7168,PMS - Número-índice com ajuste sazonal (2022=100),Número-índice,11046,29,N3,Unidade da Federação,Bahia,202407,138.03078,121.62280
7168,PMS - Número-índice com ajuste sazonal (2022=100),Número-índice,11046,29,N3,Unidade da Federação,Bahia,202408,139.46094,122.71259
7168,PMS - Número-índice com ajuste sazonal (2022=100),Número-índice,11046,29,N3,Unidade da Federação,Bahia,202409,139.47412,116.70010
7168,PMS - Número-índice com ajuste sazonal (2022=100),Número-índice,11046,31,N3,Unidade da Federação,Minas Gerais,201101,42.97915,79.26826
7168,PMS - Número-índice com ajuste sazonal (2022=100),Número-índice,11046,31,N3,Unidade da Federação,Minas Gerais,201102,44.28347,77.87854
7168,PMS - Número-índice com ajuste sazonal (2022=100),Número-índice,11046,31,N3,Unidade da Federação,Minas Gerais,201103,44.64257,79.11677
7168,PMS - Número-índice com ajuste sazonal (2022=100),Número-índice,11046,31,N3,Unidade da Federação,Minas Gerais,201104,45.81184,79.42287
7168,PMS - Número-índice com ajuste sazonal (2022=100),Número-índice,11046,31,N3,Unidade da Federação,Minas Gerais,201105,46.23609,79.83307
7168,PMS - Número-índice com ajuste sazonal (2022=100),Número-índice,11046,31,N3,Unidade da Federação,Minas Gerais,201106,46.87134,80.31775
7168,PMS - Número-índice com ajuste sazonal (2022=100),Número-índice,11046,31,N3,Unidade da Federação,Minas Gerais,201107,45.38750,77.37242
7168,PMS - Número-índice com ajuste sazonal (2022=100),Número-índice,11046,31,N3,Unidade da Federação,Minas Gerais,201108,47.21316,80.44515
7168,PMS - Número-índice com ajuste sazonal (2022=100),Número-índice,11046,31,N3,Unidade da Federação,Minas Gerais,201109,48.13047,80.50418
7168,PMS - Número-índice com ajuste sazonal (2022=100),Número-índice,11046,31,N3,Unidade da Federação,Minas Gerais,201110,48.50626,80.13795
7168,PMS - Número-índice com ajuste sazonal (2022=100),Número-índice,11046,31,N3,Unidade da Federação,Minas Gerais,201111,49.57430,81.79301
7168,PMS - Número-índice com ajuste sazonal (2022=100),Número-índice,11046,31,N3,Unidade da Federação,Minas Gerais,201112,49.37384,83.04150
7168,PMS - Número-índice com ajuste sazonal (2022=100),Número-índice,11046,31,N3,Unidade da Federação,Minas Gerais,201201,50.10252,81.64521
7168,PMS - Número-índice com ajuste sazonal (2022=100),Número-índice,11046,31,N3,Unidade da Federação,Minas Gerais,201202,50.86183,81.59238
7168,PMS - Número-índice com ajuste sazonal (2022=100),Número-índice,11046,31,N3,Unidade da Federação,Minas Gerais,201203,51.17710,81.00711
7168,PMS - Número-índice com ajuste sazonal (2022=100),Número-índice,11046,31,N3,Unidade da Federação,Minas Gerais,201204,51.24623,80.47292
7168,PMS - Número-índice com ajuste sazonal (2022=100),Número-índice,11046,31,N3,Unidade da Federação,Minas Gerais,201205,50.93397,78.96533
7168,PMS - Número-índice com ajuste sazonal (2022=100),Número-índice,11046,31,N3,Unidade da Federação,Minas Gerais,201206,52.45287,82.01642
7168,PMS - Número-índice com ajuste sazonal (2022=100),Número-índice,11046,31,N3,Unidade da Federação,Minas Gerais,201207,53.09419,81.76706
7168,PMS - Número-índice com ajuste sazonal (2022=100),Número-índice,11046,31,N3,Unidade da Federação,Minas Gerais,201208,53.20877,80.88306
7168,PMS - Número-índice com ajuste sazonal (2022=100),Número-índice,11046,31,N3,Unidade da Federação,Minas Gerais,201209,51.70552,79.41570
7168,PMS - Número-índice com ajuste sazonal (2022=100),Número-índice,11046,31,N3,Unidade da Federação,Minas Gerais,201210,52.86715,80.44880
7168,PMS - Número-índice com ajuste sazonal (2022=100),Número-índice,11046,31,N3,Unidade da Federação,Minas Gerais,201211,53.90744,80.37516
7168,PMS - Número-índice com ajuste sazonal (2022=100),Número-índice,11046,31,N3,Unidade da Federação,Minas Gerais,201212,54.20393,81.19449
7168,PMS - Número-índice com ajuste sazonal (2022=100),Número-índice,11046,31,N3,Unidade da Federação,Minas Gerais,201301,54.90743,80.18483
7168,PMS - Número-índice com ajuste sazonal (2022=100),Número-índice,11046,31,N3,Unidade da Federação,Minas Gerais,201302,53.17587,76.57386
7168,PMS - Número-índice com ajuste sazonal (2022=100),Número-índice,11046,31,N3,Unidade da Federação,Minas Gerais,201303,55.74596,80.40462
7168,PMS - Número-índice com ajuste sazonal (2022=100),Número-índice,11046,31,N3,Unidade da Federação,Minas Gerais,201304,55.01471,80.23309
7168,PMS - Número-índice com ajuste sazonal (2022=100),Número-índice,11046,31,N3,Unidade da Federação,Minas Gerais,201305,56.14671,79.86781
7168,PMS - Número-índice com ajuste sazonal (2022=100),Número-índice,11046,31,N3,Unidade da Federação,Minas Gerais,201306,55.79846,80.30020
7168,PMS - Número-índice com ajuste sazonal (2022=100),Número-índice,11046,31,N3,Unidade da Federação,Minas Gerais,201307,57.33208,81.18800
7168,PMS - Número-índice com ajuste sazonal (2022=100),Número-índice,11046,31,N3,Unidade da Federação,Minas Gerais,201308,57.22089,80.70748
7168,PMS - Número-índice com ajuste sazonal (2022=100),Número-índice,11046,31,N3,Unidade da Federação,Minas Gerais,201309,58.04436,82.28019
7168,PMS - Número-índice com ajuste sazonal (2022=100),Número-índice,11046,31,N3,Unidade da Federação,Minas Gerais,201310,59.48317,84.40535
7168,PMS - Número-índice com ajuste sazonal (2022=100),Número-índice,11046,31,N3,Unidade da Federação,Minas Gerais,201311,57.28666,80.30016
7168,PMS - Número-índice com ajuste sazonal (2022=100),Número-índice,11046,31,N3,Unidade da Federação,Minas Gerais,201312,56.86443,80.67178
7168,PMS - Número-índice com ajuste sazonal (2022=100),Número-índice,11046,31,N3,Unidade da Federação,Minas Gerais,201401,56.66255,81.07250
7168,PMS - Número-índice com ajuste sazonal (2022=100),Número-índice,11046,31,N3,Unidade da Federação,Minas Gerais,201402,58.74191,84.99266
7168,PMS - Número-índice com ajuste sazonal (2022=100),Número-índice,11046,31,N3,Unidade da Federação,Minas Gerais,201403,58.52008,84.02325
7168,PMS - Número-índice com ajuste sazonal (2022=100),Número-índice,11046,31,N3,Unidade da Federação,Minas Gerais,201404,62.22109,85.80442
7168,PMS - Número-índice com ajuste sazonal (2022=100),Número-índice,11046,31,N3,Unidade da Federação,Minas Gerais,201405,60.60675,85.59807
7168,PMS - Número-índice com ajuste sazonal (2022=100),Número-índice,11046,31,N3,Unidade da Federação,Minas Gerais,201406,62.34166,83.82673
7168,PMS - Número-índice com ajuste sazonal (2022=100),Número-índice,11046,31,N3,Unidade da Federação,Minas Gerais,201407,59.15714,85.95899
7168,PMS - Número-índice com ajuste sazonal (2022=100),Número-índice,11046,31,N3,Unidade da Federação,Minas Gerais,201408,60.48846,84.57132
7168,PMS - Número-índice com ajuste sazonal (2022=100),Número-índice,11046,31,N3,Unidade da Federação,Minas Gerais,201409,60.67864,84.75519
7168,PMS - Número-índice com ajuste sazonal (2022=100),Número-índice,11046,31,N3,Unidade da Federação,Minas Gerais,201410,60.06596,83.02896
7168,PMS - Número-índice com ajuste sazonal (2022=100),Número-índice,11046,31,N3,Unidade da Federação,Minas Gerais,201411,58.92207,82.30365
7168,PMS - Número-índice com ajuste sazonal (2022=100),Número-índice,11046,31,N3,Unidade da Federação,Minas Gerais,201412,59.85959,81.38888
7168,PMS - Número-índice com ajuste sazonal (2022=100),Número-índice,11046,31,N3,Unidade da Federação,Minas Gerais,201501,58.65583,79.47808
7168,PMS - Número-índice com ajuste sazonal (2022=100),Número-índice,11046,31,N3,Unidade da Federação,Minas Gerais,201502,57.09356,79.62277
7168,PMS - Número-índice com ajuste sazonal (2022=100),Número-índice,11046,31,N3,Unidade da Federação,Minas Gerais,201503,56.21788,78.19393
7168,PMS - Número-índice com ajuste sazonal (2022=100),Número-índice,11046,31,N3,Unidade da Federação,Minas Gerais,201504,57.47942,78.96076
7168,PMS - Número-índice com ajuste sazonal (2022=100),Número-índice,11046,31,N3,Unidade da Federação,Minas Gerais,201505,58.17412,82.92094
7168,PMS - Número-índice com ajuste sazonal (2022=100),Número-índice,11046,31,N3,Unidade da Federação,Minas Gerais,201506,57.96602,80.66239
7168,PMS - Número-índice com ajuste sazonal (2022=100),Número-índice,11046,31,N3,Unidade da Federação,Minas Gerais,201507,58.30616,80.64170
7168,PMS - Número-índice com ajuste sazonal (2022=100),Número-índice,11046,31,N3,Unidade da Federação,Minas Gerais,201508,57.85684,83.79340
7168,PMS - Número-índice com ajuste sazonal (2022=100),Número-índice,11046,31,N3,Unidade da Federação,Minas Gerais,201509,57.79785,80.63465
7168,PMS - Número-índice com ajuste sazonal (2022=100),Número-índice,11046,31,N3,Unidade da Federação,Minas Gerais,201510,58.05477,82.33150
7168,PMS - Número-índice com ajuste sazonal (2022=100),Número-índice,11046,31,N3,Unidade da Federação,Minas Gerais,201511,57.23582,82.12470
7168,PMS - Número-índice com ajuste sazonal (2022=100),Número-índice,11046,31,N3,Unidade da Federação,Minas Gerais,201512,56.30238,77.80822
7168,PMS - Número-índice com ajuste sazonal (2022=100),Número-índice,11046,31,N3,Unidade da Federação,Minas Gerais,201601,57.16617,75.43593
7168,PMS - Número-índice com ajuste sazonal (2022=100),Número-índice,11046,31,N3,Unidade da Federação,Minas Gerais,201602,57.59505,77.19685
7168,PMS - Número-índice com ajuste sazonal (2022=100),Número-índice,11046,31,N3,Unidade da Federação,Minas Gerais,201603,57.54133,77.14325
7168,PMS - Número-índice com ajuste sazonal (2022=100),Número-índice,11046,31,N3,Unidade da Federação,Minas Gerais,201604,56.56259,75.99331
7168,PMS - Número-índice com ajuste sazonal (2022=100),Número-índice,11046,31,N3,Unidade da Federação,Minas Gerais,201605,56.28106,73.67174
7168,PMS - Número-índice com ajuste sazonal (2022=100),Número-índice,11046,31,N3,Unidade da Federação,Minas Gerais,201606,54.78695,73.64296
7168,PMS - Número-índice com ajuste sazonal (2022=100),Número-índice,11046,31,N3,Unidade da Federação,Minas Gerais,201607,55.69934,73.37264
7168,PMS - Número-índice com ajuste sazonal (2022=100),Número-índice,11046,31,N3,Unidade da Federação,Minas Gerais,201608,56.14287,71.29043
7168,PMS - Número-índice com ajuste sazonal (2022=100),Número-índice,11046,31,N3,Unidade da Federação,Minas Gerais,201609,55.40169,73.15511
7168,PMS - Número-índice com ajuste sazonal (2022=100),Número-índice,11046,31,N3,Unidade da Federação,Minas Gerais,201610,55.52729,72.79008
7168,PMS - Número-índice com ajuste sazonal (2022=100),Número-índice,11046,31,N3,Unidade da Federação,Minas Gerais,201611,56.11194,73.34834
7168,PMS - Número-índice com ajuste sazonal (2022=100),Número-índice,11046,31,N3,Unidade da Federação,Minas Gerais,201612,54.65819,72.91380
7168,PMS - Número-índice com ajuste sazonal (2022=100),Número-índice,11046,31,N3,Unidade da Federação,Minas Gerais,201701,65.16401,77.33608
7168,PMS - Número-índice com ajuste sazonal (2022=100),Número-índice,11046,31,N3,Unidade da Federação,Minas Gerais,201702,65.80575,79.58799
7168,PMS - Número-índice com ajuste sazonal (2022=100),Número-índice,11046,31,N3,Unidade da Federação,Minas Gerais,201703,67.30523,78.60375
7168,PMS - Número-índice com ajuste sazonal (2022=100),Número-índice,11046,31,N3,Unidade da Federação,Minas Gerais,201704,63.77905,73.38168
7168,PMS - Número-índice com ajuste sazonal (2022=100),Número-índice,11046,31,N3,Unidade da Federação,Minas Gerais,201705,62.47724,71.10969
7168,PMS - Número-índice com ajuste sazonal (2022=100),Número-índice,11046,31,N3,Unidade da Federação,Minas Gerais,201706,64.71903,74.26932
7168,PMS - Número-índice com ajuste sazonal (2022=100),Número-índice,11046,31,N3,Unidade da Federação,Minas Gerais,201707,62.88994,73.31719
7168,PMS - Número-índice com ajuste sazonal (2022=100),Número-índice,11046,31,N3,Unidade da Federação,Minas Gerais,201708,62.42499,72.77147
7168,PMS - Número-índice com ajuste sazonal (2022=100),Número-índice,11046,31,N3,Unidade da Federação,Minas Gerais,201709,63.99228,73.84599
7168,PMS - Número-índice com ajuste sazonal (2022=100),Número-índice,11046,31,N3,Unidade da Federação,Minas Gerais,201710,64.54399,74.89598
7168,PMS - Número-índice com ajuste sazonal (2022=100),Número-índice,11046,31,N3,Unidade da Federação,Minas Gerais,201711,63.04645,74.92389
7168,PMS - Número-índice com ajuste sazonal (2022=100),Número-índice,11046,31,N3,Unidade da Federação,Minas Gerais,201712,66.82272,80.52559
7168,PMS - Número-índice com ajuste sazonal (2022=100),Número-índice,11046,31,N3,Unidade da Federação,Minas Gerais,201801,70.52202,80.64089
7168,PMS - Número-índice com ajuste sazonal (2022=100),Número-índice,11046,31,N3,Unidade da Federação,Minas Gerais,201802,66.88219,77.52827
7168,PMS - Número-índice com ajuste sazonal (2022=100),Número-índice,11046,31,N3,Unidade da Federação,Minas Gerais,201803,66.58556,75.22949
7168,PMS - Número-índice com ajuste sazonal (2022=100),Número-índice,11046,31,N3,Unidade da Federação,Minas Gerais,201804,67.07551,77.90905
7168,PMS - Número-índice com ajuste sazonal (2022=100),Número-índice,11046,31,N3,Unidade da Federação,Minas Gerais,201805,65.88437,75.03002
7168,PMS - Número-índice com ajuste sazonal (2022=100),Número-índice,11046,31,N3,Unidade da Federação,Minas Gerais,201806,64.91076,74.01933
7168,PMS - Número-índice com ajuste sazonal (2022=100),Número-índice,11046,31,N3,Unidade da Federação,Minas Gerais,201807,66.62970,74.69101
7168,PMS - Número-índice com ajuste sazonal (2022=100),Número-índice,11046,31,N3,Unidade da Federação,Minas Gerais,201808,67.39799,76.49897
7168,PMS - Número-índice com ajuste sazonal (2022=100),Número-índice,11046,31,N3,Unidade da Federação,Minas Gerais,201809,67.15180,75.85796
7168,PMS - Número-índice com ajuste sazonal (2022=100),Número-índice,11046,31,N3,Unidade da Federação,Minas Gerais,201810,66.85658,75.71001
7168,PMS - Número-índice com ajuste sazonal (2022=100),Número-índice,11046,31,N3,Unidade da Federação,Minas Gerais,201811,67.38138,76.19175
7168,PMS - Número-índice com ajuste sazonal (2022=100),Número-índice,11046,31,N3,Unidade da Federação,Minas Gerais,201812,67.82340,76.77760
7168,PMS - Número-índice com ajuste sazonal (2022=100),Número-índice,11046,31,N3,Unidade da Federação,Minas Gerais,201901,73.46814,78.95048
7168,PMS - Número-índice com ajuste sazonal (2022=100),Número-índice,11046,31,N3,Unidade da Federação,Minas Gerais,201902,70.04854,75.53054
7168,PMS - Número-índice com ajuste sazonal (2022=100),Número-índice,11046,31,N3,Unidade da Federação,Minas Gerais,201903,70.63349,77.05004
7168,PMS - Número-índice com ajuste sazonal (2022=100),Número-índice,11046,31,N3,Unidade da Federação,Minas Gerais,201904,71.53066,77.09043
7168,PMS - Número-índice com ajuste sazonal (2022=100),Número-índice,11046,31,N3,Unidade da Federação,Minas Gerais,201905,71.97312,79.05595
7168,PMS - Número-índice com ajuste sazonal (2022=100),Número-índice,11046,31,N3,Unidade da Federação,Minas Gerais,201906,72.31767,77.00307
7168,PMS - Número-índice com ajuste sazonal (2022=100),Número-índice,11046,31,N3,Unidade da Federação,Minas Gerais,201907,74.27463,79.48610
7168,PMS - Número-índice com ajuste sazonal (2022=100),Número-índice,11046,31,N3,Unidade da Federação,Minas Gerais,201908,72.86532,77.56121
7168,PMS - Número-índice com ajuste sazonal (2022=100),Número-índice,11046,31,N3,Unidade da Federação,Minas Gerais,201909,71.73734,78.99395
7168,PMS - Número-índice com ajuste sazonal (2022=100),Número-índice,11046,31,N3,Unidade da Federação,Minas Gerais,201910,72.82827,79.48079
7168,PMS - Número-índice com ajuste sazonal (2022=100),Número-índice,11046,31,N3,Unidade da Federação,Minas Gerais,201911,73.36621,79.64216
7168,PMS - Número-índice com ajuste sazonal (2022=100),Número-índice,11046,31,N3,Unidade da Federação,Minas Gerais,201912,74.63749,81.70392
7168,PMS - Número-índice com ajuste sazonal (2022=100),Número-índice,11046,31,N3,Unidade da Federação,Minas Gerais,202001,79.64859,82.01648
7168,PMS - Número-índice com ajuste sazonal (2022=100),Número-índice,11046,31,N3,Unidade da Federação,Minas Gerais,202002,75.38277,78.35125
7168,PMS - Número-índice com ajuste sazonal (2022=100),Número-índice,11046,31,N3,Unidade da Federação,Minas Gerais,202003,52.25890,53.43002
7168,PMS - Número-índice com ajuste sazonal (2022=100),Número-índice,11046,31,N3,Unidade da Federação,Minas Gerais,202004,27.29736,30.14633
7168,PMS - Número-índice com ajuste sazonal (2022=100),Número-índice,11046,31,N3,Unidade da Federação,Minas Gerais,202005,29.69552,30.75562
7168,PMS - Número-índice com ajuste sazonal (2022=100),Número-índice,11046,31,N3,Unidade da Federação,Minas Gerais,202006,32.84908,36.07429
7168,PMS - Número-índice com ajuste sazonal (2022=100),Número-índice,11046,31,N3,Unidade da Federação,Minas Gerais,202007,28.26353,35.41118
7168,PMS - Número-índice com ajuste sazonal (2022=100),Número-índice,11046,31,N3,Unidade da Federação,Minas Gerais,202008,39.86326,44.98128
7168,PMS - Número-índice com ajuste sazonal (2022=100),Número-índice,11046,31,N3,Unidade da Federação,Minas Gerais,202009,44.44705,51.18372
7168,PMS - Número-índice com ajuste sazonal (2022=100),Número-índice,11046,31,N3,Unidade da Federação,Minas Gerais,202010,50.56221,57.28397
7168,PMS - Número-índice com ajuste sazonal (2022=100),Número-índice,11046,31,N3,Unidade da Federação,Minas Gerais,202011,50.72193,55.54203
7168,PMS - Número-índice com ajuste sazonal (2022=100),Número-índice,11046,31,N3,Unidade da Federação,Minas Gerais,202012,47.02558,53.90623
7168,PMS - Número-índice com ajuste sazonal (2022=100),Número-índice,11046,31,N3,Unidade da Federação,Minas Gerais,202101,52.15108,56.20585
7168,PMS - Número-índice com ajuste sazonal (2022=100),Número-índice,11046,31,N3,Unidade da Federação,Minas Gerais,202102,56.51944,60.14901
7168,PMS - Número-índice com ajuste sazonal (2022=100),Número-índice,11046,31,N3,Unidade da Federação,Minas Gerais,202103,44.36740,46.44034
7168,PMS - Número-índice com ajuste sazonal (2022=100),Número-índice,11046,31,N3,Unidade da Federação,Minas Gerais,202104,42.11596,44.65380
7168,PMS - Número-índice com ajuste sazonal (2022=100),Número-índice,11046,31,N3,Unidade da Federação,Minas Gerais,202105,51.10078,54.82577
7168,PMS - Número-índice com ajuste sazonal (2022=100),Número-índice,11046,31,N3,Unidade da Federação,Minas Gerais,202106,63.42058,70.09464
7168,PMS - Número-índice com ajuste sazonal (2022=100),Número-índice,11046,31,N3,Unidade da Federação,Minas Gerais,202107,63.93410,71.26379
7168,PMS - Número-índice com ajuste sazonal (2022=100),Número-índice,11046,31,N3,Unidade da Federação,Minas Gerais,202108,70.80150,74.78276
7168,PMS - Número-índice com ajuste sazonal (2022=100),Número-índice,11046,31,N3,Unidade da Federação,Minas Gerais,202109,73.00097,76.92485
7168,PMS - Número-índice com ajuste sazonal (2022=100),Número-índice,11046,31,N3,Unidade da Federação,Minas Gerais,202110,76.92370,78.82792
7168,PMS - Número-índice com ajuste sazonal (2022=100),Número-índice,11046,31,N3,Unidade da Federação,Minas Gerais,202111,80.09975,83.10619
7168,PMS - Número-índice com ajuste sazonal (2022=100),Número-índice,11046,31,N3,Unidade da Federação,Minas Gerais,202112,81.47886,85.19881
7168,PMS - Número-índice com ajuste sazonal (2022=100),Número-índice,11046,31,N3,Unidade da Federação,Minas Gerais,202201,83.78098,85.94667
7168,PMS - Número-índice com ajuste sazonal (2022=100),Número-índice,11046,31,N3,Unidade da Federação,Minas Gerais,202202,86.68930,91.44587
7168,PMS - Número-índice com ajuste sazonal (2022=100),Número-índice,11046,31,N3,Unidade da Federação,Minas Gerais,202203,90.74976,93.48710
7168,PMS - Número-índice com ajuste sazonal (2022=100),Número-índice,11046,31,N3,Unidade da Federação,Minas Gerais,202204,95.48550,99.26417
7168,PMS - Número-índice com ajuste sazonal (2022=100),Número-índice,11046,31,N3,Unidade da Federação,Minas Gerais,202205,96.15606,98.41161
7168,PMS - Número-índice com ajuste sazonal (2022=100),Número-índice,11046,31,N3,Unidade da Federação,Minas Gerais,202206,99.00200,99.59665
7168,PMS - Número-índice com ajuste sazonal (2022=100),Número-índice,11046,31,N3,Unidade da Federação,Minas Gerais,202207,100.58729,99.63288
7168,PMS - Número-índice com ajuste sazonal (2022=100),Número-índice,11046,31,N3,Unidade da Federação,Minas Gerais,202208,109.32845,105.41898
7168,PMS - Número-índice com ajuste sazonal (2022=100),Número-índice,11046,31,N3,Unidade da Federação,Minas Gerais,202209,106.77848,102.49497
7168,PMS - Número-índice com ajuste sazonal (2022=100),Número-índice,11046,31,N3,Unidade da Federação,Minas Gerais,202210,109.79670,104.40762
7168,PMS - Número-índice com ajuste sazonal (2022=100),Número-índice,11046,31,N3,Unidade da Federação,Minas Gerais,202211,107.96709,105.66451
7168,PMS - Número-índice com ajuste sazonal (2022=100),Número-índice,11046,31,N3,Unidade da Federação,Minas Gerais,202212,113.56496,113.64458
7168,PMS - Número-índice com ajuste sazonal (2022=100),Número-índice,11046,31,N3,Unidade da Federação,Minas Gerais,202301,111.86298,107.99786
7168,PMS - Número-índice com ajuste sazonal (2022=100),Número-índice,11046,31,N3,Unidade da Federação,Minas Gerais,202302,116.39275,112.87027
7168,PMS - Número-índice com ajuste sazonal (2022=100),Número-índice,11046,31,N3,Unidade da Federação,Minas Gerais,202303,119.80366,114.95966
7168,PMS - Número-índice com ajuste sazonal (2022=100),Número-índice,11046,31,N3,Unidade da Federação,Minas Gerais,202304,120.97107,110.14069
7168,PMS - Número-índice com ajuste sazonal (2022=100),Número-índice,11046,31,N3,Unidade da Federação,Minas Gerais,202305,123.61851,116.31257
7168,PMS - Número-índice com ajuste sazonal (2022=100),Número-índice,11046,31,N3,Unidade da Federação,Minas Gerais,202306,125.24810,116.70250
7168,PMS - Número-índice com ajuste sazonal (2022=100),Número-índice,11046,31,N3,Unidade da Federação,Minas Gerais,202307,128.06662,117.76417
7168,PMS - Número-índice com ajuste sazonal (2022=100),Número-índice,11046,31,N3,Unidade da Federação,Minas Gerais,202308,127.11430,117.46998
7168,PMS - Número-índice com ajuste sazonal (2022=100),Número-índice,11046,31,N3,Unidade da Federação,Minas Gerais,202309,128.60911,121.59346
7168,PMS - Número-índice com ajuste sazonal (2022=100),Número-índice,11046,31,N3,Unidade da Federação,Minas Gerais,202310,129.29431,121.03853
7168,PMS - Número-índice com ajuste sazonal (2022=100),Número-índice,11046,31,N3,Unidade da Federação,Minas Gerais,202311,131.94050,118.68041
7168,PMS - Número-índice com ajuste sazonal (2022=100),Número-índice,11046,31,N3,Unidade da Federação,Minas Gerais,202312,135.85219,119.52643
7168,PMS - Número-índice com ajuste sazonal (2022=100),Número-índice,11046,31,N3,Unidade da Federação,Minas Gerais,202401,139.07332,121.19325
7168,PMS - Número-índice com ajuste sazonal (2022=100),Número-índice,11046,31,N3,Unidade da Federação,Minas Gerais,202402,138.64313,119.40110
7168,PMS - Número-índice com ajuste sazonal (2022=100),Número-índice,11046,31,N3,Unidade da Federação,Minas Gerais,202403,139.28751,119.68260
7168,PMS - Número-índice com ajuste sazonal (2022=100),Número-índice,11046,31,N3,Unidade da Federação,Minas Gerais,202404,140.33892,126.37715
7168,PMS - Número-índice com ajuste sazonal (2022=100),Número-índice,11046,31,N3,Unidade da Federação,Minas Gerais,202405,143.02601,125.37528
7168,PMS - Número-índice com ajuste sazonal (2022=100),Número-índice,11046,31,N3,Unidade da Federação,Minas Gerais,202406,144.90884,127.54997
7168,PMS - Número-índice com ajuste sazonal (2022=100),Número-índice,11046,31,N3,Unidade da Federação,Minas Gerais,202407,150.70657,130.19267
7168,PMS - Número-índice com ajuste sazonal (2022=100),Número-índice,11046,31,N3,Unidade da Federação,Minas Gerais,202408,149.66319,128.92754
7168,PMS - Número-índice com ajuste sazonal (2022=100),Número-índice,11046,31,N3,Unidade da Federação,Minas Gerais,202409,152.61325,128.76136
7168,PMS - Número-índice com ajuste sazonal (2022=100),Número-índice,11046,32,N3,Unidade da Federação,Espírito Santo,201101,49.64895,113.43489
7168,PMS - Número-índice com ajuste sazonal (2022=100),Número-índice,11046,32,N3,Unidade da Federação,Espírito Santo,201102,50.34221,111.70348
7168,PMS - Número-índice com ajuste sazonal (2022=100),Número-índice,11046,32,N3,Unidade da Federação,Espírito Santo,201103,55.19980,112.19878
7168,PMS - Número-índice com ajuste sazonal (2022=100),Número-índice,11046,32,N3,Unidade da Federação,Espírito Santo,201104,52.27059,109.38751
7168,PMS - Número-índice com ajuste sazonal (2022=100),Número-índice,11046,32,N3,Unidade da Federação,Espírito Santo,201105,51.44794,107.13788
7168,PMS - Número-índice com ajuste sazonal (2022=100),Número-índice,11046,32,N3,Unidade da Federação,Espírito Santo,201106,53.40899,106.36572
7168,PMS - Número-índice com ajuste sazonal (2022=100),Número-índice,11046,32,N3,Unidade da Federação,Espírito Santo,201107,52.92760,107.60320
7168,PMS - Número-índice com ajuste sazonal (2022=100),Número-índice,11046,32,N3,Unidade da Federação,Espírito Santo,201108,53.03968,105.05075
7168,PMS - Número-índice com ajuste sazonal (2022=100),Número-índice,11046,32,N3,Unidade da Federação,Espírito Santo,201109,52.97168,100.77202
7168,PMS - Número-índice com ajuste sazonal (2022=100),Número-índice,11046,32,N3,Unidade da Federação,Espírito Santo,201110,53.12772,98.31708
7168,PMS - Número-índice com ajuste sazonal (2022=100),Número-índice,11046,32,N3,Unidade da Federação,Espírito Santo,201111,52.75664,96.67877
7168,PMS - Número-índice com ajuste sazonal (2022=100),Número-índice,11046,32,N3,Unidade da Federação,Espírito Santo,201112,55.04901,106.89565
7168,PMS - Número-índice com ajuste sazonal (2022=100),Número-índice,11046,32,N3,Unidade da Federação,Espírito Santo,201201,54.80293,99.02247
7168,PMS - Número-índice com ajuste sazonal (2022=100),Número-índice,11046,32,N3,Unidade da Federação,Espírito Santo,201202,57.29531,102.40665
7168,PMS - Número-índice com ajuste sazonal (2022=100),Número-índice,11046,32,N3,Unidade da Federação,Espírito Santo,201203,56.41873,100.16596
7168,PMS - Número-índice com ajuste sazonal (2022=100),Número-índice,11046,32,N3,Unidade da Federação,Espírito Santo,201204,55.94749,98.58845
7168,PMS - Número-índice com ajuste sazonal (2022=100),Número-índice,11046,32,N3,Unidade da Federação,Espírito Santo,201205,57.82493,101.97669
7168,PMS - Número-índice com ajuste sazonal (2022=100),Número-índice,11046,32,N3,Unidade da Federação,Espírito Santo,201206,60.34125,105.02214
7168,PMS - Número-índice com ajuste sazonal (2022=100),Número-índice,11046,32,N3,Unidade da Federação,Espírito Santo,201207,58.48414,102.40142
7168,PMS - Número-índice com ajuste sazonal (2022=100),Número-índice,11046,32,N3,Unidade da Federação,Espírito Santo,201208,55.84648,94.67527
7168,PMS - Número-índice com ajuste sazonal (2022=100),Número-índice,11046,32,N3,Unidade da Federação,Espírito Santo,201209,60.38300,104.59798
7168,PMS - Número-índice com ajuste sazonal (2022=100),Número-índice,11046,32,N3,Unidade da Federação,Espírito Santo,201210,58.79649,103.52338
7168,PMS - Número-índice com ajuste sazonal (2022=100),Número-índice,11046,32,N3,Unidade da Federação,Espírito Santo,201211,60.83595,104.61500
7168,PMS - Número-índice com ajuste sazonal (2022=100),Número-índice,11046,32,N3,Unidade da Federação,Espírito Santo,201212,61.69157,107.65580
7168,PMS - Número-índice com ajuste sazonal (2022=100),Número-índice,11046,32,N3,Unidade da Federação,Espírito Santo,201301,56.73802,95.45947
7168,PMS - Número-índice com ajuste sazonal (2022=100),Número-índice,11046,32,N3,Unidade da Federação,Espírito Santo,201302,59.24466,98.27469
7168,PMS - Número-índice com ajuste sazonal (2022=100),Número-índice,11046,32,N3,Unidade da Federação,Espírito Santo,201303,59.15008,102.58451
7168,PMS - Número-índice com ajuste sazonal (2022=100),Número-índice,11046,32,N3,Unidade da Federação,Espírito Santo,201304,59.46505,105.18428
7168,PMS - Número-índice com ajuste sazonal (2022=100),Número-índice,11046,32,N3,Unidade da Federação,Espírito Santo,201305,61.73762,103.52189
7168,PMS - Número-índice com ajuste sazonal (2022=100),Número-índice,11046,32,N3,Unidade da Federação,Espírito Santo,201306,62.33542,102.96288
7168,PMS - Número-índice com ajuste sazonal (2022=100),Número-índice,11046,32,N3,Unidade da Federação,Espírito Santo,201307,62.71290,106.20714
7168,PMS - Número-índice com ajuste sazonal (2022=100),Número-índice,11046,32,N3,Unidade da Federação,Espírito Santo,201308,63.76911,104.27653
7168,PMS - Número-índice com ajuste sazonal (2022=100),Número-índice,11046,32,N3,Unidade da Federação,Espírito Santo,201309,62.62578,102.94269
7168,PMS - Número-índice com ajuste sazonal (2022=100),Número-índice,11046,32,N3,Unidade da Federação,Espírito Santo,201310,64.22497,104.98030
7168,PMS - Número-índice com ajuste sazonal (2022=100),Número-índice,11046,32,N3,Unidade da Federação,Espírito Santo,201311,66.21837,106.67624
7168,PMS - Número-índice com ajuste sazonal (2022=100),Número-índice,11046,32,N3,Unidade da Federação,Espírito Santo,201312,62.82276,102.79870
7168,PMS - Número-índice com ajuste sazonal (2022=100),Número-índice,11046,32,N3,Unidade da Federação,Espírito Santo,201401,64.49649,107.50940
7168,PMS - Número-índice com ajuste sazonal (2022=100),Número-índice,11046,32,N3,Unidade da Federação,Espírito Santo,201402,66.21203,110.97280
7168,PMS - Número-índice com ajuste sazonal (2022=100),Número-índice,11046,32,N3,Unidade da Federação,Espírito Santo,201403,68.47716,106.41831
7168,PMS - Número-índice com ajuste sazonal (2022=100),Número-índice,11046,32,N3,Unidade da Federação,Espírito Santo,201404,69.80269,108.30633
7168,PMS - Número-índice com ajuste sazonal (2022=100),Número-índice,11046,32,N3,Unidade da Federação,Espírito Santo,201405,68.72117,108.63903
7168,PMS - Número-índice com ajuste sazonal (2022=100),Número-índice,11046,32,N3,Unidade da Federação,Espírito Santo,201406,64.89562,93.65497
7168,PMS - Número-índice com ajuste sazonal (2022=100),Número-índice,11046,32,N3,Unidade da Federação,Espírito Santo,201407,61.65253,102.91537
7168,PMS - Número-índice com ajuste sazonal (2022=100),Número-índice,11046,32,N3,Unidade da Federação,Espírito Santo,201408,67.29211,107.09056
7168,PMS - Número-índice com ajuste sazonal (2022=100),Número-índice,11046,32,N3,Unidade da Federação,Espírito Santo,201409,72.47970,112.88468
7168,PMS - Número-índice com ajuste sazonal (2022=100),Número-índice,11046,32,N3,Unidade da Federação,Espírito Santo,201410,67.93990,105.51139
7168,PMS - Número-índice com ajuste sazonal (2022=100),Número-índice,11046,32,N3,Unidade da Federação,Espírito Santo,201411,67.40604,104.82418
7168,PMS - Número-índice com ajuste sazonal (2022=100),Número-índice,11046,32,N3,Unidade da Federação,Espírito Santo,201412,67.22632,102.76716
7168,PMS - Número-índice com ajuste sazonal (2022=100),Número-índice,11046,32,N3,Unidade da Federação,Espírito Santo,201501,67.10739,100.52553
7168,PMS - Número-índice com ajuste sazonal (2022=100),Número-índice,11046,32,N3,Unidade da Federação,Espírito Santo,201502,65.60278,97.58556
7168,PMS - Número-índice com ajuste sazonal (2022=100),Número-índice,11046,32,N3,Unidade da Federação,Espírito Santo,201503,63.18919,96.28066
7168,PMS - Número-índice com ajuste sazonal (2022=100),Número-índice,11046,32,N3,Unidade da Federação,Espírito Santo,201504,66.43634,98.47281
7168,PMS - Número-índice com ajuste sazonal (2022=100),Número-índice,11046,32,N3,Unidade da Federação,Espírito Santo,201505,64.46818,99.25040
7168,PMS - Número-índice com ajuste sazonal (2022=100),Número-índice,11046,32,N3,Unidade da Federação,Espírito Santo,201506,64.41950,93.66020
7168,PMS - Número-índice com ajuste sazonal (2022=100),Número-índice,11046,32,N3,Unidade da Federação,Espírito Santo,201507,64.65746,97.42454
7168,PMS - Número-índice com ajuste sazonal (2022=100),Número-índice,11046,32,N3,Unidade da Federação,Espírito Santo,201508,64.48031,97.55682
7168,PMS - Número-índice com ajuste sazonal (2022=100),Número-índice,11046,32,N3,Unidade da Federação,Espírito Santo,201509,65.90643,99.35714
7168,PMS - Número-índice com ajuste sazonal (2022=100),Número-índice,11046,32,N3,Unidade da Federação,Espírito Santo,201510,69.54039,103.09875
7168,PMS - Número-índice com ajuste sazonal (2022=100),Número-índice,11046,32,N3,Unidade da Federação,Espírito Santo,201511,63.83444,94.36980
7168,PMS - Número-índice com ajuste sazonal (2022=100),Número-índice,11046,32,N3,Unidade da Federação,Espírito Santo,201512,61.95566,91.11602
7168,PMS - Número-índice com ajuste sazonal (2022=100),Número-índice,11046,32,N3,Unidade da Federação,Espírito Santo,201601,66.24713,93.81927
7168,PMS - Número-índice com ajuste sazonal (2022=100),Número-índice,11046,32,N3,Unidade da Federação,Espírito Santo,201602,67.36652,96.46364
7168,PMS - Número-índice com ajuste sazonal (2022=100),Número-índice,11046,32,N3,Unidade da Federação,Espírito Santo,201603,64.20873,94.25054
7168,PMS - Número-índice com ajuste sazonal (2022=100),Número-índice,11046,32,N3,Unidade da Federação,Espírito Santo,201604,63.15305,93.64388
7168,PMS - Número-índice com ajuste sazonal (2022=100),Número-índice,11046,32,N3,Unidade da Federação,Espírito Santo,201605,62.47886,91.56939
7168,PMS - Número-índice com ajuste sazonal (2022=100),Número-índice,11046,32,N3,Unidade da Federação,Espírito Santo,201606,62.51600,91.27027
7168,PMS - Número-índice com ajuste sazonal (2022=100),Número-índice,11046,32,N3,Unidade da Federação,Espírito Santo,201607,65.51223,94.80812
7168,PMS - Número-índice com ajuste sazonal (2022=100),Número-índice,11046,32,N3,Unidade da Federação,Espírito Santo,201608,61.84083,78.41277
7168,PMS - Número-índice com ajuste sazonal (2022=100),Número-índice,11046,32,N3,Unidade da Federação,Espírito Santo,201609,60.47855,84.92664
7168,PMS - Número-índice com ajuste sazonal (2022=100),Número-índice,11046,32,N3,Unidade da Federação,Espírito Santo,201610,61.20929,87.68357
7168,PMS - Número-índice com ajuste sazonal (2022=100),Número-índice,11046,32,N3,Unidade da Federação,Espírito Santo,201611,61.06422,87.08986
7168,PMS - Número-índice com ajuste sazonal (2022=100),Número-índice,11046,32,N3,Unidade da Federação,Espírito Santo,201612,58.26277,84.70728
7168,PMS - Número-índice com ajuste sazonal (2022=100),Número-índice,11046,32,N3,Unidade da Federação,Espírito Santo,201701,61.89255,84.58725
7168,PMS - Número-índice com ajuste sazonal (2022=100),Número-índice,11046,32,N3,Unidade da Federação,Espírito Santo,201702,62.42954,81.38319
7168,PMS - Número-índice com ajuste sazonal (2022=100),Número-índice,11046,32,N3,Unidade da Federação,Espírito Santo,201703,63.32061,82.04621
7168,PMS - Número-índice com ajuste sazonal (2022=100),Número-índice,11046,32,N3,Unidade da Federação,Espírito Santo,201704,66.18513,80.82940
7168,PMS - Número-índice com ajuste sazonal (2022=100),Número-índice,11046,32,N3,Unidade da Federação,Espírito Santo,201705,68.75163,83.98477
7168,PMS - Número-índice com ajuste sazonal (2022=100),Número-índice,11046,32,N3,Unidade da Federação,Espírito Santo,201706,71.34580,86.43966
7168,PMS - Número-índice com ajuste sazonal (2022=100),Número-índice,11046,32,N3,Unidade da Federação,Espírito Santo,201707,69.74515,88.05776
7168,PMS - Número-índice com ajuste sazonal (2022=100),Número-índice,11046,32,N3,Unidade da Federação,Espírito Santo,201708,71.27741,88.04245
7168,PMS - Número-índice com ajuste sazonal (2022=100),Número-índice,11046,32,N3,Unidade da Federação,Espírito Santo,201709,72.54095,88.37000
7168,PMS - Número-índice com ajuste sazonal (2022=100),Número-índice,11046,32,N3,Unidade da Federação,Espírito Santo,201710,73.46679,89.69936
7168,PMS - Número-índice com ajuste sazonal (2022=100),Número-índice,11046,32,N3,Unidade da Federação,Espírito Santo,201711,70.60117,89.20167
7168,PMS - Número-índice com ajuste sazonal (2022=100),Número-índice,11046,32,N3,Unidade da Federação,Espírito Santo,201712,75.39597,94.72509
7168,PMS - Número-índice com ajuste sazonal (2022=100),Número-índice,11046,32,N3,Unidade da Federação,Espírito Santo,201801,75.28380,94.85926
7168,PMS - Número-índice com ajuste sazonal (2022=100),Número-índice,11046,32,N3,Unidade da Federação,Espírito Santo,201802,73.59349,89.75018
7168,PMS - Número-índice com ajuste sazonal (2022=100),Número-índice,11046,32,N3,Unidade da Federação,Espírito Santo,201803,78.34319,97.45589
7168,PMS - Número-índice com ajuste sazonal (2022=100),Número-índice,11046,32,N3,Unidade da Federação,Espírito Santo,201804,76.87523,94.62974
7168,PMS - Número-índice com ajuste sazonal (2022=100),Número-índice,11046,32,N3,Unidade da Federação,Espírito Santo,201805,77.15216,93.69071
7168,PMS - Número-índice com ajuste sazonal (2022=100),Número-índice,11046,32,N3,Unidade da Federação,Espírito Santo,201806,74.91189,94.08194
7168,PMS - Número-índice com ajuste sazonal (2022=100),Número-índice,11046,32,N3,Unidade da Federação,Espírito Santo,201807,75.13791,89.21499
7168,PMS - Número-índice com ajuste sazonal (2022=100),Número-índice,11046,32,N3,Unidade da Federação,Espírito Santo,201808,76.23803,92.81681
7168,PMS - Número-índice com ajuste sazonal (2022=100),Número-índice,11046,32,N3,Unidade da Federação,Espírito Santo,201809,75.06594,89.84957
7168,PMS - Número-índice com ajuste sazonal (2022=100),Número-índice,11046,32,N3,Unidade da Federação,Espírito Santo,201810,74.69709,90.11987
7168,PMS - Número-índice com ajuste sazonal (2022=100),Número-índice,11046,32,N3,Unidade da Federação,Espírito Santo,201811,75.56829,90.83576
7168,PMS - Número-índice com ajuste sazonal (2022=100),Número-índice,11046,32,N3,Unidade da Federação,Espírito Santo,201812,81.24535,93.59310
7168,PMS - Número-índice com ajuste sazonal (2022=100),Número-índice,11046,32,N3,Unidade da Federação,Espírito Santo,201901,83.15068,95.65455
7168,PMS - Número-índice com ajuste sazonal (2022=100),Número-índice,11046,32,N3,Unidade da Federação,Espírito Santo,201902,81.04499,95.68757
7168,PMS - Número-índice com ajuste sazonal (2022=100),Número-índice,11046,32,N3,Unidade da Federação,Espírito Santo,201903,82.37784,94.94605
7168,PMS - Número-índice com ajuste sazonal (2022=100),Número-índice,11046,32,N3,Unidade da Federação,Espírito Santo,201904,80.18474,90.24504
7168,PMS - Número-índice com ajuste sazonal (2022=100),Número-índice,11046,32,N3,Unidade da Federação,Espírito Santo,201905,81.16832,95.85984
7168,PMS - Número-índice com ajuste sazonal (2022=100),Número-índice,11046,32,N3,Unidade da Federação,Espírito Santo,201906,84.33984,96.22252
7168,PMS - Número-índice com ajuste sazonal (2022=100),Número-índice,11046,32,N3,Unidade da Federação,Espírito Santo,201907,85.63594,98.02834
7168,PMS - Número-índice com ajuste sazonal (2022=100),Número-índice,11046,32,N3,Unidade da Federação,Espírito Santo,201908,84.83763,95.92606
7168,PMS - Número-índice com ajuste sazonal (2022=100),Número-índice,11046,32,N3,Unidade da Federação,Espírito Santo,201909,82.31300,97.06564
7168,PMS - Número-índice com ajuste sazonal (2022=100),Número-índice,11046,32,N3,Unidade da Federação,Espírito Santo,201910,80.22947,94.46718
7168,PMS - Número-índice com ajuste sazonal (2022=100),Número-índice,11046,32,N3,Unidade da Federação,Espírito Santo,201911,81.22829,95.68550
7168,PMS - Número-índice com ajuste sazonal (2022=100),Número-índice,11046,32,N3,Unidade da Federação,Espírito Santo,201912,79.05002,93.34031
7168,PMS - Número-índice com ajuste sazonal (2022=100),Número-índice,11046,32,N3,Unidade da Federação,Espírito Santo,202001,77.37056,90.48600
7168,PMS - Número-índice com ajuste sazonal (2022=100),Número-índice,11046,32,N3,Unidade da Federação,Espírito Santo,202002,79.97538,93.18805
7168,PMS - Número-índice com ajuste sazonal (2022=100),Número-índice,11046,32,N3,Unidade da Federação,Espírito Santo,202003,56.60578,66.81022
7168,PMS - Número-índice com ajuste sazonal (2022=100),Número-índice,11046,32,N3,Unidade da Federação,Espírito Santo,202004,31.90376,36.32832
7168,PMS - Número-índice com ajuste sazonal (2022=100),Número-índice,11046,32,N3,Unidade da Federação,Espírito Santo,202005,35.05230,40.74657
7168,PMS - Número-índice com ajuste sazonal (2022=100),Número-índice,11046,32,N3,Unidade da Federação,Espírito Santo,202006,37.11973,44.84305
7168,PMS - Número-índice com ajuste sazonal (2022=100),Número-índice,11046,32,N3,Unidade da Federação,Espírito Santo,202007,32.45815,44.98312
7168,PMS - Número-índice com ajuste sazonal (2022=100),Número-índice,11046,32,N3,Unidade da Federação,Espírito Santo,202008,43.13365,55.14892
7168,PMS - Número-índice com ajuste sazonal (2022=100),Número-índice,11046,32,N3,Unidade da Federação,Espírito Santo,202009,48.78872,63.63771
7168,PMS - Número-índice com ajuste sazonal (2022=100),Número-índice,11046,32,N3,Unidade da Federação,Espírito Santo,202010,57.67773,71.93319
7168,PMS - Número-índice com ajuste sazonal (2022=100),Número-índice,11046,32,N3,Unidade da Federação,Espírito Santo,202011,57.85919,70.87297
7168,PMS - Número-índice com ajuste sazonal (2022=100),Número-índice,11046,32,N3,Unidade da Federação,Espírito Santo,202012,55.11539,68.49533
7168,PMS - Número-índice com ajuste sazonal (2022=100),Número-índice,11046,32,N3,Unidade da Federação,Espírito Santo,202101,58.28935,74.08195
7168,PMS - Número-índice com ajuste sazonal (2022=100),Número-índice,11046,32,N3,Unidade da Federação,Espírito Santo,202102,65.20880,78.24369
7168,PMS - Número-índice com ajuste sazonal (2022=100),Número-índice,11046,32,N3,Unidade da Federação,Espírito Santo,202103,53.31264,63.36131
7168,PMS - Número-índice com ajuste sazonal (2022=100),Número-índice,11046,32,N3,Unidade da Federação,Espírito Santo,202104,44.72648,49.94557
7168,PMS - Número-índice com ajuste sazonal (2022=100),Número-índice,11046,32,N3,Unidade da Federação,Espírito Santo,202105,62.49015,72.46632
7168,PMS - Número-índice com ajuste sazonal (2022=100),Número-índice,11046,32,N3,Unidade da Federação,Espírito Santo,202106,67.77060,79.03468
7168,PMS - Número-índice com ajuste sazonal (2022=100),Número-índice,11046,32,N3,Unidade da Federação,Espírito Santo,202107,70.37940,81.42651
7168,PMS - Número-índice com ajuste sazonal (2022=100),Número-índice,11046,32,N3,Unidade da Federação,Espírito Santo,202108,75.83066,85.39682
7168,PMS - Número-índice com ajuste sazonal (2022=100),Número-índice,11046,32,N3,Unidade da Federação,Espírito Santo,202109,81.87161,90.86580
7168,PMS - Número-índice com ajuste sazonal (2022=100),Número-índice,11046,32,N3,Unidade da Federação,Espírito Santo,202110,85.66855,93.04167
7168,PMS - Número-índice com ajuste sazonal (2022=100),Número-índice,11046,32,N3,Unidade da Federação,Espírito Santo,202111,84.01423,91.79582
7168,PMS - Número-índice com ajuste sazonal (2022=100),Número-índice,11046,32,N3,Unidade da Federação,Espírito Santo,202112,90.19590,97.16631
7168,PMS - Número-índice com ajuste sazonal (2022=100),Número-índice,11046,32,N3,Unidade da Federação,Espírito Santo,202201,88.00735,98.14915
7168,PMS - Número-índice com ajuste sazonal (2022=100),Número-índice,11046,32,N3,Unidade da Federação,Espírito Santo,202202,87.64119,94.71387
7168,PMS - Número-índice com ajuste sazonal (2022=100),Número-índice,11046,32,N3,Unidade da Federação,Espírito Santo,202203,99.14652,105.42196
7168,PMS - Número-índice com ajuste sazonal (2022=100),Número-índice,11046,32,N3,Unidade da Federação,Espírito Santo,202204,102.76228,106.47363
7168,PMS - Número-índice com ajuste sazonal (2022=100),Número-índice,11046,32,N3,Unidade da Federação,Espírito Santo,202205,103.46803,101.10103
7168,PMS - Número-índice com ajuste sazonal (2022=100),Número-índice,11046,32,N3,Unidade da Federação,Espírito Santo,202206,97.00955,94.05775
7168,PMS - Número-índice com ajuste sazonal (2022=100),Número-índice,11046,32,N3,Unidade da Federação,Espírito Santo,202207,103.97571,101.02693
7168,PMS - Número-índice com ajuste sazonal (2022=100),Número-índice,11046,32,N3,Unidade da Federação,Espírito Santo,202208,103.92691,99.99903
7168,PMS - Número-índice com ajuste sazonal (2022=100),Número-índice,11046,32,N3,Unidade da Federação,Espírito Santo,202209,102.49020,95.43909
7168,PMS - Número-índice com ajuste sazonal (2022=100),Número-índice,11046,32,N3,Unidade da Federação,Espírito Santo,202210,104.19633,99.50536
7168,PMS - Número-índice com ajuste sazonal (2022=100),Número-índice,11046,32,N3,Unidade da Federação,Espírito Santo,202211,102.04756,100.72285
7168,PMS - Número-índice com ajuste sazonal (2022=100),Número-índice,11046,32,N3,Unidade da Federação,Espírito Santo,202212,105.50798,103.86746
7168,PMS - Número-índice com ajuste sazonal (2022=100),Número-índice,11046,32,N3,Unidade da Federação,Espírito Santo,202301,106.27416,101.97394
7168,PMS - Número-índice com ajuste sazonal (2022=100),Número-índice,11046,32,N3,Unidade da Federação,Espírito Santo,202302,108.14212,106.61994
7168,PMS - Número-índice com ajuste sazonal (2022=100),Número-índice,11046,32,N3,Unidade da Federação,Espírito Santo,202303,110.90933,106.38622
7168,PMS - Número-índice com ajuste sazonal (2022=100),Número-índice,11046,32,N3,Unidade da Federação,Espírito Santo,202304,114.34094,104.97158
7168,PMS - Número-índice com ajuste sazonal (2022=100),Número-índice,11046,32,N3,Unidade da Federação,Espírito Santo,202305,109.74973,108.28166
7168,PMS - Número-índice com ajuste sazonal (2022=100),Número-índice,11046,32,N3,Unidade da Federação,Espírito Santo,202306,110.53717,104.94436
7168,PMS - Número-índice com ajuste sazonal (2022=100),Número-índice,11046,32,N3,Unidade da Federação,Espírito Santo,202307,108.18356,100.03282
7168,PMS - Número-índice com ajuste sazonal (2022=100),Número-índice,11046,32,N3,Unidade da Federação,Espírito Santo,202308,107.61236,100.86829
7168,PMS - Número-índice com ajuste sazonal (2022=100),Número-índice,11046,32,N3,Unidade da Federação,Espírito Santo,202309,107.63924,99.96872
7168,PMS - Número-índice com ajuste sazonal (2022=100),Número-índice,11046,32,N3,Unidade da Federação,Espírito Santo,202310,105.92597,95.64275
7168,PMS - Número-índice com ajuste sazonal (2022=100),Número-índice,11046,32,N3,Unidade da Federação,Espírito Santo,202311,111.02833,96.48702
7168,PMS - Número-índice com ajuste sazonal (2022=100),Número-índice,11046,32,N3,Unidade da Federação,Espírito Santo,202312,105.92166,88.87198
7168,PMS - Número-índice com ajuste sazonal (2022=100),Número-índice,11046,32,N3,Unidade da Federação,Espírito Santo,202401,109.41803,92.47982
7168,PMS - Número-índice com ajuste sazonal (2022=100),Número-índice,11046,32,N3,Unidade da Federação,Espírito Santo,202402,108.12690,93.97324
7168,PMS - Número-índice com ajuste sazonal (2022=100),Número-índice,11046,32,N3,Unidade da Federação,Espírito Santo,202403,106.05781,92.27226
7168,PMS - Número-índice com ajuste sazonal (2022=100),Número-índice,11046,32,N3,Unidade da Federação,Espírito Santo,202404,107.91901,94.96826
7168,PMS - Número-índice com ajuste sazonal (2022=100),Número-índice,11046,32,N3,Unidade da Federação,Espírito Santo,202405,112.18837,97.48092
7168,PMS - Número-índice com ajuste sazonal (2022=100),Número-índice,11046,32,N3,Unidade da Federação,Espírito Santo,202406,115.23277,102.33165
7168,PMS - Número-índice com ajuste sazonal (2022=100),Número-índice,11046,32,N3,Unidade da Federação,Espírito Santo,202407,116.63878,101.18614
7168,PMS - Número-índice com ajuste sazonal (2022=100),Número-índice,11046,32,N3,Unidade da Federação,Espírito Santo,202408,114.86733,98.84386
7168,PMS - Número-índice com ajuste sazonal (2022=100),Número-índice,11046,32,N3,Unidade da Federação,Espírito Santo,202409,114.02081,98.65129
7168,PMS - Número-índice com ajuste sazonal (2022=100),Número-índice,11046,33,N3,Unidade da Federação,Rio de Janeiro,201101,69.93123,152.28066
7168,PMS - Número-índice com ajuste sazonal (2022=100),Número-índice,11046,33,N3,Unidade da Federação,Rio de Janeiro,201102,70.85527,147.58958
7168,PMS - Número-índice com ajuste sazonal (2022=100),Número-índice,11046,33,N3,Unidade da Federação,Rio de Janeiro,201103,71.57686,147.25739
7168,PMS - Número-índice com ajuste sazonal (2022=100),Número-índice,11046,33,N3,Unidade da Federação,Rio de Janeiro,201104,74.27128,148.54972
7168,PMS - Número-índice com ajuste sazonal (2022=100),Número-índice,11046,33,N3,Unidade da Federação,Rio de Janeiro,201105,75.94678,149.42462
7168,PMS - Número-índice com ajuste sazonal (2022=100),Número-índice,11046,33,N3,Unidade da Federação,Rio de Janeiro,201106,75.80994,148.10991
7168,PMS - Número-índice com ajuste sazonal (2022=100),Número-índice,11046,33,N3,Unidade da Federação,Rio de Janeiro,201107,76.95938,148.71182
7168,PMS - Número-índice com ajuste sazonal (2022=100),Número-índice,11046,33,N3,Unidade da Federação,Rio de Janeiro,201108,77.03680,145.59830
7168,PMS - Número-índice com ajuste sazonal (2022=100),Número-índice,11046,33,N3,Unidade da Federação,Rio de Janeiro,201109,77.10889,142.14957
7168,PMS - Número-índice com ajuste sazonal (2022=100),Número-índice,11046,33,N3,Unidade da Federação,Rio de Janeiro,201110,77.06954,139.49753
7168,PMS - Número-índice com ajuste sazonal (2022=100),Número-índice,11046,33,N3,Unidade da Federação,Rio de Janeiro,201111,78.16942,140.23133
7168,PMS - Número-índice com ajuste sazonal (2022=100),Número-índice,11046,33,N3,Unidade da Federação,Rio de Janeiro,201112,78.32182,147.13932
7168,PMS - Número-índice com ajuste sazonal (2022=100),Número-índice,11046,33,N3,Unidade da Federação,Rio de Janeiro,201201,79.28737,139.95588
7168,PMS - Número-índice com ajuste sazonal (2022=100),Número-índice,11046,33,N3,Unidade da Federação,Rio de Janeiro,201202,81.37443,143.77245
7168,PMS - Número-índice com ajuste sazonal (2022=100),Número-índice,11046,33,N3,Unidade da Federação,Rio de Janeiro,201203,82.73561,141.26749
7168,PMS - Número-índice com ajuste sazonal (2022=100),Número-índice,11046,33,N3,Unidade da Federação,Rio de Janeiro,201204,83.75980,142.53469
7168,PMS - Número-índice com ajuste sazonal (2022=100),Número-índice,11046,33,N3,Unidade da Federação,Rio de Janeiro,201205,83.94652,141.39134
7168,PMS - Número-índice com ajuste sazonal (2022=100),Número-índice,11046,33,N3,Unidade da Federação,Rio de Janeiro,201206,88.07037,151.49510
7168,PMS - Número-índice com ajuste sazonal (2022=100),Número-índice,11046,33,N3,Unidade da Federação,Rio de Janeiro,201207,84.52126,140.84130
7168,PMS - Número-índice com ajuste sazonal (2022=100),Número-índice,11046,33,N3,Unidade da Federação,Rio de Janeiro,201208,84.39410,138.04687
7168,PMS - Número-índice com ajuste sazonal (2022=100),Número-índice,11046,33,N3,Unidade da Federação,Rio de Janeiro,201209,85.11370,142.31750
7168,PMS - Número-índice com ajuste sazonal (2022=100),Número-índice,11046,33,N3,Unidade da Federação,Rio de Janeiro,201210,85.44986,143.94039
7168,PMS - Número-índice com ajuste sazonal (2022=100),Número-índice,11046,33,N3,Unidade da Federação,Rio de Janeiro,201211,88.00361,145.73571
7168,PMS - Número-índice com ajuste sazonal (2022=100),Número-índice,11046,33,N3,Unidade da Federação,Rio de Janeiro,201212,89.71012,147.82818
7168,PMS - Número-índice com ajuste sazonal (2022=100),Número-índice,11046,33,N3,Unidade da Federação,Rio de Janeiro,201301,89.40584,144.52056
7168,PMS - Número-índice com ajuste sazonal (2022=100),Número-índice,11046,33,N3,Unidade da Federação,Rio de Janeiro,201302,88.49182,141.76389
7168,PMS - Número-índice com ajuste sazonal (2022=100),Número-índice,11046,33,N3,Unidade da Federação,Rio de Janeiro,201303,91.80149,149.87465
7168,PMS - Número-índice com ajuste sazonal (2022=100),Número-índice,11046,33,N3,Unidade da Federação,Rio de Janeiro,201304,88.41392,147.34603
7168,PMS - Número-índice com ajuste sazonal (2022=100),Número-índice,11046,33,N3,Unidade da Federação,Rio de Janeiro,201305,89.05959,140.87550
7168,PMS - Número-índice com ajuste sazonal (2022=100),Número-índice,11046,33,N3,Unidade da Federação,Rio de Janeiro,201306,91.07112,145.88241
7168,PMS - Número-índice com ajuste sazonal (2022=100),Número-índice,11046,33,N3,Unidade da Federação,Rio de Janeiro,201307,93.37536,146.53225
7168,PMS - Número-índice com ajuste sazonal (2022=100),Número-índice,11046,33,N3,Unidade da Federação,Rio de Janeiro,201308,95.70607,146.71292
7168,PMS - Número-índice com ajuste sazonal (2022=100),Número-índice,11046,33,N3,Unidade da Federação,Rio de Janeiro,201309,95.22942,147.58919
7168,PMS - Número-índice com ajuste sazonal (2022=100),Número-índice,11046,33,N3,Unidade da Federação,Rio de Janeiro,201310,97.22629,149.61936
7168,PMS - Número-índice com ajuste sazonal (2022=100),Número-índice,11046,33,N3,Unidade da Federação,Rio de Janeiro,201311,97.15146,147.20894
7168,PMS - Número-índice com ajuste sazonal (2022=100),Número-índice,11046,33,N3,Unidade da Federação,Rio de Janeiro,201312,95.38324,145.88353
7168,PMS - Número-índice com ajuste sazonal (2022=100),Número-índice,11046,33,N3,Unidade da Federação,Rio de Janeiro,201401,95.58233,149.74366
7168,PMS - Número-índice com ajuste sazonal (2022=100),Número-índice,11046,33,N3,Unidade da Federação,Rio de Janeiro,201402,99.17553,152.32936
7168,PMS - Número-índice com ajuste sazonal (2022=100),Número-índice,11046,33,N3,Unidade da Federação,Rio de Janeiro,201403,95.95322,142.54282
7168,PMS - Número-índice com ajuste sazonal (2022=100),Número-índice,11046,33,N3,Unidade da Federação,Rio de Janeiro,201404,98.41312,142.55535
7168,PMS - Número-índice com ajuste sazonal (2022=100),Número-índice,11046,33,N3,Unidade da Federação,Rio de Janeiro,201405,101.43430,148.35522
7168,PMS - Número-índice com ajuste sazonal (2022=100),Número-índice,11046,33,N3,Unidade da Federação,Rio de Janeiro,201406,102.26397,138.28577
7168,PMS - Número-índice com ajuste sazonal (2022=100),Número-índice,11046,33,N3,Unidade da Federação,Rio de Janeiro,201407,99.52922,149.83303
7168,PMS - Número-índice com ajuste sazonal (2022=100),Número-índice,11046,33,N3,Unidade da Federação,Rio de Janeiro,201408,99.48141,144.77913
7168,PMS - Número-índice com ajuste sazonal (2022=100),Número-índice,11046,33,N3,Unidade da Federação,Rio de Janeiro,201409,99.77614,143.77844
7168,PMS - Número-índice com ajuste sazonal (2022=100),Número-índice,11046,33,N3,Unidade da Federação,Rio de Janeiro,201410,98.46985,142.80936
7168,PMS - Número-índice com ajuste sazonal (2022=100),Número-índice,11046,33,N3,Unidade da Federação,Rio de Janeiro,201411,98.80305,143.33588
7168,PMS - Número-índice com ajuste sazonal (2022=100),Número-índice,11046,33,N3,Unidade da Federação,Rio de Janeiro,201412,100.51638,140.18761
7168,PMS - Número-índice com ajuste sazonal (2022=100),Número-índice,11046,33,N3,Unidade da Federação,Rio de Janeiro,201501,98.96884,137.64303
7168,PMS - Número-índice com ajuste sazonal (2022=100),Número-índice,11046,33,N3,Unidade da Federação,Rio de Janeiro,201502,96.55306,135.96142
7168,PMS - Número-índice com ajuste sazonal (2022=100),Número-índice,11046,33,N3,Unidade da Federação,Rio de Janeiro,201503,98.02653,139.25660
7168,PMS - Número-índice com ajuste sazonal (2022=100),Número-índice,11046,33,N3,Unidade da Federação,Rio de Janeiro,201504,99.42493,137.98818
7168,PMS - Número-índice com ajuste sazonal (2022=100),Número-índice,11046,33,N3,Unidade da Federação,Rio de Janeiro,201505,99.00402,144.86329
7168,PMS - Número-índice com ajuste sazonal (2022=100),Número-índice,11046,33,N3,Unidade da Federação,Rio de Janeiro,201506,98.43090,137.88889
7168,PMS - Número-índice com ajuste sazonal (2022=100),Número-índice,11046,33,N3,Unidade da Federação,Rio de Janeiro,201507,98.65674,137.01039
7168,PMS - Número-índice com ajuste sazonal (2022=100),Número-índice,11046,33,N3,Unidade da Federação,Rio de Janeiro,201508,101.14761,144.95989
7168,PMS - Número-índice com ajuste sazonal (2022=100),Número-índice,11046,33,N3,Unidade da Federação,Rio de Janeiro,201509,102.09353,143.94539
7168,PMS - Número-índice com ajuste sazonal (2022=100),Número-índice,11046,33,N3,Unidade da Federação,Rio de Janeiro,201510,103.14952,144.59154
7168,PMS - Número-índice com ajuste sazonal (2022=100),Número-índice,11046,33,N3,Unidade da Federação,Rio de Janeiro,201511,100.82990,139.91824
7168,PMS - Número-índice com ajuste sazonal (2022=100),Número-índice,11046,33,N3,Unidade da Federação,Rio de Janeiro,201512,100.98699,135.74173
7168,PMS - Número-índice com ajuste sazonal (2022=100),Número-índice,11046,33,N3,Unidade da Federação,Rio de Janeiro,201601,101.96494,134.55908
7168,PMS - Número-índice com ajuste sazonal (2022=100),Número-índice,11046,33,N3,Unidade da Federação,Rio de Janeiro,201602,104.76000,141.99299
7168,PMS - Número-índice com ajuste sazonal (2022=100),Número-índice,11046,33,N3,Unidade da Federação,Rio de Janeiro,201603,99.24863,136.02755
7168,PMS - Número-índice com ajuste sazonal (2022=100),Número-índice,11046,33,N3,Unidade da Federação,Rio de Janeiro,201604,98.09406,138.14793
7168,PMS - Número-índice com ajuste sazonal (2022=100),Número-índice,11046,33,N3,Unidade da Federação,Rio de Janeiro,201605,96.65125,134.97692
7168,PMS - Número-índice com ajuste sazonal (2022=100),Número-índice,11046,33,N3,Unidade da Federação,Rio de Janeiro,201606,96.00610,134.43734
7168,PMS - Número-índice com ajuste sazonal (2022=100),Número-índice,11046,33,N3,Unidade da Federação,Rio de Janeiro,201607,100.91986,135.12659
7168,PMS - Número-índice com ajuste sazonal (2022=100),Número-índice,11046,33,N3,Unidade da Federação,Rio de Janeiro,201608,128.17723,144.43282
7168,PMS - Número-índice com ajuste sazonal (2022=100),Número-índice,11046,33,N3,Unidade da Federação,Rio de Janeiro,201609,100.77072,131.24576
7168,PMS - Número-índice com ajuste sazonal (2022=100),Número-índice,11046,33,N3,Unidade da Federação,Rio de Janeiro,201610,92.94705,126.63920
7168,PMS - Número-índice com ajuste sazonal (2022=100),Número-índice,11046,33,N3,Unidade da Federação,Rio de Janeiro,201611,93.43849,125.27199
7168,PMS - Número-índice com ajuste sazonal (2022=100),Número-índice,11046,33,N3,Unidade da Federação,Rio de Janeiro,201612,93.92719,125.29294
7168,PMS - Número-índice com ajuste sazonal (2022=100),Número-índice,11046,33,N3,Unidade da Federação,Rio de Janeiro,201701,92.39702,119.30988
7168,PMS - Número-índice com ajuste sazonal (2022=100),Número-índice,11046,33,N3,Unidade da Federação,Rio de Janeiro,201702,93.13927,115.88091
7168,PMS - Número-índice com ajuste sazonal (2022=100),Número-índice,11046,33,N3,Unidade da Federação,Rio de Janeiro,201703,92.43347,114.03725
7168,PMS - Número-índice com ajuste sazonal (2022=100),Número-índice,11046,33,N3,Unidade da Federação,Rio de Janeiro,201704,94.44855,112.23774
7168,PMS - Número-índice com ajuste sazonal (2022=100),Número-índice,11046,33,N3,Unidade da Federação,Rio de Janeiro,201705,91.03494,106.42172
7168,PMS - Número-índice com ajuste sazonal (2022=100),Número-índice,11046,33,N3,Unidade da Federação,Rio de Janeiro,201706,92.98699,108.64945
7168,PMS - Número-índice com ajuste sazonal (2022=100),Número-índice,11046,33,N3,Unidade da Federação,Rio de Janeiro,201707,89.02646,105.39436
7168,PMS - Número-índice com ajuste sazonal (2022=100),Número-índice,11046,33,N3,Unidade da Federação,Rio de Janeiro,201708,84.01916,97.42655
7168,PMS - Número-índice com ajuste sazonal (2022=100),Número-índice,11046,33,N3,Unidade da Federação,Rio de Janeiro,201709,88.54079,104.09699
7168,PMS - Número-índice com ajuste sazonal (2022=100),Número-índice,11046,33,N3,Unidade da Federação,Rio de Janeiro,201710,85.23665,101.69069
7168,PMS - Número-índice com ajuste sazonal (2022=100),Número-índice,11046,33,N3,Unidade da Federação,Rio de Janeiro,201711,87.04109,105.04521
7168,PMS - Número-índice com ajuste sazonal (2022=100),Número-índice,11046,33,N3,Unidade da Federação,Rio de Janeiro,201712,86.79645,104.23306
7168,PMS - Número-índice com ajuste sazonal (2022=100),Número-índice,11046,33,N3,Unidade da Federação,Rio de Janeiro,201801,87.70188,107.86636
7168,PMS - Número-índice com ajuste sazonal (2022=100),Número-índice,11046,33,N3,Unidade da Federação,Rio de Janeiro,201802,89.10636,107.01411
7168,PMS - Número-índice com ajuste sazonal (2022=100),Número-índice,11046,33,N3,Unidade da Federação,Rio de Janeiro,201803,88.60912,104.96919
7168,PMS - Número-índice com ajuste sazonal (2022=100),Número-índice,11046,33,N3,Unidade da Federação,Rio de Janeiro,201804,87.21306,105.21019
7168,PMS - Número-índice com ajuste sazonal (2022=100),Número-índice,11046,33,N3,Unidade da Federação,Rio de Janeiro,201805,90.43557,105.28372
7168,PMS - Número-índice com ajuste sazonal (2022=100),Número-índice,11046,33,N3,Unidade da Federação,Rio de Janeiro,201806,87.51604,105.55567
7168,PMS - Número-índice com ajuste sazonal (2022=100),Número-índice,11046,33,N3,Unidade da Federação,Rio de Janeiro,201807,86.19174,98.17882
7168,PMS - Número-índice com ajuste sazonal (2022=100),Número-índice,11046,33,N3,Unidade da Federação,Rio de Janeiro,201808,87.56464,102.42173
7168,PMS - Número-índice com ajuste sazonal (2022=100),Número-índice,11046,33,N3,Unidade da Federação,Rio de Janeiro,201809,87.78889,101.56135
7168,PMS - Número-índice com ajuste sazonal (2022=100),Número-índice,11046,33,N3,Unidade da Federação,Rio de Janeiro,201810,85.26356,101.76101
7168,PMS - Número-índice com ajuste sazonal (2022=100),Número-índice,11046,33,N3,Unidade da Federação,Rio de Janeiro,201811,88.94698,103.51950
7168,PMS - Número-índice com ajuste sazonal (2022=100),Número-índice,11046,33,N3,Unidade da Federação,Rio de Janeiro,201812,95.45309,106.96647
7168,PMS - Número-índice com ajuste sazonal (2022=100),Número-índice,11046,33,N3,Unidade da Federação,Rio de Janeiro,201901,93.14966,106.40816
7168,PMS - Número-índice com ajuste sazonal (2022=100),Número-índice,11046,33,N3,Unidade da Federação,Rio de Janeiro,201902,90.19763,101.29535
7168,PMS - Número-índice com ajuste sazonal (2022=100),Número-índice,11046,33,N3,Unidade da Federação,Rio de Janeiro,201903,93.96532,107.90351
7168,PMS - Número-índice com ajuste sazonal (2022=100),Número-índice,11046,33,N3,Unidade da Federação,Rio de Janeiro,201904,91.03272,102.52920
7168,PMS - Número-índice com ajuste sazonal (2022=100),Número-índice,11046,33,N3,Unidade da Federação,Rio de Janeiro,201905,93.05942,106.85500
7168,PMS - Número-índice com ajuste sazonal (2022=100),Número-índice,11046,33,N3,Unidade da Federação,Rio de Janeiro,201906,93.67638,105.59456
7168,PMS - Número-índice com ajuste sazonal (2022=100),Número-índice,11046,33,N3,Unidade da Federação,Rio de Janeiro,201907,95.87772,107.01055
7168,PMS - Número-índice com ajuste sazonal (2022=100),Número-índice,11046,33,N3,Unidade da Federação,Rio de Janeiro,201908,95.39407,104.68691
7168,PMS - Número-índice com ajuste sazonal (2022=100),Número-índice,11046,33,N3,Unidade da Federação,Rio de Janeiro,201909,93.93169,106.12426
7168,PMS - Número-índice com ajuste sazonal (2022=100),Número-índice,11046,33,N3,Unidade da Federação,Rio de Janeiro,201910,96.80546,111.61799
7168,PMS - Número-índice com ajuste sazonal (2022=100),Número-índice,11046,33,N3,Unidade da Federação,Rio de Janeiro,201911,95.83999,107.89919
7168,PMS - Número-índice com ajuste sazonal (2022=100),Número-índice,11046,33,N3,Unidade da Federação,Rio de Janeiro,201912,99.47946,113.12850
7168,PMS - Número-índice com ajuste sazonal (2022=100),Número-índice,11046,33,N3,Unidade da Federação,Rio de Janeiro,202001,102.58427,117.37358
7168,PMS - Número-índice com ajuste sazonal (2022=100),Número-índice,11046,33,N3,Unidade da Federação,Rio de Janeiro,202002,103.16521,119.76041
7168,PMS - Número-índice com ajuste sazonal (2022=100),Número-índice,11046,33,N3,Unidade da Federação,Rio de Janeiro,202003,65.48042,72.87670
7168,PMS - Número-índice com ajuste sazonal (2022=100),Número-índice,11046,33,N3,Unidade da Federação,Rio de Janeiro,202004,33.05646,37.56932
7168,PMS - Número-índice com ajuste sazonal (2022=100),Número-índice,11046,33,N3,Unidade da Federação,Rio de Janeiro,202005,38.88532,44.61651
7168,PMS - Número-índice com ajuste sazonal (2022=100),Número-índice,11046,33,N3,Unidade da Federação,Rio de Janeiro,202006,45.29972,55.53982
7168,PMS - Número-índice com ajuste sazonal (2022=100),Número-índice,11046,33,N3,Unidade da Federação,Rio de Janeiro,202007,43.76828,57.20681
7168,PMS - Número-índice com ajuste sazonal (2022=100),Número-índice,11046,33,N3,Unidade da Federação,Rio de Janeiro,202008,57.78965,69.52192
7168,PMS - Número-índice com ajuste sazonal (2022=100),Número-índice,11046,33,N3,Unidade da Federação,Rio de Janeiro,202009,58.35827,72.86706
7168,PMS - Número-índice com ajuste sazonal (2022=100),Número-índice,11046,33,N3,Unidade da Federação,Rio de Janeiro,202010,63.79609,77.54328
7168,PMS - Número-índice com ajuste sazonal (2022=100),Número-índice,11046,33,N3,Unidade da Federação,Rio de Janeiro,202011,69.58537,81.59882
7168,PMS - Número-índice com ajuste sazonal (2022=100),Número-índice,11046,33,N3,Unidade da Federação,Rio de Janeiro,202012,65.58463,77.06372
7168,PMS - Número-índice com ajuste sazonal (2022=100),Número-índice,11046,33,N3,Unidade da Federação,Rio de Janeiro,202101,68.35256,82.86853
7168,PMS - Número-índice com ajuste sazonal (2022=100),Número-índice,11046,33,N3,Unidade da Federação,Rio de Janeiro,202102,72.98438,86.85746
7168,PMS - Número-índice com ajuste sazonal (2022=100),Número-índice,11046,33,N3,Unidade da Federação,Rio de Janeiro,202103,58.41556,67.47060
7168,PMS - Número-índice com ajuste sazonal (2022=100),Número-índice,11046,33,N3,Unidade da Federação,Rio de Janeiro,202104,57.41314,66.40166
7168,PMS - Número-índice com ajuste sazonal (2022=100),Número-índice,11046,33,N3,Unidade da Federação,Rio de Janeiro,202105,70.44810,81.16040
7168,PMS - Número-índice com ajuste sazonal (2022=100),Número-índice,11046,33,N3,Unidade da Federação,Rio de Janeiro,202106,77.69283,92.53412
7168,PMS - Número-índice com ajuste sazonal (2022=100),Número-índice,11046,33,N3,Unidade da Federação,Rio de Janeiro,202107,77.21511,89.60081
7168,PMS - Número-índice com ajuste sazonal (2022=100),Número-índice,11046,33,N3,Unidade da Federação,Rio de Janeiro,202108,81.10210,90.57657
7168,PMS - Número-índice com ajuste sazonal (2022=100),Número-índice,11046,33,N3,Unidade da Federação,Rio de Janeiro,202109,83.20714,91.75610
7168,PMS - Número-índice com ajuste sazonal (2022=100),Número-índice,11046,33,N3,Unidade da Federação,Rio de Janeiro,202110,86.25965,94.28768
7168,PMS - Número-índice com ajuste sazonal (2022=100),Número-índice,11046,33,N3,Unidade da Federação,Rio de Janeiro,202111,89.87425,96.56695
7168,PMS - Número-índice com ajuste sazonal (2022=100),Número-índice,11046,33,N3,Unidade da Federação,Rio de Janeiro,202112,86.78395,91.91790
7168,PMS - Número-índice com ajuste sazonal (2022=100),Número-índice,11046,33,N3,Unidade da Federação,Rio de Janeiro,202201,86.20573,96.46322
7168,PMS - Número-índice com ajuste sazonal (2022=100),Número-índice,11046,33,N3,Unidade da Federação,Rio de Janeiro,202202,87.81691,94.97130
7168,PMS - Número-índice com ajuste sazonal (2022=100),Número-índice,11046,33,N3,Unidade da Federação,Rio de Janeiro,202203,91.90804,98.04694
7168,PMS - Número-índice com ajuste sazonal (2022=100),Número-índice,11046,33,N3,Unidade da Federação,Rio de Janeiro,202204,96.27339,104.12580
7168,PMS - Número-índice com ajuste sazonal (2022=100),Número-índice,11046,33,N3,Unidade da Federação,Rio de Janeiro,202205,102.66776,99.69520
7168,PMS - Número-índice com ajuste sazonal (2022=100),Número-índice,11046,33,N3,Unidade da Federação,Rio de Janeiro,202206,101.68245,98.86513
7168,PMS - Número-índice com ajuste sazonal (2022=100),Número-índice,11046,33,N3,Unidade da Federação,Rio de Janeiro,202207,102.34329,99.53738
7168,PMS - Número-índice com ajuste sazonal (2022=100),Número-índice,11046,33,N3,Unidade da Federação,Rio de Janeiro,202208,105.03248,100.40589
7168,PMS - Número-índice com ajuste sazonal (2022=100),Número-índice,11046,33,N3,Unidade da Federação,Rio de Janeiro,202209,106.34353,100.08921
7168,PMS - Número-índice com ajuste sazonal (2022=100),Número-índice,11046,33,N3,Unidade da Federação,Rio de Janeiro,202210,104.66905,99.51700
7168,PMS - Número-índice com ajuste sazonal (2022=100),Número-índice,11046,33,N3,Unidade da Federação,Rio de Janeiro,202211,104.61245,101.08701
7168,PMS - Número-índice com ajuste sazonal (2022=100),Número-índice,11046,33,N3,Unidade da Federação,Rio de Janeiro,202212,109.23338,105.36888
7168,PMS - Número-índice com ajuste sazonal (2022=100),Número-índice,11046,33,N3,Unidade da Federação,Rio de Janeiro,202301,111.92207,104.93246
7168,PMS - Número-índice com ajuste sazonal (2022=100),Número-índice,11046,33,N3,Unidade da Federação,Rio de Janeiro,202302,114.17990,106.90097
7168,PMS - Número-índice com ajuste sazonal (2022=100),Número-índice,11046,33,N3,Unidade da Federação,Rio de Janeiro,202303,110.38735,100.13213
7168,PMS - Número-índice com ajuste sazonal (2022=100),Número-índice,11046,33,N3,Unidade da Federação,Rio de Janeiro,202304,119.34367,110.94078
7168,PMS - Número-índice com ajuste sazonal (2022=100),Número-índice,11046,33,N3,Unidade da Federação,Rio de Janeiro,202305,117.27135,112.93563
7168,PMS - Número-índice com ajuste sazonal (2022=100),Número-índice,11046,33,N3,Unidade da Federação,Rio de Janeiro,202306,118.16889,111.24854
7168,PMS - Número-índice com ajuste sazonal (2022=100),Número-índice,11046,33,N3,Unidade da Federação,Rio de Janeiro,202307,120.75237,113.58613
7168,PMS - Número-índice com ajuste sazonal (2022=100),Número-índice,11046,33,N3,Unidade da Federação,Rio de Janeiro,202308,119.62399,113.42212
7168,PMS - Número-índice com ajuste sazonal (2022=100),Número-índice,11046,33,N3,Unidade da Federação,Rio de Janeiro,202309,130.97257,122.03052
7168,PMS - Número-índice com ajuste sazonal (2022=100),Número-índice,11046,33,N3,Unidade da Federação,Rio de Janeiro,202310,120.91480,112.18301
7168,PMS - Número-índice com ajuste sazonal (2022=100),Número-índice,11046,33,N3,Unidade da Federação,Rio de Janeiro,202311,127.83944,111.72894
7168,PMS - Número-índice com ajuste sazonal (2022=100),Número-índice,11046,33,N3,Unidade da Federação,Rio de Janeiro,202312,136.69689,116.17168
7168,PMS - Número-índice com ajuste sazonal (2022=100),Número-índice,11046,33,N3,Unidade da Federação,Rio de Janeiro,202401,126.47033,109.32962
7168,PMS - Número-índice com ajuste sazonal (2022=100),Número-índice,11046,33,N3,Unidade da Federação,Rio de Janeiro,202402,125.89799,111.33909
7168,PMS - Número-índice com ajuste sazonal (2022=100),Número-índice,11046,33,N3,Unidade da Federação,Rio de Janeiro,202403,129.54122,112.35431
7168,PMS - Número-índice com ajuste sazonal (2022=100),Número-índice,11046,33,N3,Unidade da Federação,Rio de Janeiro,202404,117.83139,110.68355
7168,PMS - Número-índice com ajuste sazonal (2022=100),Número-índice,11046,33,N3,Unidade da Federação,Rio de Janeiro,202405,125.10330,113.79844
7168,PMS - Número-índice com ajuste sazonal (2022=100),Número-índice,11046,33,N3,Unidade da Federação,Rio de Janeiro,202406,127.94620,122.45310
7168,PMS - Número-índice com ajuste sazonal (2022=100),Número-índice,11046,33,N3,Unidade da Federação,Rio de Janeiro,202407,129.84276,118.58777
7168,PMS - Número-índice com ajuste sazonal (2022=100),Número-índice,11046,33,N3,Unidade da Federação,Rio de Janeiro,202408,129.74672,115.55768
7168,PMS - Número-índice com ajuste sazonal (2022=100),Número-índice,11046,33,N3,Unidade da Federação,Rio de Janeiro,202409,151.17677,132.78930
7168,PMS - Número-índice com ajuste sazonal (2022=100),Número-índice,11046,35,N3,Unidade da Federação,São Paulo,201101,47.01939,101.76352
7168,PMS - Número-índice com ajuste sazonal (2022=100),Número-índice,11046,35,N3,Unidade da Federação,São Paulo,201102,48.65294,101.32190
7168,PMS - Número-índice com ajuste sazonal (2022=100),Número-índice,11046,35,N3,Unidade da Federação,São Paulo,201103,48.90575,98.66374
7168,PMS - Número-índice com ajuste sazonal (2022=100),Número-índice,11046,35,N3,Unidade da Federação,São Paulo,201104,52.91626,107.54524
7168,PMS - Número-índice com ajuste sazonal (2022=100),Número-índice,11046,35,N3,Unidade da Federação,São Paulo,201105,51.51115,104.32605
7168,PMS - Número-índice com ajuste sazonal (2022=100),Número-índice,11046,35,N3,Unidade da Federação,São Paulo,201106,52.97637,106.04221
7168,PMS - Número-índice com ajuste sazonal (2022=100),Número-índice,11046,35,N3,Unidade da Federação,São Paulo,201107,53.37463,106.29775
7168,PMS - Número-índice com ajuste sazonal (2022=100),Número-índice,11046,35,N3,Unidade da Federação,São Paulo,201108,52.30069,102.36457
7168,PMS - Número-índice com ajuste sazonal (2022=100),Número-índice,11046,35,N3,Unidade da Federação,São Paulo,201109,53.66016,102.36985
7168,PMS - Número-índice com ajuste sazonal (2022=100),Número-índice,11046,35,N3,Unidade da Federação,São Paulo,201110,54.16509,101.05469
7168,PMS - Número-índice com ajuste sazonal (2022=100),Número-índice,11046,35,N3,Unidade da Federação,São Paulo,201111,53.89687,100.99850
7168,PMS - Número-índice com ajuste sazonal (2022=100),Número-índice,11046,35,N3,Unidade da Federação,São Paulo,201112,51.30959,101.53926
7168,PMS - Número-índice com ajuste sazonal (2022=100),Número-índice,11046,35,N3,Unidade da Federação,São Paulo,201201,54.30939,99.85492
7168,PMS - Número-índice com ajuste sazonal (2022=100),Número-índice,11046,35,N3,Unidade da Federação,São Paulo,201202,55.06612,99.23190
7168,PMS - Número-índice com ajuste sazonal (2022=100),Número-índice,11046,35,N3,Unidade da Federação,São Paulo,201203,55.24469,99.17532
7168,PMS - Número-índice com ajuste sazonal (2022=100),Número-índice,11046,35,N3,Unidade da Federação,São Paulo,201204,54.17530,95.84850
7168,PMS - Número-índice com ajuste sazonal (2022=100),Número-índice,11046,35,N3,Unidade da Federação,São Paulo,201205,55.34137,96.21445
7168,PMS - Número-índice com ajuste sazonal (2022=100),Número-índice,11046,35,N3,Unidade da Federação,São Paulo,201206,55.94688,98.53615
7168,PMS - Número-índice com ajuste sazonal (2022=100),Número-índice,11046,35,N3,Unidade da Federação,São Paulo,201207,54.49974,97.13257
7168,PMS - Número-índice com ajuste sazonal (2022=100),Número-índice,11046,35,N3,Unidade da Federação,São Paulo,201208,57.58194,101.76170
7168,PMS - Número-índice com ajuste sazonal (2022=100),Número-índice,11046,35,N3,Unidade da Federação,São Paulo,201209,57.49693,102.63758
7168,PMS - Número-índice com ajuste sazonal (2022=100),Número-índice,11046,35,N3,Unidade da Federação,São Paulo,201210,57.18073,102.50364
7168,PMS - Número-índice com ajuste sazonal (2022=100),Número-índice,11046,35,N3,Unidade da Federação,São Paulo,201211,59.08219,103.61107
7168,PMS - Número-índice com ajuste sazonal (2022=100),Número-índice,11046,35,N3,Unidade da Federação,São Paulo,201212,59.22814,103.27101
7168,PMS - Número-índice com ajuste sazonal (2022=100),Número-índice,11046,35,N3,Unidade da Federação,São Paulo,201301,59.95395,100.01192
7168,PMS - Número-índice com ajuste sazonal (2022=100),Número-índice,11046,35,N3,Unidade da Federação,São Paulo,201302,58.91096,97.83577
7168,PMS - Número-índice com ajuste sazonal (2022=100),Número-índice,11046,35,N3,Unidade da Federação,São Paulo,201303,61.67966,103.89198
7168,PMS - Número-índice com ajuste sazonal (2022=100),Número-índice,11046,35,N3,Unidade da Federação,São Paulo,201304,61.43648,105.69755
7168,PMS - Número-índice com ajuste sazonal (2022=100),Número-índice,11046,35,N3,Unidade da Federação,São Paulo,201305,62.87191,104.28881
7168,PMS - Número-índice com ajuste sazonal (2022=100),Número-índice,11046,35,N3,Unidade da Federação,São Paulo,201306,63.36611,104.26504
7168,PMS - Número-índice com ajuste sazonal (2022=100),Número-índice,11046,35,N3,Unidade da Federação,São Paulo,201307,64.51581,106.84813
7168,PMS - Número-índice com ajuste sazonal (2022=100),Número-índice,11046,35,N3,Unidade da Federação,São Paulo,201308,64.56888,103.19861
7168,PMS - Número-índice com ajuste sazonal (2022=100),Número-índice,11046,35,N3,Unidade da Federação,São Paulo,201309,64.45494,102.14060
7168,PMS - Número-índice com ajuste sazonal (2022=100),Número-índice,11046,35,N3,Unidade da Federação,São Paulo,201310,65.43258,104.66894
7168,PMS - Número-índice com ajuste sazonal (2022=100),Número-índice,11046,35,N3,Unidade da Federação,São Paulo,201311,67.30009,106.63320
7168,PMS - Número-índice com ajuste sazonal (2022=100),Número-índice,11046,35,N3,Unidade da Federação,São Paulo,201312,66.49891,105.55226
7168,PMS - Número-índice com ajuste sazonal (2022=100),Número-índice,11046,35,N3,Unidade da Federação,São Paulo,201401,67.90987,107.52174
7168,PMS - Número-índice com ajuste sazonal (2022=100),Número-índice,11046,35,N3,Unidade da Federação,São Paulo,201402,68.46642,107.44948
7168,PMS - Número-índice com ajuste sazonal (2022=100),Número-índice,11046,35,N3,Unidade da Federação,São Paulo,201403,67.85617,102.64610
7168,PMS - Número-índice com ajuste sazonal (2022=100),Número-índice,11046,35,N3,Unidade da Federação,São Paulo,201404,68.85173,102.35066
7168,PMS - Número-índice com ajuste sazonal (2022=100),Número-índice,11046,35,N3,Unidade da Federação,São Paulo,201405,69.62555,105.12748
7168,PMS - Número-índice com ajuste sazonal (2022=100),Número-índice,11046,35,N3,Unidade da Federação,São Paulo,201406,67.19599,96.70832
7168,PMS - Número-índice com ajuste sazonal (2022=100),Número-índice,11046,35,N3,Unidade da Federação,São Paulo,201407,64.16284,101.11984
7168,PMS - Número-índice com ajuste sazonal (2022=100),Número-índice,11046,35,N3,Unidade da Federação,São Paulo,201408,70.66680,106.44411
7168,PMS - Número-índice com ajuste sazonal (2022=100),Número-índice,11046,35,N3,Unidade da Federação,São Paulo,201409,71.58660,106.57193
7168,PMS - Número-índice com ajuste sazonal (2022=100),Número-índice,11046,35,N3,Unidade da Federação,São Paulo,201410,70.23558,105.15500
7168,PMS - Número-índice com ajuste sazonal (2022=100),Número-índice,11046,35,N3,Unidade da Federação,São Paulo,201411,69.43709,105.35876
7168,PMS - Número-índice com ajuste sazonal (2022=100),Número-índice,11046,35,N3,Unidade da Federação,São Paulo,201412,71.95517,104.62345
7168,PMS - Número-índice com ajuste sazonal (2022=100),Número-índice,11046,35,N3,Unidade da Federação,São Paulo,201501,78.06625,109.49725
7168,PMS - Número-índice com ajuste sazonal (2022=100),Número-índice,11046,35,N3,Unidade da Federação,São Paulo,201502,72.88703,106.70083
7168,PMS - Número-índice com ajuste sazonal (2022=100),Número-índice,11046,35,N3,Unidade da Federação,São Paulo,201503,71.20264,106.49940
7168,PMS - Número-índice com ajuste sazonal (2022=100),Número-índice,11046,35,N3,Unidade da Federação,São Paulo,201504,71.66446,106.92365
7168,PMS - Número-índice com ajuste sazonal (2022=100),Número-índice,11046,35,N3,Unidade da Federação,São Paulo,201505,71.31777,107.42694
7168,PMS - Número-índice com ajuste sazonal (2022=100),Número-índice,11046,35,N3,Unidade da Federação,São Paulo,201506,71.41556,102.37825
7168,PMS - Número-índice com ajuste sazonal (2022=100),Número-índice,11046,35,N3,Unidade da Federação,São Paulo,201507,67.75212,101.42264
7168,PMS - Número-índice com ajuste sazonal (2022=100),Número-índice,11046,35,N3,Unidade da Federação,São Paulo,201508,71.62428,109.63015
7168,PMS - Número-índice com ajuste sazonal (2022=100),Número-índice,11046,35,N3,Unidade da Federação,São Paulo,201509,69.35554,101.36899
7168,PMS - Número-índice com ajuste sazonal (2022=100),Número-índice,11046,35,N3,Unidade da Federação,São Paulo,201510,72.70065,104.55078
7168,PMS - Número-índice com ajuste sazonal (2022=100),Número-índice,11046,35,N3,Unidade da Federação,São Paulo,201511,69.65468,103.40559
7168,PMS - Número-índice com ajuste sazonal (2022=100),Número-índice,11046,35,N3,Unidade da Federação,São Paulo,201512,73.31794,106.63518
7168,PMS - Número-índice com ajuste sazonal (2022=100),Número-índice,11046,35,N3,Unidade da Federação,São Paulo,201601,79.65988,112.17808
7168,PMS - Número-índice com ajuste sazonal (2022=100),Número-índice,11046,35,N3,Unidade da Federação,São Paulo,201602,75.80627,107.02980
7168,PMS - Número-índice com ajuste sazonal (2022=100),Número-índice,11046,35,N3,Unidade da Federação,São Paulo,201603,72.17409,104.91696
7168,PMS - Número-índice com ajuste sazonal (2022=100),Número-índice,11046,35,N3,Unidade da Federação,São Paulo,201604,71.65238,105.00538
7168,PMS - Número-índice com ajuste sazonal (2022=100),Número-índice,11046,35,N3,Unidade da Federação,São Paulo,201605,69.22305,97.98942
7168,PMS - Número-índice com ajuste sazonal (2022=100),Número-índice,11046,35,N3,Unidade da Federação,São Paulo,201606,69.85871,104.74346
7168,PMS - Número-índice com ajuste sazonal (2022=100),Número-índice,11046,35,N3,Unidade da Federação,São Paulo,201607,71.23662,105.60932
7168,PMS - Número-índice com ajuste sazonal (2022=100),Número-índice,11046,35,N3,Unidade da Federação,São Paulo,201608,71.55689,102.43575
7168,PMS - Número-índice com ajuste sazonal (2022=100),Número-índice,11046,35,N3,Unidade da Federação,São Paulo,201609,71.11358,106.66688
7168,PMS - Número-índice com ajuste sazonal (2022=100),Número-índice,11046,35,N3,Unidade da Federação,São Paulo,201610,72.85519,106.64985
7168,PMS - Número-índice com ajuste sazonal (2022=100),Número-índice,11046,35,N3,Unidade da Federação,São Paulo,201611,72.18366,107.28595
7168,PMS - Número-índice com ajuste sazonal (2022=100),Número-índice,11046,35,N3,Unidade da Federação,São Paulo,201612,78.38991,116.21802
7168,PMS - Número-índice com ajuste sazonal (2022=100),Número-índice,11046,35,N3,Unidade da Federação,São Paulo,201701,71.94382,94.66186
7168,PMS - Número-índice com ajuste sazonal (2022=100),Número-índice,11046,35,N3,Unidade da Federação,São Paulo,201702,73.46736,96.50824
7168,PMS - Número-índice com ajuste sazonal (2022=100),Número-índice,11046,35,N3,Unidade da Federação,São Paulo,201703,73.45403,100.00985
7168,PMS - Número-índice com ajuste sazonal (2022=100),Número-índice,11046,35,N3,Unidade da Federação,São Paulo,201704,75.54335,99.19245
7168,PMS - Número-índice com ajuste sazonal (2022=100),Número-índice,11046,35,N3,Unidade da Federação,São Paulo,201705,77.86610,99.29104
7168,PMS - Número-índice com ajuste sazonal (2022=100),Número-índice,11046,35,N3,Unidade da Federação,São Paulo,201706,78.81803,101.17409
7168,PMS - Número-índice com ajuste sazonal (2022=100),Número-índice,11046,35,N3,Unidade da Federação,São Paulo,201707,76.40890,101.53570
7168,PMS - Número-índice com ajuste sazonal (2022=100),Número-índice,11046,35,N3,Unidade da Federação,São Paulo,201708,77.14779,99.86581
7168,PMS - Número-índice com ajuste sazonal (2022=100),Número-índice,11046,35,N3,Unidade da Federação,São Paulo,201709,78.05444,99.76882
7168,PMS - Número-índice com ajuste sazonal (2022=100),Número-índice,11046,35,N3,Unidade da Federação,São Paulo,201710,75.83945,97.76906
7168,PMS - Número-índice com ajuste sazonal (2022=100),Número-índice,11046,35,N3,Unidade da Federação,São Paulo,201711,75.96238,99.08122
7168,PMS - Número-índice com ajuste sazonal (2022=100),Número-índice,11046,35,N3,Unidade da Federação,São Paulo,201712,75.72349,97.26434
7168,PMS - Número-índice com ajuste sazonal (2022=100),Número-índice,11046,35,N3,Unidade da Federação,São Paulo,201801,75.29694,95.84911
7168,PMS - Número-índice com ajuste sazonal (2022=100),Número-índice,11046,35,N3,Unidade da Federação,São Paulo,201802,75.54918,92.86155
7168,PMS - Número-índice com ajuste sazonal (2022=100),Número-índice,11046,35,N3,Unidade da Federação,São Paulo,201803,79.87639,100.49353
7168,PMS - Número-índice com ajuste sazonal (2022=100),Número-índice,11046,35,N3,Unidade da Federação,São Paulo,201804,79.73141,104.08408
7168,PMS - Número-índice com ajuste sazonal (2022=100),Número-índice,11046,35,N3,Unidade da Federação,São Paulo,201805,78.16910,102.87928
7168,PMS - Número-índice com ajuste sazonal (2022=100),Número-índice,11046,35,N3,Unidade da Federação,São Paulo,201806,79.98074,107.48398
7168,PMS - Número-índice com ajuste sazonal (2022=100),Número-índice,11046,35,N3,Unidade da Federação,São Paulo,201807,84.21621,106.96397
7168,PMS - Número-índice com ajuste sazonal (2022=100),Número-índice,11046,35,N3,Unidade da Federação,São Paulo,201808,87.85458,109.99777
7168,PMS - Número-índice com ajuste sazonal (2022=100),Número-índice,11046,35,N3,Unidade da Federação,São Paulo,201809,85.42623,108.86050
7168,PMS - Número-índice com ajuste sazonal (2022=100),Número-índice,11046,35,N3,Unidade da Federação,São Paulo,201810,84.34756,107.87115
7168,PMS - Número-índice com ajuste sazonal (2022=100),Número-índice,11046,35,N3,Unidade da Federação,São Paulo,201811,84.25074,106.13499
7168,PMS - Número-índice com ajuste sazonal (2022=100),Número-índice,11046,35,N3,Unidade da Federação,São Paulo,201812,86.12884,103.50715
7168,PMS - Número-índice com ajuste sazonal (2022=100),Número-índice,11046,35,N3,Unidade da Federação,São Paulo,201901,90.57402,108.21422
7168,PMS - Número-índice com ajuste sazonal (2022=100),Número-índice,11046,35,N3,Unidade da Federação,São Paulo,201902,87.35460,106.08456
7168,PMS - Número-índice com ajuste sazonal (2022=100),Número-índice,11046,35,N3,Unidade da Federação,São Paulo,201903,88.30613,106.09547
7168,PMS - Número-índice com ajuste sazonal (2022=100),Número-índice,11046,35,N3,Unidade da Federação,São Paulo,201904,90.53436,107.41950
7168,PMS - Número-índice com ajuste sazonal (2022=100),Número-índice,11046,35,N3,Unidade da Federação,São Paulo,201905,91.16593,111.39832
7168,PMS - Número-índice com ajuste sazonal (2022=100),Número-índice,11046,35,N3,Unidade da Federação,São Paulo,201906,91.11953,109.37702
7168,PMS - Número-índice com ajuste sazonal (2022=100),Número-índice,11046,35,N3,Unidade da Federação,São Paulo,201907,94.23063,112.78854
7168,PMS - Número-índice com ajuste sazonal (2022=100),Número-índice,11046,35,N3,Unidade da Federação,São Paulo,201908,90.43602,105.01608
7168,PMS - Número-índice com ajuste sazonal (2022=100),Número-índice,11046,35,N3,Unidade da Federação,São Paulo,201909,92.51555,110.55040
7168,PMS - Número-índice com ajuste sazonal (2022=100),Número-índice,11046,35,N3,Unidade da Federação,São Paulo,201910,92.37180,112.94055
7168,PMS - Número-índice com ajuste sazonal (2022=100),Número-índice,11046,35,N3,Unidade da Federação,São Paulo,201911,91.88532,110.78402
7168,PMS - Número-índice com ajuste sazonal (2022=100),Número-índice,11046,35,N3,Unidade da Federação,São Paulo,201912,93.05921,111.52832
7168,PMS - Número-índice com ajuste sazonal (2022=100),Número-índice,11046,35,N3,Unidade da Federação,São Paulo,202001,92.80870,109.24267
7168,PMS - Número-índice com ajuste sazonal (2022=100),Número-índice,11046,35,N3,Unidade da Federação,São Paulo,202002,96.46760,111.04960
7168,PMS - Número-índice com ajuste sazonal (2022=100),Número-índice,11046,35,N3,Unidade da Federação,São Paulo,202003,62.39874,75.37704
7168,PMS - Número-índice com ajuste sazonal (2022=100),Número-índice,11046,35,N3,Unidade da Federação,São Paulo,202004,33.14230,40.18069
7168,PMS - Número-índice com ajuste sazonal (2022=100),Número-índice,11046,35,N3,Unidade da Federação,São Paulo,202005,33.16550,37.96804
7168,PMS - Número-índice com ajuste sazonal (2022=100),Número-índice,11046,35,N3,Unidade da Federação,São Paulo,202006,37.70476,45.49915
7168,PMS - Número-índice com ajuste sazonal (2022=100),Número-índice,11046,35,N3,Unidade da Federação,São Paulo,202007,34.10516,46.51831
7168,PMS - Número-índice com ajuste sazonal (2022=100),Número-índice,11046,35,N3,Unidade da Federação,São Paulo,202008,47.26616,55.49463
7168,PMS - Número-índice com ajuste sazonal (2022=100),Número-índice,11046,35,N3,Unidade da Federação,São Paulo,202009,49.80487,62.57982
7168,PMS - Número-índice com ajuste sazonal (2022=100),Número-índice,11046,35,N3,Unidade da Federação,São Paulo,202010,54.48209,66.93527
7168,PMS - Número-índice com ajuste sazonal (2022=100),Número-índice,11046,35,N3,Unidade da Federação,São Paulo,202011,56.94935,71.63138
7168,PMS - Número-índice com ajuste sazonal (2022=100),Número-índice,11046,35,N3,Unidade da Federação,São Paulo,202012,51.81403,65.32521
7168,PMS - Número-índice com ajuste sazonal (2022=100),Número-índice,11046,35,N3,Unidade da Federação,São Paulo,202101,53.33557,66.84288
7168,PMS - Número-índice com ajuste sazonal (2022=100),Número-índice,11046,35,N3,Unidade da Federação,São Paulo,202102,62.82391,72.04995
7168,PMS - Número-índice com ajuste sazonal (2022=100),Número-índice,11046,35,N3,Unidade da Federação,São Paulo,202103,44.92830,52.91228
7168,PMS - Número-índice com ajuste sazonal (2022=100),Número-índice,11046,35,N3,Unidade da Federação,São Paulo,202104,49.79642,58.80942
7168,PMS - Número-índice com ajuste sazonal (2022=100),Número-índice,11046,35,N3,Unidade da Federação,São Paulo,202105,58.07795,69.65641
7168,PMS - Número-índice com ajuste sazonal (2022=100),Número-índice,11046,35,N3,Unidade da Federação,São Paulo,202106,60.54289,75.51887
7168,PMS - Número-índice com ajuste sazonal (2022=100),Número-índice,11046,35,N3,Unidade da Federação,São Paulo,202107,59.95847,73.97270
7168,PMS - Número-índice com ajuste sazonal (2022=100),Número-índice,11046,35,N3,Unidade da Federação,São Paulo,202108,68.98735,77.31750
7168,PMS - Número-índice com ajuste sazonal (2022=100),Número-índice,11046,35,N3,Unidade da Federação,São Paulo,202109,70.51249,77.23174
7168,PMS - Número-índice com ajuste sazonal (2022=100),Número-índice,11046,35,N3,Unidade da Federação,São Paulo,202110,74.83004,79.96311
7168,PMS - Número-índice com ajuste sazonal (2022=100),Número-índice,11046,35,N3,Unidade da Federação,São Paulo,202111,78.96177,86.74021
7168,PMS - Número-índice com ajuste sazonal (2022=100),Número-índice,11046,35,N3,Unidade da Federação,São Paulo,202112,84.35627,91.43091
7168,PMS - Número-índice com ajuste sazonal (2022=100),Número-índice,11046,35,N3,Unidade da Federação,São Paulo,202201,79.88263,92.75529
7168,PMS - Número-índice com ajuste sazonal (2022=100),Número-índice,11046,35,N3,Unidade da Federação,São Paulo,202202,85.30544,94.32279
7168,PMS - Número-índice com ajuste sazonal (2022=100),Número-índice,11046,35,N3,Unidade da Federação,São Paulo,202203,89.51520,101.64273
7168,PMS - Número-índice com ajuste sazonal (2022=100),Número-índice,11046,35,N3,Unidade da Federação,São Paulo,202204,95.66039,101.27228
7168,PMS - Número-índice com ajuste sazonal (2022=100),Número-índice,11046,35,N3,Unidade da Federação,São Paulo,202205,99.92509,99.94149
7168,PMS - Número-índice com ajuste sazonal (2022=100),Número-índice,11046,35,N3,Unidade da Federação,São Paulo,202206,100.13665,97.46963
7168,PMS - Número-índice com ajuste sazonal (2022=100),Número-índice,11046,35,N3,Unidade da Federação,São Paulo,202207,103.91779,100.50235
7168,PMS - Número-índice com ajuste sazonal (2022=100),Número-índice,11046,35,N3,Unidade da Federação,São Paulo,202208,109.43340,103.10523
7168,PMS - Número-índice com ajuste sazonal (2022=100),Número-índice,11046,35,N3,Unidade da Federação,São Paulo,202209,111.14794,104.19788
7168,PMS - Número-índice com ajuste sazonal (2022=100),Número-índice,11046,35,N3,Unidade da Federação,São Paulo,202210,108.35460,100.08675
7168,PMS - Número-índice com ajuste sazonal (2022=100),Número-índice,11046,35,N3,Unidade da Federação,São Paulo,202211,105.58735,101.09337
7168,PMS - Número-índice com ajuste sazonal (2022=100),Número-índice,11046,35,N3,Unidade da Federação,São Paulo,202212,110.17182,103.63835
7168,PMS - Número-índice com ajuste sazonal (2022=100),Número-índice,11046,35,N3,Unidade da Federação,São Paulo,202301,114.60779,107.76632
7168,PMS - Número-índice com ajuste sazonal (2022=100),Número-índice,11046,35,N3,Unidade da Federação,São Paulo,202302,112.06785,104.22769
7168,PMS - Número-índice com ajuste sazonal (2022=100),Número-índice,11046,35,N3,Unidade da Federação,São Paulo,202303,115.36924,105.44211
7168,PMS - Número-índice com ajuste sazonal (2022=100),Número-índice,11046,35,N3,Unidade da Federação,São Paulo,202304,115.36634,103.55622
7168,PMS - Número-índice com ajuste sazonal (2022=100),Número-índice,11046,35,N3,Unidade da Federação,São Paulo,202305,114.60748,107.09517
7168,PMS - Número-índice com ajuste sazonal (2022=100),Número-índice,11046,35,N3,Unidade da Federação,São Paulo,202306,116.01769,105.25656
7168,PMS - Número-índice com ajuste sazonal (2022=100),Número-índice,11046,35,N3,Unidade da Federação,São Paulo,202307,119.46106,110.70972
7168,PMS - Número-índice com ajuste sazonal (2022=100),Número-índice,11046,35,N3,Unidade da Federação,São Paulo,202308,114.81990,105.93397
7168,PMS - Número-índice com ajuste sazonal (2022=100),Número-índice,11046,35,N3,Unidade da Federação,São Paulo,202309,119.21729,106.99579
7168,PMS - Número-índice com ajuste sazonal (2022=100),Número-índice,11046,35,N3,Unidade da Federação,São Paulo,202310,122.07026,108.98814
7168,PMS - Número-índice com ajuste sazonal (2022=100),Número-índice,11046,35,N3,Unidade da Federação,São Paulo,202311,124.81809,107.77297
7168,PMS - Número-índice com ajuste sazonal (2022=100),Número-índice,11046,35,N3,Unidade da Federação,São Paulo,202312,130.23071,109.19938
7168,PMS - Número-índice com ajuste sazonal (2022=100),Número-índice,11046,35,N3,Unidade da Federação,São Paulo,202401,127.75218,108.81313
7168,PMS - Número-índice com ajuste sazonal (2022=100),Número-índice,11046,35,N3,Unidade da Federação,São Paulo,202402,124.89770,105.71131
7168,PMS - Número-índice com ajuste sazonal (2022=100),Número-índice,11046,35,N3,Unidade da Federação,São Paulo,202403,124.44557,104.33375
7168,PMS - Número-índice com ajuste sazonal (2022=100),Número-índice,11046,35,N3,Unidade da Federação,São Paulo,202404,123.72830,107.89404
7168,PMS - Número-índice com ajuste sazonal (2022=100),Número-índice,11046,35,N3,Unidade da Federação,São Paulo,202405,125.94585,106.01766
7168,PMS - Número-índice com ajuste sazonal (2022=100),Número-índice,11046,35,N3,Unidade da Federação,São Paulo,202406,128.87761,110.47603
7168,PMS - Número-índice com ajuste sazonal (2022=100),Número-índice,11046,35,N3,Unidade da Federação,São Paulo,202407,131.26212,110.44353
7168,PMS - Número-índice com ajuste sazonal (2022=100),Número-índice,11046,35,N3,Unidade da Federação,São Paulo,202408,131.60208,109.69998
7168,PMS - Número-índice com ajuste sazonal (2022=100),Número-índice,11046,35,N3,Unidade da Federação,São Paulo,202409,130.31913,108.56661
7168,PMS - Número-índice com ajuste sazonal (2022=100),Número-índice,11046,41,N3,Unidade da Federação,Paraná,201101,57.35791,124.60769
7168,PMS - Número-índice com ajuste sazonal (2022=100),Número-índice,11046,41,N3,Unidade da Federação,Paraná,201102,58.56540,123.96778
7168,PMS - Número-índice com ajuste sazonal (2022=100),Número-índice,11046,41,N3,Unidade da Federação,Paraná,201103,59.81551,120.69605
7168,PMS - Número-índice com ajuste sazonal (2022=100),Número-índice,11046,41,N3,Unidade da Federação,Paraná,201104,59.21264,118.52382
7168,PMS - Número-índice com ajuste sazonal (2022=100),Número-índice,11046,41,N3,Unidade da Federação,Paraná,201105,61.09342,122.00005
7168,PMS - Número-índice com ajuste sazonal (2022=100),Número-índice,11046,41,N3,Unidade da Federação,Paraná,201106,61.67257,119.62074
7168,PMS - Número-índice com ajuste sazonal (2022=100),Número-índice,11046,41,N3,Unidade da Federação,Paraná,201107,59.45258,115.01147
7168,PMS - Número-índice com ajuste sazonal (2022=100),Número-índice,11046,41,N3,Unidade da Federação,Paraná,201108,60.95986,117.26102
7168,PMS - Número-índice com ajuste sazonal (2022=100),Número-índice,11046,41,N3,Unidade da Federação,Paraná,201109,62.94084,117.11025
7168,PMS - Número-índice com ajuste sazonal (2022=100),Número-índice,11046,41,N3,Unidade da Federação,Paraná,201110,61.29653,112.68496
7168,PMS - Número-índice com ajuste sazonal (2022=100),Número-índice,11046,41,N3,Unidade da Federação,Paraná,201111,62.74751,115.30993
7168,PMS - Número-índice com ajuste sazonal (2022=100),Número-índice,11046,41,N3,Unidade da Federação,Paraná,201112,63.59582,121.81843
7168,PMS - Número-índice com ajuste sazonal (2022=100),Número-índice,11046,41,N3,Unidade da Federação,Paraná,201201,64.29967,115.72128
7168,PMS - Número-índice com ajuste sazonal (2022=100),Número-índice,11046,41,N3,Unidade da Federação,Paraná,201202,66.17703,114.75264
7168,PMS - Número-índice com ajuste sazonal (2022=100),Número-índice,11046,41,N3,Unidade da Federação,Paraná,201203,65.51050,115.33464
7168,PMS - Número-índice com ajuste sazonal (2022=100),Número-índice,11046,41,N3,Unidade da Federação,Paraná,201204,66.38538,116.37382
7168,PMS - Número-índice com ajuste sazonal (2022=100),Número-índice,11046,41,N3,Unidade da Federação,Paraná,201205,65.65125,111.18255
7168,PMS - Número-índice com ajuste sazonal (2022=100),Número-índice,11046,41,N3,Unidade da Federação,Paraná,201206,69.89300,119.40931
7168,PMS - Número-índice com ajuste sazonal (2022=100),Número-índice,11046,41,N3,Unidade da Federação,Paraná,201207,68.89590,119.07925
7168,PMS - Número-índice com ajuste sazonal (2022=100),Número-índice,11046,41,N3,Unidade da Federação,Paraná,201208,66.01127,111.42490
7168,PMS - Número-índice com ajuste sazonal (2022=100),Número-índice,11046,41,N3,Unidade da Federação,Paraná,201209,68.42887,118.57577
7168,PMS - Número-índice com ajuste sazonal (2022=100),Número-índice,11046,41,N3,Unidade da Federação,Paraná,201210,71.22855,120.94486
7168,PMS - Número-índice com ajuste sazonal (2022=100),Número-índice,11046,41,N3,Unidade da Federação,Paraná,201211,73.11519,119.60997
7168,PMS - Número-índice com ajuste sazonal (2022=100),Número-índice,11046,41,N3,Unidade da Federação,Paraná,201212,70.87520,118.75070
7168,PMS - Número-índice com ajuste sazonal (2022=100),Número-índice,11046,41,N3,Unidade da Federação,Paraná,201301,71.19236,115.81922
7168,PMS - Número-índice com ajuste sazonal (2022=100),Número-índice,11046,41,N3,Unidade da Federação,Paraná,201302,68.13452,107.07431
7168,PMS - Número-índice com ajuste sazonal (2022=100),Número-índice,11046,41,N3,Unidade da Federação,Paraná,201303,72.46514,118.93646
7168,PMS - Número-índice com ajuste sazonal (2022=100),Número-índice,11046,41,N3,Unidade da Federação,Paraná,201304,73.28655,122.28778
7168,PMS - Número-índice com ajuste sazonal (2022=100),Número-índice,11046,41,N3,Unidade da Federação,Paraná,201305,74.67174,120.99789
7168,PMS - Número-índice com ajuste sazonal (2022=100),Número-índice,11046,41,N3,Unidade da Federação,Paraná,201306,75.95415,123.33873
7168,PMS - Número-índice com ajuste sazonal (2022=100),Número-índice,11046,41,N3,Unidade da Federação,Paraná,201307,77.68542,128.05113
7168,PMS - Número-índice com ajuste sazonal (2022=100),Número-índice,11046,41,N3,Unidade da Federação,Paraná,201308,78.10143,123.73491
7168,PMS - Número-índice com ajuste sazonal (2022=100),Número-índice,11046,41,N3,Unidade da Federação,Paraná,201309,76.67787,123.44153
7168,PMS - Número-índice com ajuste sazonal (2022=100),Número-índice,11046,41,N3,Unidade da Federação,Paraná,201310,79.65165,127.11354
7168,PMS - Número-índice com ajuste sazonal (2022=100),Número-índice,11046,41,N3,Unidade da Federação,Paraná,201311,79.21312,126.71325
7168,PMS - Número-índice com ajuste sazonal (2022=100),Número-índice,11046,41,N3,Unidade da Federação,Paraná,201312,81.28744,129.78492
7168,PMS - Número-índice com ajuste sazonal (2022=100),Número-índice,11046,41,N3,Unidade da Federação,Paraná,201401,79.27498,128.16752
7168,PMS - Número-índice com ajuste sazonal (2022=100),Número-índice,11046,41,N3,Unidade da Federação,Paraná,201402,79.25764,129.68459
7168,PMS - Número-índice com ajuste sazonal (2022=100),Número-índice,11046,41,N3,Unidade da Federação,Paraná,201403,80.18866,124.46614
7168,PMS - Número-índice com ajuste sazonal (2022=100),Número-índice,11046,41,N3,Unidade da Federação,Paraná,201404,81.19321,125.08132
7168,PMS - Número-índice com ajuste sazonal (2022=100),Número-índice,11046,41,N3,Unidade da Federação,Paraná,201405,82.62554,128.01260
7168,PMS - Número-índice com ajuste sazonal (2022=100),Número-índice,11046,41,N3,Unidade da Federação,Paraná,201406,79.86239,114.67857
7168,PMS - Número-índice com ajuste sazonal (2022=100),Número-índice,11046,41,N3,Unidade da Federação,Paraná,201407,75.68320,121.13633
7168,PMS - Número-índice com ajuste sazonal (2022=100),Número-índice,11046,41,N3,Unidade da Federação,Paraná,201408,82.99102,125.34567
7168,PMS - Número-índice com ajuste sazonal (2022=100),Número-índice,11046,41,N3,Unidade da Federação,Paraná,201409,83.46893,122.04408
7168,PMS - Número-índice com ajuste sazonal (2022=100),Número-índice,11046,41,N3,Unidade da Federação,Paraná,201410,80.30574,119.18388
7168,PMS - Número-índice com ajuste sazonal (2022=100),Número-índice,11046,41,N3,Unidade da Federação,Paraná,201411,80.79297,120.19534
7168,PMS - Número-índice com ajuste sazonal (2022=100),Número-índice,11046,41,N3,Unidade da Federação,Paraná,201412,79.36705,114.59429
7168,PMS - Número-índice com ajuste sazonal (2022=100),Número-índice,11046,41,N3,Unidade da Federação,Paraná,201501,81.16241,119.55643
7168,PMS - Número-índice com ajuste sazonal (2022=100),Número-índice,11046,41,N3,Unidade da Federação,Paraná,201502,82.56659,120.73852
7168,PMS - Número-índice com ajuste sazonal (2022=100),Número-índice,11046,41,N3,Unidade da Federação,Paraná,201503,81.08345,124.51908
7168,PMS - Número-índice com ajuste sazonal (2022=100),Número-índice,11046,41,N3,Unidade da Federação,Paraná,201504,83.07808,123.35239
7168,PMS - Número-índice com ajuste sazonal (2022=100),Número-índice,11046,41,N3,Unidade da Federação,Paraná,201505,80.83146,120.94218
7168,PMS - Número-índice com ajuste sazonal (2022=100),Número-índice,11046,41,N3,Unidade da Federação,Paraná,201506,81.05772,114.67785
7168,PMS - Número-índice com ajuste sazonal (2022=100),Número-índice,11046,41,N3,Unidade da Federação,Paraná,201507,79.20184,114.24417
7168,PMS - Número-índice com ajuste sazonal (2022=100),Número-índice,11046,41,N3,Unidade da Federação,Paraná,201508,81.50509,122.58473
7168,PMS - Número-índice com ajuste sazonal (2022=100),Número-índice,11046,41,N3,Unidade da Federação,Paraná,201509,81.19771,117.55561
7168,PMS - Número-índice com ajuste sazonal (2022=100),Número-índice,11046,41,N3,Unidade da Federação,Paraná,201510,80.15488,116.66791
7168,PMS - Número-índice com ajuste sazonal (2022=100),Número-índice,11046,41,N3,Unidade da Federação,Paraná,201511,76.50289,111.97136
7168,PMS - Número-índice com ajuste sazonal (2022=100),Número-índice,11046,41,N3,Unidade da Federação,Paraná,201512,81.02800,113.09630
7168,PMS - Número-índice com ajuste sazonal (2022=100),Número-índice,11046,41,N3,Unidade da Federação,Paraná,201601,82.67938,115.37867
7168,PMS - Número-índice com ajuste sazonal (2022=100),Número-índice,11046,41,N3,Unidade da Federação,Paraná,201602,83.61852,113.43480
7168,PMS - Número-índice com ajuste sazonal (2022=100),Número-índice,11046,41,N3,Unidade da Federação,Paraná,201603,80.33061,111.18898
7168,PMS - Número-índice com ajuste sazonal (2022=100),Número-índice,11046,41,N3,Unidade da Federação,Paraná,201604,77.42392,108.29266
7168,PMS - Número-índice com ajuste sazonal (2022=100),Número-índice,11046,41,N3,Unidade da Federação,Paraná,201605,78.61970,109.42712
7168,PMS - Número-índice com ajuste sazonal (2022=100),Número-índice,11046,41,N3,Unidade da Federação,Paraná,201606,77.72400,112.30304
7168,PMS - Número-índice com ajuste sazonal (2022=100),Número-índice,11046,41,N3,Unidade da Federação,Paraná,201607,78.84329,112.02392
7168,PMS - Número-índice com ajuste sazonal (2022=100),Número-índice,11046,41,N3,Unidade da Federação,Paraná,201608,77.37806,109.09072
7168,PMS - Número-índice com ajuste sazonal (2022=100),Número-índice,11046,41,N3,Unidade da Federação,Paraná,201609,77.75284,108.94330
7168,PMS - Número-índice com ajuste sazonal (2022=100),Número-índice,11046,41,N3,Unidade da Federação,Paraná,201610,80.51718,113.29794
7168,PMS - Número-índice com ajuste sazonal (2022=100),Número-índice,11046,41,N3,Unidade da Federação,Paraná,201611,80.69847,113.86679
7168,PMS - Número-índice com ajuste sazonal (2022=100),Número-índice,11046,41,N3,Unidade da Federação,Paraná,201612,82.72852,111.17004
7168,PMS - Número-índice com ajuste sazonal (2022=100),Número-índice,11046,41,N3,Unidade da Federação,Paraná,201701,84.66098,109.46152
7168,PMS - Número-índice com ajuste sazonal (2022=100),Número-índice,11046,41,N3,Unidade da Federação,Paraná,201702,85.97099,108.36658
7168,PMS - Número-índice com ajuste sazonal (2022=100),Número-índice,11046,41,N3,Unidade da Federação,Paraná,201703,88.80619,113.03541
7168,PMS - Número-índice com ajuste sazonal (2022=100),Número-índice,11046,41,N3,Unidade da Federação,Paraná,201704,87.08554,110.26740
7168,PMS - Número-índice com ajuste sazonal (2022=100),Número-índice,11046,41,N3,Unidade da Federação,Paraná,201705,91.52327,112.40152
7168,PMS - Número-índice com ajuste sazonal (2022=100),Número-índice,11046,41,N3,Unidade da Federação,Paraná,201706,94.49377,115.91225
7168,PMS - Número-índice com ajuste sazonal (2022=100),Número-índice,11046,41,N3,Unidade da Federação,Paraná,201707,95.74431,119.10943
7168,PMS - Número-índice com ajuste sazonal (2022=100),Número-índice,11046,41,N3,Unidade da Federação,Paraná,201708,94.88842,117.92342
7168,PMS - Número-índice com ajuste sazonal (2022=100),Número-índice,11046,41,N3,Unidade da Federação,Paraná,201709,97.10886,120.24300
7168,PMS - Número-índice com ajuste sazonal (2022=100),Número-índice,11046,41,N3,Unidade da Federação,Paraná,201710,93.66910,113.93954
7168,PMS - Número-índice com ajuste sazonal (2022=100),Número-índice,11046,41,N3,Unidade da Federação,Paraná,201711,93.47178,117.23771
7168,PMS - Número-índice com ajuste sazonal (2022=100),Número-índice,11046,41,N3,Unidade da Federação,Paraná,201712,94.36243,119.63799
7168,PMS - Número-índice com ajuste sazonal (2022=100),Número-índice,11046,41,N3,Unidade da Federação,Paraná,201801,87.41992,111.19860
7168,PMS - Número-índice com ajuste sazonal (2022=100),Número-índice,11046,41,N3,Unidade da Federação,Paraná,201802,86.00980,105.69751
7168,PMS - Número-índice com ajuste sazonal (2022=100),Número-índice,11046,41,N3,Unidade da Federação,Paraná,201803,87.54784,108.93256
7168,PMS - Número-índice com ajuste sazonal (2022=100),Número-índice,11046,41,N3,Unidade da Federação,Paraná,201804,87.50372,109.93742
7168,PMS - Número-índice com ajuste sazonal (2022=100),Número-índice,11046,41,N3,Unidade da Federação,Paraná,201805,88.05505,108.07155
7168,PMS - Número-índice com ajuste sazonal (2022=100),Número-índice,11046,41,N3,Unidade da Federação,Paraná,201806,85.09343,103.82763
7168,PMS - Número-índice com ajuste sazonal (2022=100),Número-índice,11046,41,N3,Unidade da Federação,Paraná,201807,90.02221,107.97250
7168,PMS - Número-índice com ajuste sazonal (2022=100),Número-índice,11046,41,N3,Unidade da Federação,Paraná,201808,91.44994,111.18015
7168,PMS - Número-índice com ajuste sazonal (2022=100),Número-índice,11046,41,N3,Unidade da Federação,Paraná,201809,91.67272,108.55543
7168,PMS - Número-índice com ajuste sazonal (2022=100),Número-índice,11046,41,N3,Unidade da Federação,Paraná,201810,90.70887,106.63222
7168,PMS - Número-índice com ajuste sazonal (2022=100),Número-índice,11046,41,N3,Unidade da Federação,Paraná,201811,91.55964,107.46491
7168,PMS - Número-índice com ajuste sazonal (2022=100),Número-índice,11046,41,N3,Unidade da Federação,Paraná,201812,91.21888,106.58339
7168,PMS - Número-índice com ajuste sazonal (2022=100),Número-índice,11046,41,N3,Unidade da Federação,Paraná,201901,91.19493,108.02255
7168,PMS - Número-índice com ajuste sazonal (2022=100),Número-índice,11046,41,N3,Unidade da Federação,Paraná,201902,90.84046,107.45266
7168,PMS - Número-índice com ajuste sazonal (2022=100),Número-índice,11046,41,N3,Unidade da Federação,Paraná,201903,89.03800,104.89947
7168,PMS - Número-índice com ajuste sazonal (2022=100),Número-índice,11046,41,N3,Unidade da Federação,Paraná,201904,90.82633,106.64887
7168,PMS - Número-índice com ajuste sazonal (2022=100),Número-índice,11046,41,N3,Unidade da Federação,Paraná,201905,90.83229,106.42157
7168,PMS - Número-índice com ajuste sazonal (2022=100),Número-índice,11046,41,N3,Unidade da Federação,Paraná,201906,91.60350,102.45946
7168,PMS - Número-índice com ajuste sazonal (2022=100),Número-índice,11046,41,N3,Unidade da Federação,Paraná,201907,91.94189,103.54338
7168,PMS - Número-índice com ajuste sazonal (2022=100),Número-índice,11046,41,N3,Unidade da Federação,Paraná,201908,91.09441,100.37057
7168,PMS - Número-índice com ajuste sazonal (2022=100),Número-índice,11046,41,N3,Unidade da Federação,Paraná,201909,89.14476,101.11142
7168,PMS - Número-índice com ajuste sazonal (2022=100),Número-índice,11046,41,N3,Unidade da Federação,Paraná,201910,93.03272,105.81075
7168,PMS - Número-índice com ajuste sazonal (2022=100),Número-índice,11046,41,N3,Unidade da Federação,Paraná,201911,91.70066,103.66988
7168,PMS - Número-índice com ajuste sazonal (2022=100),Número-índice,11046,41,N3,Unidade da Federação,Paraná,201912,93.97421,106.07819
7168,PMS - Número-índice com ajuste sazonal (2022=100),Número-índice,11046,41,N3,Unidade da Federação,Paraná,202001,98.54356,113.21560
7168,PMS - Número-índice com ajuste sazonal (2022=100),Número-índice,11046,41,N3,Unidade da Federação,Paraná,202002,96.37801,110.44507
7168,PMS - Número-índice com ajuste sazonal (2022=100),Número-índice,11046,41,N3,Unidade da Federação,Paraná,202003,65.07646,76.12480
7168,PMS - Número-índice com ajuste sazonal (2022=100),Número-índice,11046,41,N3,Unidade da Federação,Paraná,202004,29.50836,34.54757
7168,PMS - Número-índice com ajuste sazonal (2022=100),Número-índice,11046,41,N3,Unidade da Federação,Paraná,202005,38.18748,40.54556
7168,PMS - Número-índice com ajuste sazonal (2022=100),Número-índice,11046,41,N3,Unidade da Federação,Paraná,202006,43.21900,47.68139
7168,PMS - Número-índice com ajuste sazonal (2022=100),Número-índice,11046,41,N3,Unidade da Federação,Paraná,202007,35.48620,45.83935
7168,PMS - Número-índice com ajuste sazonal (2022=100),Número-índice,11046,41,N3,Unidade da Federação,Paraná,202008,53.04966,61.58659
7168,PMS - Número-índice com ajuste sazonal (2022=100),Número-índice,11046,41,N3,Unidade da Federação,Paraná,202009,57.41158,69.40345
7168,PMS - Número-índice com ajuste sazonal (2022=100),Número-índice,11046,41,N3,Unidade da Federação,Paraná,202010,63.81693,75.16178
7168,PMS - Número-índice com ajuste sazonal (2022=100),Número-índice,11046,41,N3,Unidade da Federação,Paraná,202011,63.51368,75.00248
7168,PMS - Número-índice com ajuste sazonal (2022=100),Número-índice,11046,41,N3,Unidade da Federação,Paraná,202012,64.92913,77.32232
7168,PMS - Número-índice com ajuste sazonal (2022=100),Número-índice,11046,41,N3,Unidade da Federação,Paraná,202101,66.18555,79.74345
7168,PMS - Número-índice com ajuste sazonal (2022=100),Número-índice,11046,41,N3,Unidade da Federação,Paraná,202102,69.92710,80.30105
7168,PMS - Número-índice com ajuste sazonal (2022=100),Número-índice,11046,41,N3,Unidade da Federação,Paraná,202103,48.72905,55.72788
7168,PMS - Número-índice com ajuste sazonal (2022=100),Número-índice,11046,41,N3,Unidade da Federação,Paraná,202104,55.95301,62.01349
7168,PMS - Número-índice com ajuste sazonal (2022=100),Número-índice,11046,41,N3,Unidade da Federação,Paraná,202105,62.64106,70.40910
7168,PMS - Número-índice com ajuste sazonal (2022=100),Número-índice,11046,41,N3,Unidade da Federação,Paraná,202106,66.95315,76.57766
7168,PMS - Número-índice com ajuste sazonal (2022=100),Número-índice,11046,41,N3,Unidade da Federação,Paraná,202107,65.97409,77.24174
7168,PMS - Número-índice com ajuste sazonal (2022=100),Número-índice,11046,41,N3,Unidade da Federação,Paraná,202108,73.38431,80.48791
7168,PMS - Número-índice com ajuste sazonal (2022=100),Número-índice,11046,41,N3,Unidade da Federação,Paraná,202109,76.89232,84.86129
7168,PMS - Número-índice com ajuste sazonal (2022=100),Número-índice,11046,41,N3,Unidade da Federação,Paraná,202110,78.43657,84.65757
7168,PMS - Número-índice com ajuste sazonal (2022=100),Número-índice,11046,41,N3,Unidade da Federação,Paraná,202111,83.21658,90.93209
7168,PMS - Número-índice com ajuste sazonal (2022=100),Número-índice,11046,41,N3,Unidade da Federação,Paraná,202112,89.49047,96.70527
7168,PMS - Número-índice com ajuste sazonal (2022=100),Número-índice,11046,41,N3,Unidade da Federação,Paraná,202201,83.11358,93.45066
7168,PMS - Número-índice com ajuste sazonal (2022=100),Número-índice,11046,41,N3,Unidade da Federação,Paraná,202202,84.32029,91.14267
7168,PMS - Número-índice com ajuste sazonal (2022=100),Número-índice,11046,41,N3,Unidade da Federação,Paraná,202203,89.54961,94.30707
7168,PMS - Número-índice com ajuste sazonal (2022=100),Número-índice,11046,41,N3,Unidade da Federação,Paraná,202204,97.23381,102.39711
7168,PMS - Número-índice com ajuste sazonal (2022=100),Número-índice,11046,41,N3,Unidade da Federação,Paraná,202205,99.30635,98.58374
7168,PMS - Número-índice com ajuste sazonal (2022=100),Número-índice,11046,41,N3,Unidade da Federação,Paraná,202206,102.66894,99.38434
7168,PMS - Número-índice com ajuste sazonal (2022=100),Número-índice,11046,41,N3,Unidade da Federação,Paraná,202207,104.45281,104.39835
7168,PMS - Número-índice com ajuste sazonal (2022=100),Número-índice,11046,41,N3,Unidade da Federação,Paraná,202208,104.83848,101.05754
7168,PMS - Número-índice com ajuste sazonal (2022=100),Número-índice,11046,41,N3,Unidade da Federação,Paraná,202209,105.72751,100.93719
7168,PMS - Número-índice com ajuste sazonal (2022=100),Número-índice,11046,41,N3,Unidade da Federação,Paraná,202210,104.24354,98.04733
7168,PMS - Número-índice com ajuste sazonal (2022=100),Número-índice,11046,41,N3,Unidade da Federação,Paraná,202211,110.13005,106.37466
7168,PMS - Número-índice com ajuste sazonal (2022=100),Número-índice,11046,41,N3,Unidade da Federação,Paraná,202212,113.91489,109.89729
7168,PMS - Número-índice com ajuste sazonal (2022=100),Número-índice,11046,41,N3,Unidade da Federação,Paraná,202301,115.74524,108.09402
7168,PMS - Número-índice com ajuste sazonal (2022=100),Número-índice,11046,41,N3,Unidade da Federação,Paraná,202302,115.33365,111.07531
7168,PMS - Número-índice com ajuste sazonal (2022=100),Número-índice,11046,41,N3,Unidade da Federação,Paraná,202303,117.77612,111.90856
7168,PMS - Número-índice com ajuste sazonal (2022=100),Número-índice,11046,41,N3,Unidade da Federação,Paraná,202304,116.57073,107.31278
7168,PMS - Número-índice com ajuste sazonal (2022=100),Número-índice,11046,41,N3,Unidade da Federação,Paraná,202305,118.92861,112.42840
7168,PMS - Número-índice com ajuste sazonal (2022=100),Número-índice,11046,41,N3,Unidade da Federação,Paraná,202306,121.25782,111.91935
7168,PMS - Número-índice com ajuste sazonal (2022=100),Número-índice,11046,41,N3,Unidade da Federação,Paraná,202307,119.65066,111.00471
7168,PMS - Número-índice com ajuste sazonal (2022=100),Número-índice,11046,41,N3,Unidade da Federação,Paraná,202308,123.03846,115.46743
7168,PMS - Número-índice com ajuste sazonal (2022=100),Número-índice,11046,41,N3,Unidade da Federação,Paraná,202309,123.83716,115.85999
7168,PMS - Número-índice com ajuste sazonal (2022=100),Número-índice,11046,41,N3,Unidade da Federação,Paraná,202310,124.85239,114.40750
7168,PMS - Número-índice com ajuste sazonal (2022=100),Número-índice,11046,41,N3,Unidade da Federação,Paraná,202311,124.83481,109.98888
7168,PMS - Número-índice com ajuste sazonal (2022=100),Número-índice,11046,41,N3,Unidade da Federação,Paraná,202312,126.07130,109.77799
7168,PMS - Número-índice com ajuste sazonal (2022=100),Número-índice,11046,41,N3,Unidade da Federação,Paraná,202401,127.86570,112.16230
7168,PMS - Número-índice com ajuste sazonal (2022=100),Número-índice,11046,41,N3,Unidade da Federação,Paraná,202402,127.30538,113.50161
7168,PMS - Número-índice com ajuste sazonal (2022=100),Número-índice,11046,41,N3,Unidade da Federação,Paraná,202403,129.47169,116.36797
7168,PMS - Número-índice com ajuste sazonal (2022=100),Número-índice,11046,41,N3,Unidade da Federação,Paraná,202404,128.94734,119.31128
7168,PMS - Número-índice com ajuste sazonal (2022=100),Número-índice,11046,41,N3,Unidade da Federação,Paraná,202405,129.16249,115.90125
7168,PMS - Número-índice com ajuste sazonal (2022=100),Número-índice,11046,41,N3,Unidade da Federação,Paraná,202406,130.30239,118.39779
7168,PMS - Número-índice com ajuste sazonal (2022=100),Número-índice,11046,41,N3,Unidade da Federação,Paraná,202407,135.39566,119.43514
7168,PMS - Número-índice com ajuste sazonal (2022=100),Número-índice,11046,41,N3,Unidade da Federação,Paraná,202408,136.50267,120.40934
7168,PMS - Número-índice com ajuste sazonal (2022=100),Número-índice,11046,41,N3,Unidade da Federação,Paraná,202409,138.76042,121.78513
7168,PMS - Número-índice com ajuste sazonal (2022=100),Número-índice,11046,42,N3,Unidade da Federação,Santa Catarina,201101,43.32277,100.16616
7168,PMS - Número-índice com ajuste sazonal (2022=100),Número-índice,11046,42,N3,Unidade da Federação,Santa Catarina,201102,44.81061,93.79895
7168,PMS - Número-índice com ajuste sazonal (2022=100),Número-índice,11046,42,N3,Unidade da Federação,Santa Catarina,201103,43.42133,92.32987
7168,PMS - Número-índice com ajuste sazonal (2022=100),Número-índice,11046,42,N3,Unidade da Federação,Santa Catarina,201104,44.50504,89.57759
7168,PMS - Número-índice com ajuste sazonal (2022=100),Número-índice,11046,42,N3,Unidade da Federação,Santa Catarina,201105,45.52171,90.95908
7168,PMS - Número-índice com ajuste sazonal (2022=100),Número-índice,11046,42,N3,Unidade da Federação,Santa Catarina,201106,46.62665,90.93949
7168,PMS - Número-índice com ajuste sazonal (2022=100),Número-índice,11046,42,N3,Unidade da Federação,Santa Catarina,201107,46.25590,86.62312
7168,PMS - Número-índice com ajuste sazonal (2022=100),Número-índice,11046,42,N3,Unidade da Federação,Santa Catarina,201108,48.57015,92.21229
7168,PMS - Número-índice com ajuste sazonal (2022=100),Número-índice,11046,42,N3,Unidade da Federação,Santa Catarina,201109,49.05400,90.47535
7168,PMS - Número-índice com ajuste sazonal (2022=100),Número-índice,11046,42,N3,Unidade da Federação,Santa Catarina,201110,49.16458,89.39503
7168,PMS - Número-índice com ajuste sazonal (2022=100),Número-índice,11046,42,N3,Unidade da Federação,Santa Catarina,201111,48.21463,88.09581
7168,PMS - Número-índice com ajuste sazonal (2022=100),Número-índice,11046,42,N3,Unidade da Federação,Santa Catarina,201112,49.42382,92.07011
7168,PMS - Número-índice com ajuste sazonal (2022=100),Número-índice,11046,42,N3,Unidade da Federação,Santa Catarina,201201,49.38536,90.30547
7168,PMS - Número-índice com ajuste sazonal (2022=100),Número-índice,11046,42,N3,Unidade da Federação,Santa Catarina,201202,49.83962,90.71608
7168,PMS - Número-índice com ajuste sazonal (2022=100),Número-índice,11046,42,N3,Unidade da Federação,Santa Catarina,201203,50.28290,86.11029
7168,PMS - Número-índice com ajuste sazonal (2022=100),Número-índice,11046,42,N3,Unidade da Federação,Santa Catarina,201204,50.31065,88.17182
7168,PMS - Número-índice com ajuste sazonal (2022=100),Número-índice,11046,42,N3,Unidade da Federação,Santa Catarina,201205,49.04750,83.82955
7168,PMS - Número-índice com ajuste sazonal (2022=100),Número-índice,11046,42,N3,Unidade da Federação,Santa Catarina,201206,51.94984,89.70877
7168,PMS - Número-índice com ajuste sazonal (2022=100),Número-índice,11046,42,N3,Unidade da Federação,Santa Catarina,201207,49.72406,84.17613
7168,PMS - Número-índice com ajuste sazonal (2022=100),Número-índice,11046,42,N3,Unidade da Federação,Santa Catarina,201208,49.74305,83.43116
7168,PMS - Número-índice com ajuste sazonal (2022=100),Número-índice,11046,42,N3,Unidade da Federação,Santa Catarina,201209,50.40998,86.82024
7168,PMS - Número-índice com ajuste sazonal (2022=100),Número-índice,11046,42,N3,Unidade da Federação,Santa Catarina,201210,49.38992,83.70786
7168,PMS - Número-índice com ajuste sazonal (2022=100),Número-índice,11046,42,N3,Unidade da Federação,Santa Catarina,201211,52.35727,86.12595
7168,PMS - Número-índice com ajuste sazonal (2022=100),Número-índice,11046,42,N3,Unidade da Federação,Santa Catarina,201212,50.59307,84.31795
7168,PMS - Número-índice com ajuste sazonal (2022=100),Número-índice,11046,42,N3,Unidade da Federação,Santa Catarina,201301,51.08452,81.90945
7168,PMS - Número-índice com ajuste sazonal (2022=100),Número-índice,11046,42,N3,Unidade da Federação,Santa Catarina,201302,51.71911,83.50961
7168,PMS - Número-índice com ajuste sazonal (2022=100),Número-índice,11046,42,N3,Unidade da Federação,Santa Catarina,201303,54.19747,86.32069
7168,PMS - Número-índice com ajuste sazonal (2022=100),Número-índice,11046,42,N3,Unidade da Federação,Santa Catarina,201304,53.01349,88.04140
7168,PMS - Número-índice com ajuste sazonal (2022=100),Número-índice,11046,42,N3,Unidade da Federação,Santa Catarina,201305,55.44302,90.11540
7168,PMS - Número-índice com ajuste sazonal (2022=100),Número-índice,11046,42,N3,Unidade da Federação,Santa Catarina,201306,56.15743,91.56086
7168,PMS - Número-índice com ajuste sazonal (2022=100),Número-índice,11046,42,N3,Unidade da Federação,Santa Catarina,201307,56.74879,91.58200
7168,PMS - Número-índice com ajuste sazonal (2022=100),Número-índice,11046,42,N3,Unidade da Federação,Santa Catarina,201308,56.39794,88.24756
7168,PMS - Número-índice com ajuste sazonal (2022=100),Número-índice,11046,42,N3,Unidade da Federação,Santa Catarina,201309,54.53528,87.24216
7168,PMS - Número-índice com ajuste sazonal (2022=100),Número-índice,11046,42,N3,Unidade da Federação,Santa Catarina,201310,56.89507,90.31857
7168,PMS - Número-índice com ajuste sazonal (2022=100),Número-índice,11046,42,N3,Unidade da Federação,Santa Catarina,201311,55.01935,87.69378
7168,PMS - Número-índice com ajuste sazonal (2022=100),Número-índice,11046,42,N3,Unidade da Federação,Santa Catarina,201312,55.04052,87.80460
7168,PMS - Número-índice com ajuste sazonal (2022=100),Número-índice,11046,42,N3,Unidade da Federação,Santa Catarina,201401,55.85580,90.07165
7168,PMS - Número-índice com ajuste sazonal (2022=100),Número-índice,11046,42,N3,Unidade da Federação,Santa Catarina,201402,59.27160,92.07275
7168,PMS - Número-índice com ajuste sazonal (2022=100),Número-índice,11046,42,N3,Unidade da Federação,Santa Catarina,201403,58.84179,94.17179
7168,PMS - Número-índice com ajuste sazonal (2022=100),Número-índice,11046,42,N3,Unidade da Federação,Santa Catarina,201404,61.31555,93.39354
7168,PMS - Número-índice com ajuste sazonal (2022=100),Número-índice,11046,42,N3,Unidade da Federação,Santa Catarina,201405,62.04974,94.90610
7168,PMS - Número-índice com ajuste sazonal (2022=100),Número-índice,11046,42,N3,Unidade da Federação,Santa Catarina,201406,57.86320,83.92835
7168,PMS - Número-índice com ajuste sazonal (2022=100),Número-índice,11046,42,N3,Unidade da Federação,Santa Catarina,201407,59.01346,91.30191
7168,PMS - Número-índice com ajuste sazonal (2022=100),Número-índice,11046,42,N3,Unidade da Federação,Santa Catarina,201408,65.26987,96.48313
7168,PMS - Número-índice com ajuste sazonal (2022=100),Número-índice,11046,42,N3,Unidade da Federação,Santa Catarina,201409,62.94345,91.65050
7168,PMS - Número-índice com ajuste sazonal (2022=100),Número-índice,11046,42,N3,Unidade da Federação,Santa Catarina,201410,62.77202,92.75825
7168,PMS - Número-índice com ajuste sazonal (2022=100),Número-índice,11046,42,N3,Unidade da Federação,Santa Catarina,201411,64.76712,95.57039
7168,PMS - Número-índice com ajuste sazonal (2022=100),Número-índice,11046,42,N3,Unidade da Federação,Santa Catarina,201412,65.50794,93.89110
7168,PMS - Número-índice com ajuste sazonal (2022=100),Número-índice,11046,42,N3,Unidade da Federação,Santa Catarina,201501,63.08721,90.36514
7168,PMS - Número-índice com ajuste sazonal (2022=100),Número-índice,11046,42,N3,Unidade da Federação,Santa Catarina,201502,61.44687,90.53974
7168,PMS - Número-índice com ajuste sazonal (2022=100),Número-índice,11046,42,N3,Unidade da Federação,Santa Catarina,201503,62.47160,93.19463
7168,PMS - Número-índice com ajuste sazonal (2022=100),Número-índice,11046,42,N3,Unidade da Federação,Santa Catarina,201504,63.72730,93.03692
7168,PMS - Número-índice com ajuste sazonal (2022=100),Número-índice,11046,42,N3,Unidade da Federação,Santa Catarina,201505,62.68392,92.10134
7168,PMS - Número-índice com ajuste sazonal (2022=100),Número-índice,11046,42,N3,Unidade da Federação,Santa Catarina,201506,63.53158,89.58390
7168,PMS - Número-índice com ajuste sazonal (2022=100),Número-índice,11046,42,N3,Unidade da Federação,Santa Catarina,201507,64.53361,90.80141
7168,PMS - Número-índice com ajuste sazonal (2022=100),Número-índice,11046,42,N3,Unidade da Federação,Santa Catarina,201508,63.71700,91.10299
7168,PMS - Número-índice com ajuste sazonal (2022=100),Número-índice,11046,42,N3,Unidade da Federação,Santa Catarina,201509,66.16538,94.31529
7168,PMS - Número-índice com ajuste sazonal (2022=100),Número-índice,11046,42,N3,Unidade da Federação,Santa Catarina,201510,65.08789,92.97599
7168,PMS - Número-índice com ajuste sazonal (2022=100),Número-índice,11046,42,N3,Unidade da Federação,Santa Catarina,201511,60.69245,87.30960
7168,PMS - Número-índice com ajuste sazonal (2022=100),Número-índice,11046,42,N3,Unidade da Federação,Santa Catarina,201512,60.18796,83.42539
7168,PMS - Número-índice com ajuste sazonal (2022=100),Número-índice,11046,42,N3,Unidade da Federação,Santa Catarina,201601,64.91522,87.68320
7168,PMS - Número-índice com ajuste sazonal (2022=100),Número-índice,11046,42,N3,Unidade da Federação,Santa Catarina,201602,63.58952,85.92405
7168,PMS - Número-índice com ajuste sazonal (2022=100),Número-índice,11046,42,N3,Unidade da Federação,Santa Catarina,201603,61.28326,81.87323
7168,PMS - Número-índice com ajuste sazonal (2022=100),Número-índice,11046,42,N3,Unidade da Federação,Santa Catarina,201604,61.24099,81.95951
7168,PMS - Número-índice com ajuste sazonal (2022=100),Número-índice,11046,42,N3,Unidade da Federação,Santa Catarina,201605,61.83802,83.68330
7168,PMS - Número-índice com ajuste sazonal (2022=100),Número-índice,11046,42,N3,Unidade da Federação,Santa Catarina,201606,61.13183,85.48813
7168,PMS - Número-índice com ajuste sazonal (2022=100),Número-índice,11046,42,N3,Unidade da Federação,Santa Catarina,201607,62.89277,86.70164
7168,PMS - Número-índice com ajuste sazonal (2022=100),Número-índice,11046,42,N3,Unidade da Federação,Santa Catarina,201608,67.53243,90.59095
7168,PMS - Número-índice com ajuste sazonal (2022=100),Número-índice,11046,42,N3,Unidade da Federação,Santa Catarina,201609,61.50970,84.55245
7168,PMS - Número-índice com ajuste sazonal (2022=100),Número-índice,11046,42,N3,Unidade da Federação,Santa Catarina,201610,62.76730,86.92635
7168,PMS - Número-índice com ajuste sazonal (2022=100),Número-índice,11046,42,N3,Unidade da Federação,Santa Catarina,201611,63.66416,87.53667
7168,PMS - Número-índice com ajuste sazonal (2022=100),Número-índice,11046,42,N3,Unidade da Federação,Santa Catarina,201612,60.56371,81.14451
7168,PMS - Número-índice com ajuste sazonal (2022=100),Número-índice,11046,42,N3,Unidade da Federação,Santa Catarina,201701,73.32903,92.84561
7168,PMS - Número-índice com ajuste sazonal (2022=100),Número-índice,11046,42,N3,Unidade da Federação,Santa Catarina,201702,72.39480,92.66341
7168,PMS - Número-índice com ajuste sazonal (2022=100),Número-índice,11046,42,N3,Unidade da Federação,Santa Catarina,201703,72.27442,90.64156
7168,PMS - Número-índice com ajuste sazonal (2022=100),Número-índice,11046,42,N3,Unidade da Federação,Santa Catarina,201704,73.37216,89.80429
7168,PMS - Número-índice com ajuste sazonal (2022=100),Número-índice,11046,42,N3,Unidade da Federação,Santa Catarina,201705,71.44032,88.04341
7168,PMS - Número-índice com ajuste sazonal (2022=100),Número-índice,11046,42,N3,Unidade da Federação,Santa Catarina,201706,71.57383,89.17849
7168,PMS - Número-índice com ajuste sazonal (2022=100),Número-índice,11046,42,N3,Unidade da Federação,Santa Catarina,201707,74.01434,93.23018
7168,PMS - Número-índice com ajuste sazonal (2022=100),Número-índice,11046,42,N3,Unidade da Federação,Santa Catarina,201708,70.89757,87.18487
7168,PMS - Número-índice com ajuste sazonal (2022=100),Número-índice,11046,42,N3,Unidade da Federação,Santa Catarina,201709,71.81787,89.94587
7168,PMS - Número-índice com ajuste sazonal (2022=100),Número-índice,11046,42,N3,Unidade da Federação,Santa Catarina,201710,71.48371,88.70888
7168,PMS - Número-índice com ajuste sazonal (2022=100),Número-índice,11046,42,N3,Unidade da Federação,Santa Catarina,201711,71.78568,92.15947
7168,PMS - Número-índice com ajuste sazonal (2022=100),Número-índice,11046,42,N3,Unidade da Federação,Santa Catarina,201712,76.22858,99.00948
7168,PMS - Número-índice com ajuste sazonal (2022=100),Número-índice,11046,42,N3,Unidade da Federação,Santa Catarina,201801,75.38434,96.49610
7168,PMS - Número-índice com ajuste sazonal (2022=100),Número-índice,11046,42,N3,Unidade da Federação,Santa Catarina,201802,75.00341,94.46268
7168,PMS - Número-índice com ajuste sazonal (2022=100),Número-índice,11046,42,N3,Unidade da Federação,Santa Catarina,201803,76.17616,95.05149
7168,PMS - Número-índice com ajuste sazonal (2022=100),Número-índice,11046,42,N3,Unidade da Federação,Santa Catarina,201804,80.34414,99.66935
7168,PMS - Número-índice com ajuste sazonal (2022=100),Número-índice,11046,42,N3,Unidade da Federação,Santa Catarina,201805,76.34660,94.70298
7168,PMS - Número-índice com ajuste sazonal (2022=100),Número-índice,11046,42,N3,Unidade da Federação,Santa Catarina,201806,72.53350,89.98145
7168,PMS - Número-índice com ajuste sazonal (2022=100),Número-índice,11046,42,N3,Unidade da Federação,Santa Catarina,201807,76.32963,91.01121
7168,PMS - Número-índice com ajuste sazonal (2022=100),Número-índice,11046,42,N3,Unidade da Federação,Santa Catarina,201808,78.53665,94.32025
7168,PMS - Número-índice com ajuste sazonal (2022=100),Número-índice,11046,42,N3,Unidade da Federação,Santa Catarina,201809,80.21425,94.72449
7168,PMS - Número-índice com ajuste sazonal (2022=100),Número-índice,11046,42,N3,Unidade da Federação,Santa Catarina,201810,77.51226,92.87580
7168,PMS - Número-índice com ajuste sazonal (2022=100),Número-índice,11046,42,N3,Unidade da Federação,Santa Catarina,201811,79.85272,94.93672
7168,PMS - Número-índice com ajuste sazonal (2022=100),Número-índice,11046,42,N3,Unidade da Federação,Santa Catarina,201812,79.82633,97.63142
7168,PMS - Número-índice com ajuste sazonal (2022=100),Número-índice,11046,42,N3,Unidade da Federação,Santa Catarina,201901,76.92530,91.09110
7168,PMS - Número-índice com ajuste sazonal (2022=100),Número-índice,11046,42,N3,Unidade da Federação,Santa Catarina,201902,76.60986,87.89493
7168,PMS - Número-índice com ajuste sazonal (2022=100),Número-índice,11046,42,N3,Unidade da Federação,Santa Catarina,201903,80.68855,98.17488
7168,PMS - Número-índice com ajuste sazonal (2022=100),Número-índice,11046,42,N3,Unidade da Federação,Santa Catarina,201904,77.19600,88.00142
7168,PMS - Número-índice com ajuste sazonal (2022=100),Número-índice,11046,42,N3,Unidade da Federação,Santa Catarina,201905,79.12463,90.98381
7168,PMS - Número-índice com ajuste sazonal (2022=100),Número-índice,11046,42,N3,Unidade da Federação,Santa Catarina,201906,81.34027,93.16342
7168,PMS - Número-índice com ajuste sazonal (2022=100),Número-índice,11046,42,N3,Unidade da Federação,Santa Catarina,201907,79.42177,90.67239
7168,PMS - Número-índice com ajuste sazonal (2022=100),Número-índice,11046,42,N3,Unidade da Federação,Santa Catarina,201908,83.15783,92.12597
7168,PMS - Número-índice com ajuste sazonal (2022=100),Número-índice,11046,42,N3,Unidade da Federação,Santa Catarina,201909,79.71955,90.47488
7168,PMS - Número-índice com ajuste sazonal (2022=100),Número-índice,11046,42,N3,Unidade da Federação,Santa Catarina,201910,82.49185,95.31106
7168,PMS - Número-índice com ajuste sazonal (2022=100),Número-índice,11046,42,N3,Unidade da Federação,Santa Catarina,201911,84.50353,95.80140
7168,PMS - Número-índice com ajuste sazonal (2022=100),Número-índice,11046,42,N3,Unidade da Federação,Santa Catarina,201912,81.70612,96.21867
7168,PMS - Número-índice com ajuste sazonal (2022=100),Número-índice,11046,42,N3,Unidade da Federação,Santa Catarina,202001,82.03096,96.31555
7168,PMS - Número-índice com ajuste sazonal (2022=100),Número-índice,11046,42,N3,Unidade da Federação,Santa Catarina,202002,85.13961,100.18787
7168,PMS - Número-índice com ajuste sazonal (2022=100),Número-índice,11046,42,N3,Unidade da Federação,Santa Catarina,202003,56.98835,64.02829
7168,PMS - Número-índice com ajuste sazonal (2022=100),Número-índice,11046,42,N3,Unidade da Federação,Santa Catarina,202004,35.06685,36.18577
7168,PMS - Número-índice com ajuste sazonal (2022=100),Número-índice,11046,42,N3,Unidade da Federação,Santa Catarina,202005,41.38636,44.62847
7168,PMS - Número-índice com ajuste sazonal (2022=100),Número-índice,11046,42,N3,Unidade da Federação,Santa Catarina,202006,46.39628,53.21642
7168,PMS - Número-índice com ajuste sazonal (2022=100),Número-índice,11046,42,N3,Unidade da Federação,Santa Catarina,202007,35.86075,44.93449
7168,PMS - Número-índice com ajuste sazonal (2022=100),Número-índice,11046,42,N3,Unidade da Federação,Santa Catarina,202008,51.24537,58.81458
7168,PMS - Número-índice com ajuste sazonal (2022=100),Número-índice,11046,42,N3,Unidade da Federação,Santa Catarina,202009,55.74888,66.29044
7168,PMS - Número-índice com ajuste sazonal (2022=100),Número-índice,11046,42,N3,Unidade da Federação,Santa Catarina,202010,61.67766,74.98347
7168,PMS - Número-índice com ajuste sazonal (2022=100),Número-índice,11046,42,N3,Unidade da Federação,Santa Catarina,202011,58.94071,70.14334
7168,PMS - Número-índice com ajuste sazonal (2022=100),Número-índice,11046,42,N3,Unidade da Federação,Santa Catarina,202012,49.49503,62.44178
7168,PMS - Número-índice com ajuste sazonal (2022=100),Número-índice,11046,42,N3,Unidade da Federação,Santa Catarina,202101,51.32950,66.01544
7168,PMS - Número-índice com ajuste sazonal (2022=100),Número-índice,11046,42,N3,Unidade da Federação,Santa Catarina,202102,63.64410,77.77351
7168,PMS - Número-índice com ajuste sazonal (2022=100),Número-índice,11046,42,N3,Unidade da Federação,Santa Catarina,202103,48.66255,53.14261
7168,PMS - Número-índice com ajuste sazonal (2022=100),Número-índice,11046,42,N3,Unidade da Federação,Santa Catarina,202104,54.52869,61.15054
7168,PMS - Número-índice com ajuste sazonal (2022=100),Número-índice,11046,42,N3,Unidade da Federação,Santa Catarina,202105,62.75131,69.68516
7168,PMS - Número-índice com ajuste sazonal (2022=100),Número-índice,11046,42,N3,Unidade da Federação,Santa Catarina,202106,68.20235,77.37927
7168,PMS - Número-índice com ajuste sazonal (2022=100),Número-índice,11046,42,N3,Unidade da Federação,Santa Catarina,202107,68.08053,79.66595
7168,PMS - Número-índice com ajuste sazonal (2022=100),Número-índice,11046,42,N3,Unidade da Federação,Santa Catarina,202108,74.33452,83.96240
7168,PMS - Número-índice com ajuste sazonal (2022=100),Número-índice,11046,42,N3,Unidade da Federação,Santa Catarina,202109,76.46383,85.63870
7168,PMS - Número-índice com ajuste sazonal (2022=100),Número-índice,11046,42,N3,Unidade da Federação,Santa Catarina,202110,78.02501,87.12482
7168,PMS - Número-índice com ajuste sazonal (2022=100),Número-índice,11046,42,N3,Unidade da Federação,Santa Catarina,202111,79.75581,88.51669
7168,PMS - Número-índice com ajuste sazonal (2022=100),Número-índice,11046,42,N3,Unidade da Federação,Santa Catarina,202112,80.46626,88.75451
7168,PMS - Número-índice com ajuste sazonal (2022=100),Número-índice,11046,42,N3,Unidade da Federação,Santa Catarina,202201,78.93572,89.56763
7168,PMS - Número-índice com ajuste sazonal (2022=100),Número-índice,11046,42,N3,Unidade da Federação,Santa Catarina,202202,79.61394,87.56552
7168,PMS - Número-índice com ajuste sazonal (2022=100),Número-índice,11046,42,N3,Unidade da Federação,Santa Catarina,202203,93.81263,98.00236
7168,PMS - Número-índice com ajuste sazonal (2022=100),Número-índice,11046,42,N3,Unidade da Federação,Santa Catarina,202204,101.90828,105.53035
7168,PMS - Número-índice com ajuste sazonal (2022=100),Número-índice,11046,42,N3,Unidade da Federação,Santa Catarina,202205,100.03941,99.10663
7168,PMS - Número-índice com ajuste sazonal (2022=100),Número-índice,11046,42,N3,Unidade da Federação,Santa Catarina,202206,103.17744,100.52877
7168,PMS - Número-índice com ajuste sazonal (2022=100),Número-índice,11046,42,N3,Unidade da Federação,Santa Catarina,202207,108.65840,107.80106
7168,PMS - Número-índice com ajuste sazonal (2022=100),Número-índice,11046,42,N3,Unidade da Federação,Santa Catarina,202208,105.33545,101.15732
7168,PMS - Número-índice com ajuste sazonal (2022=100),Número-índice,11046,42,N3,Unidade da Federação,Santa Catarina,202209,105.97022,100.98525
7168,PMS - Número-índice com ajuste sazonal (2022=100),Número-índice,11046,42,N3,Unidade da Federação,Santa Catarina,202210,110.05195,104.11705
7168,PMS - Número-índice com ajuste sazonal (2022=100),Número-índice,11046,42,N3,Unidade da Federação,Santa Catarina,202211,104.77185,100.78946
7168,PMS - Número-índice com ajuste sazonal (2022=100),Número-índice,11046,42,N3,Unidade da Federação,Santa Catarina,202212,108.26434,105.00011
7168,PMS - Número-índice com ajuste sazonal (2022=100),Número-índice,11046,42,N3,Unidade da Federação,Santa Catarina,202301,116.54494,108.90081
7168,PMS - Número-índice com ajuste sazonal (2022=100),Número-índice,11046,42,N3,Unidade da Federação,Santa Catarina,202302,114.14644,108.77695
7168,PMS - Número-índice com ajuste sazonal (2022=100),Número-índice,11046,42,N3,Unidade da Federação,Santa Catarina,202303,112.88846,104.09268
7168,PMS - Número-índice com ajuste sazonal (2022=100),Número-índice,11046,42,N3,Unidade da Federação,Santa Catarina,202304,113.69980,104.67446
7168,PMS - Número-índice com ajuste sazonal (2022=100),Número-índice,11046,42,N3,Unidade da Federação,Santa Catarina,202305,114.83194,107.00139
7168,PMS - Número-índice com ajuste sazonal (2022=100),Número-índice,11046,42,N3,Unidade da Federação,Santa Catarina,202306,112.70321,103.71212
7168,PMS - Número-índice com ajuste sazonal (2022=100),Número-índice,11046,42,N3,Unidade da Federação,Santa Catarina,202307,113.99391,105.94923
7168,PMS - Número-índice com ajuste sazonal (2022=100),Número-índice,11046,42,N3,Unidade da Federação,Santa Catarina,202308,113.28130,105.58345
7168,PMS - Número-índice com ajuste sazonal (2022=100),Número-índice,11046,42,N3,Unidade da Federação,Santa Catarina,202309,120.26939,111.85388
7168,PMS - Número-índice com ajuste sazonal (2022=100),Número-índice,11046,42,N3,Unidade da Federação,Santa Catarina,202310,115.74445,105.86989
7168,PMS - Número-índice com ajuste sazonal (2022=100),Número-índice,11046,42,N3,Unidade da Federação,Santa Catarina,202311,121.28633,108.15021
7168,PMS - Número-índice com ajuste sazonal (2022=100),Número-índice,11046,42,N3,Unidade da Federação,Santa Catarina,202312,127.76776,112.48511
7168,PMS - Número-índice com ajuste sazonal (2022=100),Número-índice,11046,42,N3,Unidade da Federação,Santa Catarina,202401,128.02652,111.96386
7168,PMS - Número-índice com ajuste sazonal (2022=100),Número-índice,11046,42,N3,Unidade da Federação,Santa Catarina,202402,120.58128,107.66975
7168,PMS - Número-índice com ajuste sazonal (2022=100),Número-índice,11046,42,N3,Unidade da Federação,Santa Catarina,202403,127.60713,112.47173
7168,PMS - Número-índice com ajuste sazonal (2022=100),Número-índice,11046,42,N3,Unidade da Federação,Santa Catarina,202404,124.44309,113.61309
7168,PMS - Número-índice com ajuste sazonal (2022=100),Número-índice,11046,42,N3,Unidade da Federação,Santa Catarina,202405,127.09265,113.87227
7168,PMS - Número-índice com ajuste sazonal (2022=100),Número-índice,11046,42,N3,Unidade da Federação,Santa Catarina,202406,128.65333,116.70226
7168,PMS - Número-índice com ajuste sazonal (2022=100),Número-índice,11046,42,N3,Unidade da Federação,Santa Catarina,202407,133.00111,119.06262
7168,PMS - Número-índice com ajuste sazonal (2022=100),Número-índice,11046,42,N3,Unidade da Federação,Santa Catarina,202408,135.81909,121.40732
7168,PMS - Número-índice com ajuste sazonal (2022=100),Número-índice,11046,42,N3,Unidade da Federação,Santa Catarina,202409,132.48474,117.63383
7168,PMS - Número-índice com ajuste sazonal (2022=100),Número-índice,11046,43,N3,Unidade da Federação,Rio Grande do Sul,201101,55.68676,102.93457
7168,PMS - Número-índice com ajuste sazonal (2022=100),Número-índice,11046,43,N3,Unidade da Federação,Rio Grande do Sul,201102,58.48396,103.27437
7168,PMS - Número-índice com ajuste sazonal (2022=100),Número-índice,11046,43,N3,Unidade da Federação,Rio Grande do Sul,201103,56.53010,102.14919
7168,PMS - Número-índice com ajuste sazonal (2022=100),Número-índice,11046,43,N3,Unidade da Federação,Rio Grande do Sul,201104,59.59653,103.73300
7168,PMS - Número-índice com ajuste sazonal (2022=100),Número-índice,11046,43,N3,Unidade da Federação,Rio Grande do Sul,201105,59.99392,105.42104
7168,PMS - Número-índice com ajuste sazonal (2022=100),Número-índice,11046,43,N3,Unidade da Federação,Rio Grande do Sul,201106,60.69771,102.49077
7168,PMS - Número-índice com ajuste sazonal (2022=100),Número-índice,11046,43,N3,Unidade da Federação,Rio Grande do Sul,201107,60.31152,103.98072
7168,PMS - Número-índice com ajuste sazonal (2022=100),Número-índice,11046,43,N3,Unidade da Federação,Rio Grande do Sul,201108,61.41272,104.16659
7168,PMS - Número-índice com ajuste sazonal (2022=100),Número-índice,11046,43,N3,Unidade da Federação,Rio Grande do Sul,201109,64.92325,106.13953
7168,PMS - Número-índice com ajuste sazonal (2022=100),Número-índice,11046,43,N3,Unidade da Federação,Rio Grande do Sul,201110,63.33487,103.26025
7168,PMS - Número-índice com ajuste sazonal (2022=100),Número-índice,11046,43,N3,Unidade da Federação,Rio Grande do Sul,201111,65.20874,106.34324
7168,PMS - Número-índice com ajuste sazonal (2022=100),Número-índice,11046,43,N3,Unidade da Federação,Rio Grande do Sul,201112,63.59968,105.01530
7168,PMS - Número-índice com ajuste sazonal (2022=100),Número-índice,11046,43,N3,Unidade da Federação,Rio Grande do Sul,201201,65.01268,103.50611
7168,PMS - Número-índice com ajuste sazonal (2022=100),Número-índice,11046,43,N3,Unidade da Federação,Rio Grande do Sul,201202,65.94398,104.08315
7168,PMS - Número-índice com ajuste sazonal (2022=100),Número-índice,11046,43,N3,Unidade da Federação,Rio Grande do Sul,201203,67.64535,104.28028
7168,PMS - Número-índice com ajuste sazonal (2022=100),Número-índice,11046,43,N3,Unidade da Federação,Rio Grande do Sul,201204,65.80692,101.85032
7168,PMS - Número-índice com ajuste sazonal (2022=100),Número-índice,11046,43,N3,Unidade da Federação,Rio Grande do Sul,201205,65.68248,101.88370
7168,PMS - Número-índice com ajuste sazonal (2022=100),Número-índice,11046,43,N3,Unidade da Federação,Rio Grande do Sul,201206,67.37587,103.30652
7168,PMS - Número-índice com ajuste sazonal (2022=100),Número-índice,11046,43,N3,Unidade da Federação,Rio Grande do Sul,201207,66.52232,103.35024
7168,PMS - Número-índice com ajuste sazonal (2022=100),Número-índice,11046,43,N3,Unidade da Federação,Rio Grande do Sul,201208,68.20915,104.76665
7168,PMS - Número-índice com ajuste sazonal (2022=100),Número-índice,11046,43,N3,Unidade da Federação,Rio Grande do Sul,201209,65.36624,100.66795
7168,PMS - Número-índice com ajuste sazonal (2022=100),Número-índice,11046,43,N3,Unidade da Federação,Rio Grande do Sul,201210,67.75127,109.01707
7168,PMS - Número-índice com ajuste sazonal (2022=100),Número-índice,11046,43,N3,Unidade da Federação,Rio Grande do Sul,201211,68.65291,108.14813
7168,PMS - Número-índice com ajuste sazonal (2022=100),Número-índice,11046,43,N3,Unidade da Federação,Rio Grande do Sul,201212,74.12421,116.23452
7168,PMS - Número-índice com ajuste sazonal (2022=100),Número-índice,11046,43,N3,Unidade da Federação,Rio Grande do Sul,201301,70.16029,107.89711
7168,PMS - Número-índice com ajuste sazonal (2022=100),Número-índice,11046,43,N3,Unidade da Federação,Rio Grande do Sul,201302,67.44753,103.61641
7168,PMS - Número-índice com ajuste sazonal (2022=100),Número-índice,11046,43,N3,Unidade da Federação,Rio Grande do Sul,201303,70.92075,111.44587
7168,PMS - Número-índice com ajuste sazonal (2022=100),Número-índice,11046,43,N3,Unidade da Federação,Rio Grande do Sul,201304,71.78718,114.32701
7168,PMS - Número-índice com ajuste sazonal (2022=100),Número-índice,11046,43,N3,Unidade da Federação,Rio Grande do Sul,201305,73.19268,112.64169
7168,PMS - Número-índice com ajuste sazonal (2022=100),Número-índice,11046,43,N3,Unidade da Federação,Rio Grande do Sul,201306,73.72229,114.86238
7168,PMS - Número-índice com ajuste sazonal (2022=100),Número-índice,11046,43,N3,Unidade da Federação,Rio Grande do Sul,201307,75.68084,121.66855
7168,PMS - Número-índice com ajuste sazonal (2022=100),Número-índice,11046,43,N3,Unidade da Federação,Rio Grande do Sul,201308,76.47636,117.64584
7168,PMS - Número-índice com ajuste sazonal (2022=100),Número-índice,11046,43,N3,Unidade da Federação,Rio Grande do Sul,201309,75.59905,110.86983
7168,PMS - Número-índice com ajuste sazonal (2022=100),Número-índice,11046,43,N3,Unidade da Federação,Rio Grande do Sul,201310,78.51289,120.28347
7168,PMS - Número-índice com ajuste sazonal (2022=100),Número-índice,11046,43,N3,Unidade da Federação,Rio Grande do Sul,201311,75.24102,112.37580
7168,PMS - Número-índice com ajuste sazonal (2022=100),Número-índice,11046,43,N3,Unidade da Federação,Rio Grande do Sul,201312,75.01793,112.50882
7168,PMS - Número-índice com ajuste sazonal (2022=100),Número-índice,11046,43,N3,Unidade da Federação,Rio Grande do Sul,201401,75.43521,114.94379
7168,PMS - Número-índice com ajuste sazonal (2022=100),Número-índice,11046,43,N3,Unidade da Federação,Rio Grande do Sul,201402,78.04986,114.66659
7168,PMS - Número-índice com ajuste sazonal (2022=100),Número-índice,11046,43,N3,Unidade da Federação,Rio Grande do Sul,201403,78.82167,117.17279
7168,PMS - Número-índice com ajuste sazonal (2022=100),Número-índice,11046,43,N3,Unidade da Federação,Rio Grande do Sul,201404,87.21000,123.68221
7168,PMS - Número-índice com ajuste sazonal (2022=100),Número-índice,11046,43,N3,Unidade da Federação,Rio Grande do Sul,201405,81.98757,119.96457
7168,PMS - Número-índice com ajuste sazonal (2022=100),Número-índice,11046,43,N3,Unidade da Federação,Rio Grande do Sul,201406,76.68224,104.01131
7168,PMS - Número-índice com ajuste sazonal (2022=100),Número-índice,11046,43,N3,Unidade da Federação,Rio Grande do Sul,201407,76.26359,116.12478
7168,PMS - Número-índice com ajuste sazonal (2022=100),Número-índice,11046,43,N3,Unidade da Federação,Rio Grande do Sul,201408,80.55177,113.81750
7168,PMS - Número-índice com ajuste sazonal (2022=100),Número-índice,11046,43,N3,Unidade da Federação,Rio Grande do Sul,201409,84.13006,115.48756
7168,PMS - Número-índice com ajuste sazonal (2022=100),Número-índice,11046,43,N3,Unidade da Federação,Rio Grande do Sul,201410,80.57592,113.37649
7168,PMS - Número-índice com ajuste sazonal (2022=100),Número-índice,11046,43,N3,Unidade da Federação,Rio Grande do Sul,201411,78.85856,109.92375
7168,PMS - Número-índice com ajuste sazonal (2022=100),Número-índice,11046,43,N3,Unidade da Federação,Rio Grande do Sul,201412,77.11576,106.42796
7168,PMS - Número-índice com ajuste sazonal (2022=100),Número-índice,11046,43,N3,Unidade da Federação,Rio Grande do Sul,201501,79.69387,110.80276
7168,PMS - Número-índice com ajuste sazonal (2022=100),Número-índice,11046,43,N3,Unidade da Federação,Rio Grande do Sul,201502,76.59999,107.80475
7168,PMS - Número-índice com ajuste sazonal (2022=100),Número-índice,11046,43,N3,Unidade da Federação,Rio Grande do Sul,201503,77.17624,105.08893
7168,PMS - Número-índice com ajuste sazonal (2022=100),Número-índice,11046,43,N3,Unidade da Federação,Rio Grande do Sul,201504,76.62280,104.11162
7168,PMS - Número-índice com ajuste sazonal (2022=100),Número-índice,11046,43,N3,Unidade da Federação,Rio Grande do Sul,201505,76.79117,105.67121
7168,PMS - Número-índice com ajuste sazonal (2022=100),Número-índice,11046,43,N3,Unidade da Federação,Rio Grande do Sul,201506,76.18654,100.18813
7168,PMS - Número-índice com ajuste sazonal (2022=100),Número-índice,11046,43,N3,Unidade da Federação,Rio Grande do Sul,201507,77.39985,103.60889
7168,PMS - Número-índice com ajuste sazonal (2022=100),Número-índice,11046,43,N3,Unidade da Federação,Rio Grande do Sul,201508,74.66445,102.91008
7168,PMS - Número-índice com ajuste sazonal (2022=100),Número-índice,11046,43,N3,Unidade da Federação,Rio Grande do Sul,201509,76.77392,101.51128
7168,PMS - Número-índice com ajuste sazonal (2022=100),Número-índice,11046,43,N3,Unidade da Federação,Rio Grande do Sul,201510,75.96732,99.66644
7168,PMS - Número-índice com ajuste sazonal (2022=100),Número-índice,11046,43,N3,Unidade da Federação,Rio Grande do Sul,201511,78.65575,104.86723
7168,PMS - Número-índice com ajuste sazonal (2022=100),Número-índice,11046,43,N3,Unidade da Federação,Rio Grande do Sul,201512,78.78815,101.80654
7168,PMS - Número-índice com ajuste sazonal (2022=100),Número-índice,11046,43,N3,Unidade da Federação,Rio Grande do Sul,201601,78.37308,102.24119
7168,PMS - Número-índice com ajuste sazonal (2022=100),Número-índice,11046,43,N3,Unidade da Federação,Rio Grande do Sul,201602,80.72040,106.83602
7168,PMS - Número-índice com ajuste sazonal (2022=100),Número-índice,11046,43,N3,Unidade da Federação,Rio Grande do Sul,201603,82.05443,104.90743
7168,PMS - Número-índice com ajuste sazonal (2022=100),Número-índice,11046,43,N3,Unidade da Federação,Rio Grande do Sul,201604,72.49576,94.43575
7168,PMS - Número-índice com ajuste sazonal (2022=100),Número-índice,11046,43,N3,Unidade da Federação,Rio Grande do Sul,201605,76.06412,99.44568
7168,PMS - Número-índice com ajuste sazonal (2022=100),Número-índice,11046,43,N3,Unidade da Federação,Rio Grande do Sul,201606,75.62336,103.25986
7168,PMS - Número-índice com ajuste sazonal (2022=100),Número-índice,11046,43,N3,Unidade da Federação,Rio Grande do Sul,201607,76.90538,101.33763
7168,PMS - Número-índice com ajuste sazonal (2022=100),Número-índice,11046,43,N3,Unidade da Federação,Rio Grande do Sul,201608,78.68737,102.48446
7168,PMS - Número-índice com ajuste sazonal (2022=100),Número-índice,11046,43,N3,Unidade da Federação,Rio Grande do Sul,201609,78.71456,103.29662
7168,PMS - Número-índice com ajuste sazonal (2022=100),Número-índice,11046,43,N3,Unidade da Federação,Rio Grande do Sul,201610,77.04391,100.59027
7168,PMS - Número-índice com ajuste sazonal (2022=100),Número-índice,11046,43,N3,Unidade da Federação,Rio Grande do Sul,201611,80.03246,101.41562
7168,PMS - Número-índice com ajuste sazonal (2022=100),Número-índice,11046,43,N3,Unidade da Federação,Rio Grande do Sul,201612,79.57285,102.29945
7168,PMS - Número-índice com ajuste sazonal (2022=100),Número-índice,11046,43,N3,Unidade da Federação,Rio Grande do Sul,201701,78.78545,96.72278
7168,PMS - Número-índice com ajuste sazonal (2022=100),Número-índice,11046,43,N3,Unidade da Federação,Rio Grande do Sul,201702,79.49871,97.94656
7168,PMS - Número-índice com ajuste sazonal (2022=100),Número-índice,11046,43,N3,Unidade da Federação,Rio Grande do Sul,201703,79.79116,93.20284
7168,PMS - Número-índice com ajuste sazonal (2022=100),Número-índice,11046,43,N3,Unidade da Federação,Rio Grande do Sul,201704,77.80509,90.21669
7168,PMS - Número-índice com ajuste sazonal (2022=100),Número-índice,11046,43,N3,Unidade da Federação,Rio Grande do Sul,201705,78.09406,91.52195
7168,PMS - Número-índice com ajuste sazonal (2022=100),Número-índice,11046,43,N3,Unidade da Federação,Rio Grande do Sul,201706,80.12774,94.15496
7168,PMS - Número-índice com ajuste sazonal (2022=100),Número-índice,11046,43,N3,Unidade da Federação,Rio Grande do Sul,201707,78.58293,94.64592
7168,PMS - Número-índice com ajuste sazonal (2022=100),Número-índice,11046,43,N3,Unidade da Federação,Rio Grande do Sul,201708,77.80076,91.22843
7168,PMS - Número-índice com ajuste sazonal (2022=100),Número-índice,11046,43,N3,Unidade da Federação,Rio Grande do Sul,201709,76.30795,90.22501
7168,PMS - Número-índice com ajuste sazonal (2022=100),Número-índice,11046,43,N3,Unidade da Federação,Rio Grande do Sul,201710,80.44058,94.80470
7168,PMS - Número-índice com ajuste sazonal (2022=100),Número-índice,11046,43,N3,Unidade da Federação,Rio Grande do Sul,201711,77.44005,92.28876
7168,PMS - Número-índice com ajuste sazonal (2022=100),Número-índice,11046,43,N3,Unidade da Federação,Rio Grande do Sul,201712,81.15106,98.17982
7168,PMS - Número-índice com ajuste sazonal (2022=100),Número-índice,11046,43,N3,Unidade da Federação,Rio Grande do Sul,201801,81.23284,96.30516
7168,PMS - Número-índice com ajuste sazonal (2022=100),Número-índice,11046,43,N3,Unidade da Federação,Rio Grande do Sul,201802,78.82219,93.19008
7168,PMS - Número-índice com ajuste sazonal (2022=100),Número-índice,11046,43,N3,Unidade da Federação,Rio Grande do Sul,201803,81.20966,93.71818
7168,PMS - Número-índice com ajuste sazonal (2022=100),Número-índice,11046,43,N3,Unidade da Federação,Rio Grande do Sul,201804,82.02756,95.30124
7168,PMS - Número-índice com ajuste sazonal (2022=100),Número-índice,11046,43,N3,Unidade da Federação,Rio Grande do Sul,201805,80.34920,92.32357
7168,PMS - Número-índice com ajuste sazonal (2022=100),Número-índice,11046,43,N3,Unidade da Federação,Rio Grande do Sul,201806,78.65066,90.97640
7168,PMS - Número-índice com ajuste sazonal (2022=100),Número-índice,11046,43,N3,Unidade da Federação,Rio Grande do Sul,201807,81.38676,91.12544
7168,PMS - Número-índice com ajuste sazonal (2022=100),Número-índice,11046,43,N3,Unidade da Federação,Rio Grande do Sul,201808,83.67769,95.52427
7168,PMS - Número-índice com ajuste sazonal (2022=100),Número-índice,11046,43,N3,Unidade da Federação,Rio Grande do Sul,201809,84.23340,94.56640
7168,PMS - Número-índice com ajuste sazonal (2022=100),Número-índice,11046,43,N3,Unidade da Federação,Rio Grande do Sul,201810,81.94364,91.83545
7168,PMS - Número-índice com ajuste sazonal (2022=100),Número-índice,11046,43,N3,Unidade da Federação,Rio Grande do Sul,201811,81.81016,90.77222
7168,PMS - Número-índice com ajuste sazonal (2022=100),Número-índice,11046,43,N3,Unidade da Federação,Rio Grande do Sul,201812,83.85757,91.94950
7168,PMS - Número-índice com ajuste sazonal (2022=100),Número-índice,11046,43,N3,Unidade da Federação,Rio Grande do Sul,201901,86.06868,92.33671
7168,PMS - Número-índice com ajuste sazonal (2022=100),Número-índice,11046,43,N3,Unidade da Federação,Rio Grande do Sul,201902,86.38082,89.96502
7168,PMS - Número-índice com ajuste sazonal (2022=100),Número-índice,11046,43,N3,Unidade da Federação,Rio Grande do Sul,201903,84.23864,92.46684
7168,PMS - Número-índice com ajuste sazonal (2022=100),Número-índice,11046,43,N3,Unidade da Federação,Rio Grande do Sul,201904,87.73938,94.39540
7168,PMS - Número-índice com ajuste sazonal (2022=100),Número-índice,11046,43,N3,Unidade da Federação,Rio Grande do Sul,201905,85.87754,95.44789
7168,PMS - Número-índice com ajuste sazonal (2022=100),Número-índice,11046,43,N3,Unidade da Federação,Rio Grande do Sul,201906,85.65101,92.11887
7168,PMS - Número-índice com ajuste sazonal (2022=100),Número-índice,11046,43,N3,Unidade da Federação,Rio Grande do Sul,201907,84.81378,89.98926
7168,PMS - Número-índice com ajuste sazonal (2022=100),Número-índice,11046,43,N3,Unidade da Federação,Rio Grande do Sul,201908,86.78174,93.05149
7168,PMS - Número-índice com ajuste sazonal (2022=100),Número-índice,11046,43,N3,Unidade da Federação,Rio Grande do Sul,201909,84.84255,93.45604
7168,PMS - Número-índice com ajuste sazonal (2022=100),Número-índice,11046,43,N3,Unidade da Federação,Rio Grande do Sul,201910,86.30883,96.98480
7168,PMS - Número-índice com ajuste sazonal (2022=100),Número-índice,11046,43,N3,Unidade da Federação,Rio Grande do Sul,201911,87.45870,96.60343
7168,PMS - Número-índice com ajuste sazonal (2022=100),Número-índice,11046,43,N3,Unidade da Federação,Rio Grande do Sul,201912,89.96908,94.04677
7168,PMS - Número-índice com ajuste sazonal (2022=100),Número-índice,11046,43,N3,Unidade da Federação,Rio Grande do Sul,202001,86.78169,94.10086
7168,PMS - Número-índice com ajuste sazonal (2022=100),Número-índice,11046,43,N3,Unidade da Federação,Rio Grande do Sul,202002,89.31666,94.41304
7168,PMS - Número-índice com ajuste sazonal (2022=100),Número-índice,11046,43,N3,Unidade da Federação,Rio Grande do Sul,202003,59.69195,62.65673
7168,PMS - Número-índice com ajuste sazonal (2022=100),Número-índice,11046,43,N3,Unidade da Federação,Rio Grande do Sul,202004,24.22815,24.92985
7168,PMS - Número-índice com ajuste sazonal (2022=100),Número-índice,11046,43,N3,Unidade da Federação,Rio Grande do Sul,202005,27.37000,27.80740
7168,PMS - Número-índice com ajuste sazonal (2022=100),Número-índice,11046,43,N3,Unidade da Federação,Rio Grande do Sul,202006,30.12065,32.37304
7168,PMS - Número-índice com ajuste sazonal (2022=100),Número-índice,11046,43,N3,Unidade da Federação,Rio Grande do Sul,202007,20.80982,27.12807
7168,PMS - Número-índice com ajuste sazonal (2022=100),Número-índice,11046,43,N3,Unidade da Federação,Rio Grande do Sul,202008,35.53124,41.82282
7168,PMS - Número-índice com ajuste sazonal (2022=100),Número-índice,11046,43,N3,Unidade da Federação,Rio Grande do Sul,202009,43.27536,52.27441
7168,PMS - Número-índice com ajuste sazonal (2022=100),Número-índice,11046,43,N3,Unidade da Federação,Rio Grande do Sul,202010,50.87168,63.60229
7168,PMS - Número-índice com ajuste sazonal (2022=100),Número-índice,11046,43,N3,Unidade da Federação,Rio Grande do Sul,202011,47.73431,59.19821
7168,PMS - Número-índice com ajuste sazonal (2022=100),Número-índice,11046,43,N3,Unidade da Federação,Rio Grande do Sul,202012,46.38423,55.65194
7168,PMS - Número-índice com ajuste sazonal (2022=100),Número-índice,11046,43,N3,Unidade da Federação,Rio Grande do Sul,202101,54.19425,65.94408
7168,PMS - Número-índice com ajuste sazonal (2022=100),Número-índice,11046,43,N3,Unidade da Federação,Rio Grande do Sul,202102,63.09742,71.15907
7168,PMS - Número-índice com ajuste sazonal (2022=100),Número-índice,11046,43,N3,Unidade da Federação,Rio Grande do Sul,202103,40.63091,41.39369
7168,PMS - Número-índice com ajuste sazonal (2022=100),Número-índice,11046,43,N3,Unidade da Federação,Rio Grande do Sul,202104,46.93727,51.42823
7168,PMS - Número-índice com ajuste sazonal (2022=100),Número-índice,11046,43,N3,Unidade da Federação,Rio Grande do Sul,202105,54.97885,65.12362
7168,PMS - Número-índice com ajuste sazonal (2022=100),Número-índice,11046,43,N3,Unidade da Federação,Rio Grande do Sul,202106,61.49050,75.70524
7168,PMS - Número-índice com ajuste sazonal (2022=100),Número-índice,11046,43,N3,Unidade da Federação,Rio Grande do Sul,202107,64.25303,78.83627
7168,PMS - Número-índice com ajuste sazonal (2022=100),Número-índice,11046,43,N3,Unidade da Federação,Rio Grande do Sul,202108,70.22004,82.18677
7168,PMS - Número-índice com ajuste sazonal (2022=100),Número-índice,11046,43,N3,Unidade da Federação,Rio Grande do Sul,202109,75.32830,84.17554
7168,PMS - Número-índice com ajuste sazonal (2022=100),Número-índice,11046,43,N3,Unidade da Federação,Rio Grande do Sul,202110,79.23383,86.12774
7168,PMS - Número-índice com ajuste sazonal (2022=100),Número-índice,11046,43,N3,Unidade da Federação,Rio Grande do Sul,202111,80.98188,88.36160
7168,PMS - Número-índice com ajuste sazonal (2022=100),Número-índice,11046,43,N3,Unidade da Federação,Rio Grande do Sul,202112,88.89491,94.26838
7168,PMS - Número-índice com ajuste sazonal (2022=100),Número-índice,11046,43,N3,Unidade da Federação,Rio Grande do Sul,202201,84.82213,93.29891
7168,PMS - Número-índice com ajuste sazonal (2022=100),Número-índice,11046,43,N3,Unidade da Federação,Rio Grande do Sul,202202,86.78434,89.12344
7168,PMS - Número-índice com ajuste sazonal (2022=100),Número-índice,11046,43,N3,Unidade da Federação,Rio Grande do Sul,202203,92.14413,98.49997
7168,PMS - Número-índice com ajuste sazonal (2022=100),Número-índice,11046,43,N3,Unidade da Federação,Rio Grande do Sul,202204,96.06991,101.92022
7168,PMS - Número-índice com ajuste sazonal (2022=100),Número-índice,11046,43,N3,Unidade da Federação,Rio Grande do Sul,202205,101.30212,103.10465
7168,PMS - Número-índice com ajuste sazonal (2022=100),Número-índice,11046,43,N3,Unidade da Federação,Rio Grande do Sul,202206,107.36060,107.14168
7168,PMS - Número-índice com ajuste sazonal (2022=100),Número-índice,11046,43,N3,Unidade da Federação,Rio Grande do Sul,202207,107.54309,106.00136
7168,PMS - Número-índice com ajuste sazonal (2022=100),Número-índice,11046,43,N3,Unidade da Federação,Rio Grande do Sul,202208,104.09917,103.07981
7168,PMS - Número-índice com ajuste sazonal (2022=100),Número-índice,11046,43,N3,Unidade da Federação,Rio Grande do Sul,202209,103.56635,100.94009
7168,PMS - Número-índice com ajuste sazonal (2022=100),Número-índice,11046,43,N3,Unidade da Federação,Rio Grande do Sul,202210,102.19844,97.25920
7168,PMS - Número-índice com ajuste sazonal (2022=100),Número-índice,11046,43,N3,Unidade da Federação,Rio Grande do Sul,202211,108.32977,102.69618
7168,PMS - Número-índice com ajuste sazonal (2022=100),Número-índice,11046,43,N3,Unidade da Federação,Rio Grande do Sul,202212,105.89041,97.71036
7168,PMS - Número-índice com ajuste sazonal (2022=100),Número-índice,11046,43,N3,Unidade da Federação,Rio Grande do Sul,202301,116.32813,108.50219
7168,PMS - Número-índice com ajuste sazonal (2022=100),Número-índice,11046,43,N3,Unidade da Federação,Rio Grande do Sul,202302,111.66438,102.86927
7168,PMS - Número-índice com ajuste sazonal (2022=100),Número-índice,11046,43,N3,Unidade da Federação,Rio Grande do Sul,202303,106.89385,96.87520
7168,PMS - Número-índice com ajuste sazonal (2022=100),Número-índice,11046,43,N3,Unidade da Federação,Rio Grande do Sul,202304,112.68408,103.15050
7168,PMS - Número-índice com ajuste sazonal (2022=100),Número-índice,11046,43,N3,Unidade da Federação,Rio Grande do Sul,202305,112.79118,105.53322
7168,PMS - Número-índice com ajuste sazonal (2022=100),Número-índice,11046,43,N3,Unidade da Federação,Rio Grande do Sul,202306,115.39820,104.09178
7168,PMS - Número-índice com ajuste sazonal (2022=100),Número-índice,11046,43,N3,Unidade da Federação,Rio Grande do Sul,202307,118.56258,105.72318
7168,PMS - Número-índice com ajuste sazonal (2022=100),Número-índice,11046,43,N3,Unidade da Federação,Rio Grande do Sul,202308,115.35349,102.47558
7168,PMS - Número-índice com ajuste sazonal (2022=100),Número-índice,11046,43,N3,Unidade da Federação,Rio Grande do Sul,202309,115.37742,101.45799
7168,PMS - Número-índice com ajuste sazonal (2022=100),Número-índice,11046,43,N3,Unidade da Federação,Rio Grande do Sul,202310,118.81895,103.54716
7168,PMS - Número-índice com ajuste sazonal (2022=100),Número-índice,11046,43,N3,Unidade da Federação,Rio Grande do Sul,202311,119.25071,98.66426
7168,PMS - Número-índice com ajuste sazonal (2022=100),Número-índice,11046,43,N3,Unidade da Federação,Rio Grande do Sul,202312,135.06440,109.39778
7168,PMS - Número-índice com ajuste sazonal (2022=100),Número-índice,11046,43,N3,Unidade da Federação,Rio Grande do Sul,202401,122.66691,101.64823
7168,PMS - Número-índice com ajuste sazonal (2022=100),Número-índice,11046,43,N3,Unidade da Federação,Rio Grande do Sul,202402,120.20913,99.55205
7168,PMS - Número-índice com ajuste sazonal (2022=100),Número-índice,11046,43,N3,Unidade da Federação,Rio Grande do Sul,202403,122.59191,97.58199
7168,PMS - Número-índice com ajuste sazonal (2022=100),Número-índice,11046,43,N3,Unidade da Federação,Rio Grande do Sul,202404,107.25777,93.58776
7168,PMS - Número-índice com ajuste sazonal (2022=100),Número-índice,11046,43,N3,Unidade da Federação,Rio Grande do Sul,202405,74.06243,63.42448
7168,PMS - Número-índice com ajuste sazonal (2022=100),Número-índice,11046,43,N3,Unidade da Federação,Rio Grande do Sul,202406,79.68178,69.01532
7168,PMS - Número-índice com ajuste sazonal (2022=100),Número-índice,11046,43,N3,Unidade da Federação,Rio Grande do Sul,202407,90.76085,77.43706
7168,PMS - Número-índice com ajuste sazonal (2022=100),Número-índice,11046,43,N3,Unidade da Federação,Rio Grande do Sul,202408,101.26444,83.82928
7168,PMS - Número-índice com ajuste sazonal (2022=100),Número-índice,11046,43,N3,Unidade da Federação,Rio Grande do Sul,202409,103.55004,86.46076
7168,PMS - Número-índice com ajuste sazonal (2022=100),Número-índice,11046,51,N3,Unidade da Federação,Mato Grosso,201101,30.94262,70.36779
7168,PMS - Número-índice com ajuste sazonal (2022=100),Número-índice,11046,51,N3,Unidade da Federação,Mato Grosso,201102,32.83139,67.41629
7168,PMS - Número-índice com ajuste sazonal (2022=100),Número-índice,11046,51,N3,Unidade da Federação,Mato Grosso,201103,31.15399,65.32371
7168,PMS - Número-índice com ajuste sazonal (2022=100),Número-índice,11046,51,N3,Unidade da Federação,Mato Grosso,201104,31.95519,65.04891
7168,PMS - Número-índice com ajuste sazonal (2022=100),Número-índice,11046,51,N3,Unidade da Federação,Mato Grosso,201105,32.45418,64.02906
7168,PMS - Número-índice com ajuste sazonal (2022=100),Número-índice,11046,51,N3,Unidade da Federação,Mato Grosso,201106,32.60708,62.78898
7168,PMS - Número-índice com ajuste sazonal (2022=100),Número-índice,11046,51,N3,Unidade da Federação,Mato Grosso,201107,32.44685,67.03637
7168,PMS - Número-índice com ajuste sazonal (2022=100),Número-índice,11046,51,N3,Unidade da Federação,Mato Grosso,201108,31.61620,63.56854
7168,PMS - Número-índice com ajuste sazonal (2022=100),Número-índice,11046,51,N3,Unidade da Federação,Mato Grosso,201109,33.04094,62.56860
7168,PMS - Número-índice com ajuste sazonal (2022=100),Número-índice,11046,51,N3,Unidade da Federação,Mato Grosso,201110,33.31994,61.93946
7168,PMS - Número-índice com ajuste sazonal (2022=100),Número-índice,11046,51,N3,Unidade da Federação,Mato Grosso,201111,33.49228,62.62471
7168,PMS - Número-índice com ajuste sazonal (2022=100),Número-índice,11046,51,N3,Unidade da Federação,Mato Grosso,201112,32.70677,64.89498
7168,PMS - Número-índice com ajuste sazonal (2022=100),Número-índice,11046,51,N3,Unidade da Federação,Mato Grosso,201201,37.50346,66.54299
7168,PMS - Número-índice com ajuste sazonal (2022=100),Número-índice,11046,51,N3,Unidade da Federação,Mato Grosso,201202,36.59437,65.29475
7168,PMS - Número-índice com ajuste sazonal (2022=100),Número-índice,11046,51,N3,Unidade da Federação,Mato Grosso,201203,36.97645,62.89483
7168,PMS - Número-índice com ajuste sazonal (2022=100),Número-índice,11046,51,N3,Unidade da Federação,Mato Grosso,201204,36.86420,64.39061
7168,PMS - Número-índice com ajuste sazonal (2022=100),Número-índice,11046,51,N3,Unidade da Federação,Mato Grosso,201205,37.37236,63.45700
7168,PMS - Número-índice com ajuste sazonal (2022=100),Número-índice,11046,51,N3,Unidade da Federação,Mato Grosso,201206,37.88986,65.97832
7168,PMS - Número-índice com ajuste sazonal (2022=100),Número-índice,11046,51,N3,Unidade da Federação,Mato Grosso,201207,38.08456,65.27130
7168,PMS - Número-índice com ajuste sazonal (2022=100),Número-índice,11046,51,N3,Unidade da Federação,Mato Grosso,201208,38.24182,65.65318
7168,PMS - Número-índice com ajuste sazonal (2022=100),Número-índice,11046,51,N3,Unidade da Federação,Mato Grosso,201209,38.36472,68.13585
7168,PMS - Número-índice com ajuste sazonal (2022=100),Número-índice,11046,51,N3,Unidade da Federação,Mato Grosso,201210,38.36880,65.45735
7168,PMS - Número-índice com ajuste sazonal (2022=100),Número-índice,11046,51,N3,Unidade da Federação,Mato Grosso,201211,40.98085,67.32560
7168,PMS - Número-índice com ajuste sazonal (2022=100),Número-índice,11046,51,N3,Unidade da Federação,Mato Grosso,201212,41.55049,72.18783
7168,PMS - Número-índice com ajuste sazonal (2022=100),Número-índice,11046,51,N3,Unidade da Federação,Mato Grosso,201301,41.88507,67.42873
7168,PMS - Número-índice com ajuste sazonal (2022=100),Número-índice,11046,51,N3,Unidade da Federação,Mato Grosso,201302,42.11309,68.19617
7168,PMS - Número-índice com ajuste sazonal (2022=100),Número-índice,11046,51,N3,Unidade da Federação,Mato Grosso,201303,43.58888,71.31423
7168,PMS - Número-índice com ajuste sazonal (2022=100),Número-índice,11046,51,N3,Unidade da Federação,Mato Grosso,201304,43.66667,70.24717
7168,PMS - Número-índice com ajuste sazonal (2022=100),Número-índice,11046,51,N3,Unidade da Federação,Mato Grosso,201305,44.33087,68.75923
7168,PMS - Número-índice com ajuste sazonal (2022=100),Número-índice,11046,51,N3,Unidade da Federação,Mato Grosso,201306,44.45278,72.82796
7168,PMS - Número-índice com ajuste sazonal (2022=100),Número-índice,11046,51,N3,Unidade da Federação,Mato Grosso,201307,46.17493,86.70491
7168,PMS - Número-índice com ajuste sazonal (2022=100),Número-índice,11046,51,N3,Unidade da Federação,Mato Grosso,201308,46.81469,80.38678
7168,PMS - Número-índice com ajuste sazonal (2022=100),Número-índice,11046,51,N3,Unidade da Federação,Mato Grosso,201309,47.15689,74.40042
7168,PMS - Número-índice com ajuste sazonal (2022=100),Número-índice,11046,51,N3,Unidade da Federação,Mato Grosso,201310,48.12279,78.63815
7168,PMS - Número-índice com ajuste sazonal (2022=100),Número-índice,11046,51,N3,Unidade da Federação,Mato Grosso,201311,48.06353,74.98143
7168,PMS - Número-índice com ajuste sazonal (2022=100),Número-índice,11046,51,N3,Unidade da Federação,Mato Grosso,201312,48.28507,76.49632
7168,PMS - Número-índice com ajuste sazonal (2022=100),Número-índice,11046,51,N3,Unidade da Federação,Mato Grosso,201401,48.66844,80.59619
7168,PMS - Número-índice com ajuste sazonal (2022=100),Número-índice,11046,51,N3,Unidade da Federação,Mato Grosso,201402,49.36805,79.22681
7168,PMS - Número-índice com ajuste sazonal (2022=100),Número-índice,11046,51,N3,Unidade da Federação,Mato Grosso,201403,49.24397,80.41743
7168,PMS - Número-índice com ajuste sazonal (2022=100),Número-índice,11046,51,N3,Unidade da Federação,Mato Grosso,201404,53.10324,80.21866
7168,PMS - Número-índice com ajuste sazonal (2022=100),Número-índice,11046,51,N3,Unidade da Federação,Mato Grosso,201405,52.06842,82.39972
7168,PMS - Número-índice com ajuste sazonal (2022=100),Número-índice,11046,51,N3,Unidade da Federação,Mato Grosso,201406,53.51292,77.68792
7168,PMS - Número-índice com ajuste sazonal (2022=100),Número-índice,11046,51,N3,Unidade da Federação,Mato Grosso,201407,45.36088,78.70781
7168,PMS - Número-índice com ajuste sazonal (2022=100),Número-índice,11046,51,N3,Unidade da Federação,Mato Grosso,201408,48.49769,75.70399
7168,PMS - Número-índice com ajuste sazonal (2022=100),Número-índice,11046,51,N3,Unidade da Federação,Mato Grosso,201409,50.22974,74.47563
7168,PMS - Número-índice com ajuste sazonal (2022=100),Número-índice,11046,51,N3,Unidade da Federação,Mato Grosso,201410,49.85440,72.41263
7168,PMS - Número-índice com ajuste sazonal (2022=100),Número-índice,11046,51,N3,Unidade da Federação,Mato Grosso,201411,50.49378,75.18897
7168,PMS - Número-índice com ajuste sazonal (2022=100),Número-índice,11046,51,N3,Unidade da Federação,Mato Grosso,201412,47.33705,72.54317
7168,PMS - Número-índice com ajuste sazonal (2022=100),Número-índice,11046,51,N3,Unidade da Federação,Mato Grosso,201501,48.94266,69.89757
7168,PMS - Número-índice com ajuste sazonal (2022=100),Número-índice,11046,51,N3,Unidade da Federação,Mato Grosso,201502,48.33075,65.76106
7168,PMS - Número-índice com ajuste sazonal (2022=100),Número-índice,11046,51,N3,Unidade da Federação,Mato Grosso,201503,48.74014,77.88980
7168,PMS - Número-índice com ajuste sazonal (2022=100),Número-índice,11046,51,N3,Unidade da Federação,Mato Grosso,201504,49.65918,76.94484
7168,PMS - Número-índice com ajuste sazonal (2022=100),Número-índice,11046,51,N3,Unidade da Federação,Mato Grosso,201505,47.69844,78.20728
7168,PMS - Número-índice com ajuste sazonal (2022=100),Número-índice,11046,51,N3,Unidade da Federação,Mato Grosso,201506,47.32384,71.22967
7168,PMS - Número-índice com ajuste sazonal (2022=100),Número-índice,11046,51,N3,Unidade da Federação,Mato Grosso,201507,48.13882,76.93000
7168,PMS - Número-índice com ajuste sazonal (2022=100),Número-índice,11046,51,N3,Unidade da Federação,Mato Grosso,201508,47.83338,81.83806
7168,PMS - Número-índice com ajuste sazonal (2022=100),Número-índice,11046,51,N3,Unidade da Federação,Mato Grosso,201509,47.26958,78.03073
7168,PMS - Número-índice com ajuste sazonal (2022=100),Número-índice,11046,51,N3,Unidade da Federação,Mato Grosso,201510,47.65394,81.46343
7168,PMS - Número-índice com ajuste sazonal (2022=100),Número-índice,11046,51,N3,Unidade da Federação,Mato Grosso,201511,46.24252,77.93226
7168,PMS - Número-índice com ajuste sazonal (2022=100),Número-índice,11046,51,N3,Unidade da Federação,Mato Grosso,201512,47.29083,71.07409
7168,PMS - Número-índice com ajuste sazonal (2022=100),Número-índice,11046,51,N3,Unidade da Federação,Mato Grosso,201601,47.22262,75.44738
7168,PMS - Número-índice com ajuste sazonal (2022=100),Número-índice,11046,51,N3,Unidade da Federação,Mato Grosso,201602,48.97742,78.94518
7168,PMS - Número-índice com ajuste sazonal (2022=100),Número-índice,11046,51,N3,Unidade da Federação,Mato Grosso,201603,48.22666,77.60028
7168,PMS - Número-índice com ajuste sazonal (2022=100),Número-índice,11046,51,N3,Unidade da Federação,Mato Grosso,201604,48.04745,72.69195
7168,PMS - Número-índice com ajuste sazonal (2022=100),Número-índice,11046,51,N3,Unidade da Federação,Mato Grosso,201605,50.34862,80.17209
7168,PMS - Número-índice com ajuste sazonal (2022=100),Número-índice,11046,51,N3,Unidade da Federação,Mato Grosso,201606,50.49657,79.13219
7168,PMS - Número-índice com ajuste sazonal (2022=100),Número-índice,11046,51,N3,Unidade da Federação,Mato Grosso,201607,51.16656,78.68760
7168,PMS - Número-índice com ajuste sazonal (2022=100),Número-índice,11046,51,N3,Unidade da Federação,Mato Grosso,201608,50.00942,78.74004
7168,PMS - Número-índice com ajuste sazonal (2022=100),Número-índice,11046,51,N3,Unidade da Federação,Mato Grosso,201609,51.38775,80.52117
7168,PMS - Número-índice com ajuste sazonal (2022=100),Número-índice,11046,51,N3,Unidade da Federação,Mato Grosso,201610,52.03789,79.25599
7168,PMS - Número-índice com ajuste sazonal (2022=100),Número-índice,11046,51,N3,Unidade da Federação,Mato Grosso,201611,52.58831,79.72742
7168,PMS - Número-índice com ajuste sazonal (2022=100),Número-índice,11046,51,N3,Unidade da Federação,Mato Grosso,201612,50.73133,79.16063
7168,PMS - Número-índice com ajuste sazonal (2022=100),Número-índice,11046,51,N3,Unidade da Federação,Mato Grosso,201701,55.95565,73.66393
7168,PMS - Número-índice com ajuste sazonal (2022=100),Número-índice,11046,51,N3,Unidade da Federação,Mato Grosso,201702,56.57269,74.54936
7168,PMS - Número-índice com ajuste sazonal (2022=100),Número-índice,11046,51,N3,Unidade da Federação,Mato Grosso,201703,56.70991,70.53559
7168,PMS - Número-índice com ajuste sazonal (2022=100),Número-índice,11046,51,N3,Unidade da Federação,Mato Grosso,201704,57.40681,70.50767
7168,PMS - Número-índice com ajuste sazonal (2022=100),Número-índice,11046,51,N3,Unidade da Federação,Mato Grosso,201705,58.19738,70.70818
7168,PMS - Número-índice com ajuste sazonal (2022=100),Número-índice,11046,51,N3,Unidade da Federação,Mato Grosso,201706,59.66389,72.13816
7168,PMS - Número-índice com ajuste sazonal (2022=100),Número-índice,11046,51,N3,Unidade da Federação,Mato Grosso,201707,57.20644,72.12191
7168,PMS - Número-índice com ajuste sazonal (2022=100),Número-índice,11046,51,N3,Unidade da Federação,Mato Grosso,201708,56.41610,70.40773
7168,PMS - Número-índice com ajuste sazonal (2022=100),Número-índice,11046,51,N3,Unidade da Federação,Mato Grosso,201709,59.25177,70.46511
7168,PMS - Número-índice com ajuste sazonal (2022=100),Número-índice,11046,51,N3,Unidade da Federação,Mato Grosso,201710,60.08903,71.25766
7168,PMS - Número-índice com ajuste sazonal (2022=100),Número-índice,11046,51,N3,Unidade da Federação,Mato Grosso,201711,60.03822,72.42043
7168,PMS - Número-índice com ajuste sazonal (2022=100),Número-índice,11046,51,N3,Unidade da Federação,Mato Grosso,201712,59.04265,70.60985
7168,PMS - Número-índice com ajuste sazonal (2022=100),Número-índice,11046,51,N3,Unidade da Federação,Mato Grosso,201801,58.96673,72.63870
7168,PMS - Número-índice com ajuste sazonal (2022=100),Número-índice,11046,51,N3,Unidade da Federação,Mato Grosso,201802,58.78095,71.71657
7168,PMS - Número-índice com ajuste sazonal (2022=100),Número-índice,11046,51,N3,Unidade da Federação,Mato Grosso,201803,61.08213,73.77022
7168,PMS - Número-índice com ajuste sazonal (2022=100),Número-índice,11046,51,N3,Unidade da Federação,Mato Grosso,201804,62.11323,74.03847
7168,PMS - Número-índice com ajuste sazonal (2022=100),Número-índice,11046,51,N3,Unidade da Federação,Mato Grosso,201805,60.82081,73.45739
7168,PMS - Número-índice com ajuste sazonal (2022=100),Número-índice,11046,51,N3,Unidade da Federação,Mato Grosso,201806,62.12241,72.91141
7168,PMS - Número-índice com ajuste sazonal (2022=100),Número-índice,11046,51,N3,Unidade da Federação,Mato Grosso,201807,63.65505,73.57015
7168,PMS - Número-índice com ajuste sazonal (2022=100),Número-índice,11046,51,N3,Unidade da Federação,Mato Grosso,201808,64.41711,81.20789
7168,PMS - Número-índice com ajuste sazonal (2022=100),Número-índice,11046,51,N3,Unidade da Federação,Mato Grosso,201809,64.84104,75.95063
7168,PMS - Número-índice com ajuste sazonal (2022=100),Número-índice,11046,51,N3,Unidade da Federação,Mato Grosso,201810,65.78307,75.92242
7168,PMS - Número-índice com ajuste sazonal (2022=100),Número-índice,11046,51,N3,Unidade da Federação,Mato Grosso,201811,67.48145,77.41524
7168,PMS - Número-índice com ajuste sazonal (2022=100),Número-índice,11046,51,N3,Unidade da Federação,Mato Grosso,201812,70.03029,79.82920
7168,PMS - Número-índice com ajuste sazonal (2022=100),Número-índice,11046,51,N3,Unidade da Federação,Mato Grosso,201901,70.80138,80.65897
7168,PMS - Número-índice com ajuste sazonal (2022=100),Número-índice,11046,51,N3,Unidade da Federação,Mato Grosso,201902,71.68271,76.88082
7168,PMS - Número-índice com ajuste sazonal (2022=100),Número-índice,11046,51,N3,Unidade da Federação,Mato Grosso,201903,68.86844,78.11529
7168,PMS - Número-índice com ajuste sazonal (2022=100),Número-índice,11046,51,N3,Unidade da Federação,Mato Grosso,201904,71.62177,77.62559
7168,PMS - Número-índice com ajuste sazonal (2022=100),Número-índice,11046,51,N3,Unidade da Federação,Mato Grosso,201905,72.89820,80.16162
7168,PMS - Número-índice com ajuste sazonal (2022=100),Número-índice,11046,51,N3,Unidade da Federação,Mato Grosso,201906,71.49082,75.54614
7168,PMS - Número-índice com ajuste sazonal (2022=100),Número-índice,11046,51,N3,Unidade da Federação,Mato Grosso,201907,73.01035,80.89428
7168,PMS - Número-índice com ajuste sazonal (2022=100),Número-índice,11046,51,N3,Unidade da Federação,Mato Grosso,201908,70.97479,83.79839
7168,PMS - Número-índice com ajuste sazonal (2022=100),Número-índice,11046,51,N3,Unidade da Federação,Mato Grosso,201909,71.82140,86.47557
7168,PMS - Número-índice com ajuste sazonal (2022=100),Número-índice,11046,51,N3,Unidade da Federação,Mato Grosso,201910,71.61827,83.52947
7168,PMS - Número-índice com ajuste sazonal (2022=100),Número-índice,11046,51,N3,Unidade da Federação,Mato Grosso,201911,73.50030,84.28384
7168,PMS - Número-índice com ajuste sazonal (2022=100),Número-índice,11046,51,N3,Unidade da Federação,Mato Grosso,201912,73.48798,85.26292
7168,PMS - Número-índice com ajuste sazonal (2022=100),Número-índice,11046,51,N3,Unidade da Federação,Mato Grosso,202001,75.22436,87.26914
7168,PMS - Número-índice com ajuste sazonal (2022=100),Número-índice,11046,51,N3,Unidade da Federação,Mato Grosso,202002,77.11625,91.63849
7168,PMS - Número-índice com ajuste sazonal (2022=100),Número-índice,11046,51,N3,Unidade da Federação,Mato Grosso,202003,54.26086,59.41341
7168,PMS - Número-índice com ajuste sazonal (2022=100),Número-índice,11046,51,N3,Unidade da Federação,Mato Grosso,202004,29.91116,34.84225
7168,PMS - Número-índice com ajuste sazonal (2022=100),Número-índice,11046,51,N3,Unidade da Federação,Mato Grosso,202005,33.21659,37.54997
7168,PMS - Número-índice com ajuste sazonal (2022=100),Número-índice,11046,51,N3,Unidade da Federação,Mato Grosso,202006,35.77187,42.76852
7168,PMS - Número-índice com ajuste sazonal (2022=100),Número-índice,11046,51,N3,Unidade da Federação,Mato Grosso,202007,29.01369,44.51393
7168,PMS - Número-índice com ajuste sazonal (2022=100),Número-índice,11046,51,N3,Unidade da Federação,Mato Grosso,202008,41.54604,63.46236
7168,PMS - Número-índice com ajuste sazonal (2022=100),Número-índice,11046,51,N3,Unidade da Federação,Mato Grosso,202009,44.29945,64.78186
7168,PMS - Número-índice com ajuste sazonal (2022=100),Número-índice,11046,51,N3,Unidade da Federação,Mato Grosso,202010,57.07410,73.88538
7168,PMS - Número-índice com ajuste sazonal (2022=100),Número-índice,11046,51,N3,Unidade da Federação,Mato Grosso,202011,61.20970,75.19664
7168,PMS - Número-índice com ajuste sazonal (2022=100),Número-índice,11046,51,N3,Unidade da Federação,Mato Grosso,202012,56.16423,70.35726
7168,PMS - Número-índice com ajuste sazonal (2022=100),Número-índice,11046,51,N3,Unidade da Federação,Mato Grosso,202101,59.98622,76.44962
7168,PMS - Número-índice com ajuste sazonal (2022=100),Número-índice,11046,51,N3,Unidade da Federação,Mato Grosso,202102,61.54776,76.00420
7168,PMS - Número-índice com ajuste sazonal (2022=100),Número-índice,11046,51,N3,Unidade da Federação,Mato Grosso,202103,51.37118,56.30702
7168,PMS - Número-índice com ajuste sazonal (2022=100),Número-índice,11046,51,N3,Unidade da Federação,Mato Grosso,202104,48.30933,56.00339
7168,PMS - Número-índice com ajuste sazonal (2022=100),Número-índice,11046,51,N3,Unidade da Federação,Mato Grosso,202105,59.65024,72.46320
7168,PMS - Número-índice com ajuste sazonal (2022=100),Número-índice,11046,51,N3,Unidade da Federação,Mato Grosso,202106,64.17846,81.49305
7168,PMS - Número-índice com ajuste sazonal (2022=100),Número-índice,11046,51,N3,Unidade da Federação,Mato Grosso,202107,65.96795,80.91959
7168,PMS - Número-índice com ajuste sazonal (2022=100),Número-índice,11046,51,N3,Unidade da Federação,Mato Grosso,202108,68.94272,88.79880
7168,PMS - Número-índice com ajuste sazonal (2022=100),Número-índice,11046,51,N3,Unidade da Federação,Mato Grosso,202109,77.79411,91.31952
7168,PMS - Número-índice com ajuste sazonal (2022=100),Número-índice,11046,51,N3,Unidade da Federação,Mato Grosso,202110,83.37553,92.05515
7168,PMS - Número-índice com ajuste sazonal (2022=100),Número-índice,11046,51,N3,Unidade da Federação,Mato Grosso,202111,84.53225,94.51492
7168,PMS - Número-índice com ajuste sazonal (2022=100),Número-índice,11046,51,N3,Unidade da Federação,Mato Grosso,202112,92.18146,98.93559
7168,PMS - Número-índice com ajuste sazonal (2022=100),Número-índice,11046,51,N3,Unidade da Federação,Mato Grosso,202201,91.36490,100.82359
7168,PMS - Número-índice com ajuste sazonal (2022=100),Número-índice,11046,51,N3,Unidade da Federação,Mato Grosso,202202,88.12808,95.59749
7168,PMS - Número-índice com ajuste sazonal (2022=100),Número-índice,11046,51,N3,Unidade da Federação,Mato Grosso,202203,94.54619,99.95357
7168,PMS - Número-índice com ajuste sazonal (2022=100),Número-índice,11046,51,N3,Unidade da Federação,Mato Grosso,202204,97.80735,107.73540
7168,PMS - Número-índice com ajuste sazonal (2022=100),Número-índice,11046,51,N3,Unidade da Federação,Mato Grosso,202205,97.72329,97.31497
7168,PMS - Número-índice com ajuste sazonal (2022=100),Número-índice,11046,51,N3,Unidade da Federação,Mato Grosso,202206,99.18583,94.00626
7168,PMS - Número-índice com ajuste sazonal (2022=100),Número-índice,11046,51,N3,Unidade da Federação,Mato Grosso,202207,109.47351,102.82853
7168,PMS - Número-índice com ajuste sazonal (2022=100),Número-índice,11046,51,N3,Unidade da Federação,Mato Grosso,202208,100.18390,99.29467
7168,PMS - Número-índice com ajuste sazonal (2022=100),Número-índice,11046,51,N3,Unidade da Federação,Mato Grosso,202209,103.19192,103.88166
7168,PMS - Número-índice com ajuste sazonal (2022=100),Número-índice,11046,51,N3,Unidade da Federação,Mato Grosso,202210,104.20594,93.22743
7168,PMS - Número-índice com ajuste sazonal (2022=100),Número-índice,11046,51,N3,Unidade da Federação,Mato Grosso,202211,103.60709,98.93208
7168,PMS - Número-índice com ajuste sazonal (2022=100),Número-índice,11046,51,N3,Unidade da Federação,Mato Grosso,202212,109.06306,106.35171
7168,PMS - Número-índice com ajuste sazonal (2022=100),Número-índice,11046,51,N3,Unidade da Federação,Mato Grosso,202301,105.67610,100.05623
7168,PMS - Número-índice com ajuste sazonal (2022=100),Número-índice,11046,51,N3,Unidade da Federação,Mato Grosso,202302,106.94095,106.30267
7168,PMS - Número-índice com ajuste sazonal (2022=100),Número-índice,11046,51,N3,Unidade da Federação,Mato Grosso,202303,107.12950,103.60528
7168,PMS - Número-índice com ajuste sazonal (2022=100),Número-índice,11046,51,N3,Unidade da Federação,Mato Grosso,202304,104.85963,101.26958
7168,PMS - Número-índice com ajuste sazonal (2022=100),Número-índice,11046,51,N3,Unidade da Federação,Mato Grosso,202305,110.09164,113.01297
7168,PMS - Número-índice com ajuste sazonal (2022=100),Número-índice,11046,51,N3,Unidade da Federação,Mato Grosso,202306,112.53772,104.85225
7168,PMS - Número-índice com ajuste sazonal (2022=100),Número-índice,11046,51,N3,Unidade da Federação,Mato Grosso,202307,108.76317,97.28674
7168,PMS - Número-índice com ajuste sazonal (2022=100),Número-índice,11046,51,N3,Unidade da Federação,Mato Grosso,202308,111.07450,111.98583
7168,PMS - Número-índice com ajuste sazonal (2022=100),Número-índice,11046,51,N3,Unidade da Federação,Mato Grosso,202309,111.24038,105.60167
7168,PMS - Número-índice com ajuste sazonal (2022=100),Número-índice,11046,51,N3,Unidade da Federação,Mato Grosso,202310,108.39999,91.13155
7168,PMS - Número-índice com ajuste sazonal (2022=100),Número-índice,11046,51,N3,Unidade da Federação,Mato Grosso,202311,109.49648,88.19364
7168,PMS - Número-índice com ajuste sazonal (2022=100),Número-índice,11046,51,N3,Unidade da Federação,Mato Grosso,202312,108.69673,85.49737
7168,PMS - Número-índice com ajuste sazonal (2022=100),Número-índice,11046,51,N3,Unidade da Federação,Mato Grosso,202401,107.53473,87.39676
7168,PMS - Número-índice com ajuste sazonal (2022=100),Número-índice,11046,51,N3,Unidade da Federação,Mato Grosso,202402,103.62115,89.12148
7168,PMS - Número-índice com ajuste sazonal (2022=100),Número-índice,11046,51,N3,Unidade da Federação,Mato Grosso,202403,109.11751,87.90791
7168,PMS - Número-índice com ajuste sazonal (2022=100),Número-índice,11046,51,N3,Unidade da Federação,Mato Grosso,202404,109.16630,91.47358
7168,PMS - Número-índice com ajuste sazonal (2022=100),Número-índice,11046,51,N3,Unidade da Federação,Mato Grosso,202405,109.16327,89.21529
7168,PMS - Número-índice com ajuste sazonal (2022=100),Número-índice,11046,51,N3,Unidade da Federação,Mato Grosso,202406,108.91925,88.75415
7168,PMS - Número-índice com ajuste sazonal (2022=100),Número-índice,11046,51,N3,Unidade da Federação,Mato Grosso,202407,115.00652,90.11456
7168,PMS - Número-índice com ajuste sazonal (2022=100),Número-índice,11046,51,N3,Unidade da Federação,Mato Grosso,202408,99.86647,86.93968
7168,PMS - Número-índice com ajuste sazonal (2022=100),Número-índice,11046,51,N3,Unidade da Federação,Mato Grosso,202409,98.11859,84.51065
7168,PMS - Número-índice com ajuste sazonal (2022=100),Número-índice,11046,52,N3,Unidade da Federação,Goiás,201101,46.90898,88.32014
7168,PMS - Número-índice com ajuste sazonal (2022=100),Número-índice,11046,52,N3,Unidade da Federação,Goiás,201102,48.50319,90.36998
7168,PMS - Número-índice com ajuste sazonal (2022=100),Número-índice,11046,52,N3,Unidade da Federação,Goiás,201103,50.15100,89.50182
7168,PMS - Número-índice com ajuste sazonal (2022=100),Número-índice,11046,52,N3,Unidade da Federação,Goiás,201104,50.27195,90.19005
7168,PMS - Número-índice com ajuste sazonal (2022=100),Número-índice,11046,52,N3,Unidade da Federação,Goiás,201105,49.27200,85.36113
7168,PMS - Número-índice com ajuste sazonal (2022=100),Número-índice,11046,52,N3,Unidade da Federação,Goiás,201106,49.14995,85.04022
7168,PMS - Número-índice com ajuste sazonal (2022=100),Número-índice,11046,52,N3,Unidade da Federação,Goiás,201107,47.77844,85.99018
7168,PMS - Número-índice com ajuste sazonal (2022=100),Número-índice,11046,52,N3,Unidade da Federação,Goiás,201108,48.18508,85.37999
7168,PMS - Número-índice com ajuste sazonal (2022=100),Número-índice,11046,52,N3,Unidade da Federação,Goiás,201109,50.53095,87.28323
7168,PMS - Número-índice com ajuste sazonal (2022=100),Número-índice,11046,52,N3,Unidade da Federação,Goiás,201110,50.03177,83.69840
7168,PMS - Número-índice com ajuste sazonal (2022=100),Número-índice,11046,52,N3,Unidade da Federação,Goiás,201111,48.05590,80.04088
7168,PMS - Número-índice com ajuste sazonal (2022=100),Número-índice,11046,52,N3,Unidade da Federação,Goiás,201112,50.09322,85.22030
7168,PMS - Número-índice com ajuste sazonal (2022=100),Número-índice,11046,52,N3,Unidade da Federação,Goiás,201201,51.86607,83.77343
7168,PMS - Número-índice com ajuste sazonal (2022=100),Número-índice,11046,52,N3,Unidade da Federação,Goiás,201202,52.95907,82.92573
7168,PMS - Número-índice com ajuste sazonal (2022=100),Número-índice,11046,52,N3,Unidade da Federação,Goiás,201203,50.42712,81.17248
7168,PMS - Número-índice com ajuste sazonal (2022=100),Número-índice,11046,52,N3,Unidade da Federação,Goiás,201204,53.44959,85.62130
7168,PMS - Número-índice com ajuste sazonal (2022=100),Número-índice,11046,52,N3,Unidade da Federação,Goiás,201205,53.45589,84.73410
7168,PMS - Número-índice com ajuste sazonal (2022=100),Número-índice,11046,52,N3,Unidade da Federação,Goiás,201206,55.03542,86.63934
7168,PMS - Número-índice com ajuste sazonal (2022=100),Número-índice,11046,52,N3,Unidade da Federação,Goiás,201207,54.59272,85.43638
7168,PMS - Número-índice com ajuste sazonal (2022=100),Número-índice,11046,52,N3,Unidade da Federação,Goiás,201208,54.42195,85.50342
7168,PMS - Número-índice com ajuste sazonal (2022=100),Número-índice,11046,52,N3,Unidade da Federação,Goiás,201209,55.80441,88.20542
7168,PMS - Número-índice com ajuste sazonal (2022=100),Número-índice,11046,52,N3,Unidade da Federação,Goiás,201210,55.00486,86.05600
7168,PMS - Número-índice com ajuste sazonal (2022=100),Número-índice,11046,52,N3,Unidade da Federação,Goiás,201211,58.58998,88.55575
7168,PMS - Número-índice com ajuste sazonal (2022=100),Número-índice,11046,52,N3,Unidade da Federação,Goiás,201212,57.77534,87.61486
7168,PMS - Número-índice com ajuste sazonal (2022=100),Número-índice,11046,52,N3,Unidade da Federação,Goiás,201301,55.84084,84.11484
7168,PMS - Número-índice com ajuste sazonal (2022=100),Número-índice,11046,52,N3,Unidade da Federação,Goiás,201302,57.51387,84.97608
7168,PMS - Número-índice com ajuste sazonal (2022=100),Número-índice,11046,52,N3,Unidade da Federação,Goiás,201303,56.88593,84.02388
7168,PMS - Número-índice com ajuste sazonal (2022=100),Número-índice,11046,52,N3,Unidade da Federação,Goiás,201304,53.55908,81.68273
7168,PMS - Número-índice com ajuste sazonal (2022=100),Número-índice,11046,52,N3,Unidade da Federação,Goiás,201305,56.92432,82.69716
7168,PMS - Número-índice com ajuste sazonal (2022=100),Número-índice,11046,52,N3,Unidade da Federação,Goiás,201306,56.47694,81.90221
7168,PMS - Número-índice com ajuste sazonal (2022=100),Número-índice,11046,52,N3,Unidade da Federação,Goiás,201307,63.19339,97.64996
7168,PMS - Número-índice com ajuste sazonal (2022=100),Número-índice,11046,52,N3,Unidade da Federação,Goiás,201308,61.36166,91.33798
7168,PMS - Número-índice com ajuste sazonal (2022=100),Número-índice,11046,52,N3,Unidade da Federação,Goiás,201309,60.66874,86.73566
7168,PMS - Número-índice com ajuste sazonal (2022=100),Número-índice,11046,52,N3,Unidade da Federação,Goiás,201310,61.95919,89.77650
7168,PMS - Número-índice com ajuste sazonal (2022=100),Número-índice,11046,52,N3,Unidade da Federação,Goiás,201311,63.42367,88.46068
7168,PMS - Número-índice com ajuste sazonal (2022=100),Número-índice,11046,52,N3,Unidade da Federação,Goiás,201312,60.00909,84.26042
7168,PMS - Número-índice com ajuste sazonal (2022=100),Número-índice,11046,52,N3,Unidade da Federação,Goiás,201401,61.25084,88.08998
7168,PMS - Número-índice com ajuste sazonal (2022=100),Número-índice,11046,52,N3,Unidade da Federação,Goiás,201402,59.50862,86.85800
7168,PMS - Número-índice com ajuste sazonal (2022=100),Número-índice,11046,52,N3,Unidade da Federação,Goiás,201403,61.79890,84.40090
7168,PMS - Número-índice com ajuste sazonal (2022=100),Número-índice,11046,52,N3,Unidade da Federação,Goiás,201404,61.11481,83.73113
7168,PMS - Número-índice com ajuste sazonal (2022=100),Número-índice,11046,52,N3,Unidade da Federação,Goiás,201405,62.81094,87.24286
7168,PMS - Número-índice com ajuste sazonal (2022=100),Número-índice,11046,52,N3,Unidade da Federação,Goiás,201406,65.04177,85.65587
7168,PMS - Número-índice com ajuste sazonal (2022=100),Número-índice,11046,52,N3,Unidade da Federação,Goiás,201407,53.48439,75.37662
7168,PMS - Número-índice com ajuste sazonal (2022=100),Número-índice,11046,52,N3,Unidade da Federação,Goiás,201408,62.46520,84.14254
7168,PMS - Número-índice com ajuste sazonal (2022=100),Número-índice,11046,52,N3,Unidade da Federação,Goiás,201409,59.82639,80.20989
7168,PMS - Número-índice com ajuste sazonal (2022=100),Número-índice,11046,52,N3,Unidade da Federação,Goiás,201410,61.14034,81.01579
7168,PMS - Número-índice com ajuste sazonal (2022=100),Número-índice,11046,52,N3,Unidade da Federação,Goiás,201411,59.84672,78.48012
7168,PMS - Número-índice com ajuste sazonal (2022=100),Número-índice,11046,52,N3,Unidade da Federação,Goiás,201412,59.71452,80.14979
7168,PMS - Número-índice com ajuste sazonal (2022=100),Número-índice,11046,52,N3,Unidade da Federação,Goiás,201501,61.85802,78.38298
7168,PMS - Número-índice com ajuste sazonal (2022=100),Número-índice,11046,52,N3,Unidade da Federação,Goiás,201502,60.84392,75.65864
7168,PMS - Número-índice com ajuste sazonal (2022=100),Número-índice,11046,52,N3,Unidade da Federação,Goiás,201503,60.86117,83.12378
7168,PMS - Número-índice com ajuste sazonal (2022=100),Número-índice,11046,52,N3,Unidade da Federação,Goiás,201504,62.97122,84.51191
7168,PMS - Número-índice com ajuste sazonal (2022=100),Número-índice,11046,52,N3,Unidade da Federação,Goiás,201505,63.86431,85.88494
7168,PMS - Número-índice com ajuste sazonal (2022=100),Número-índice,11046,52,N3,Unidade da Federação,Goiás,201506,62.11235,79.28589
7168,PMS - Número-índice com ajuste sazonal (2022=100),Número-índice,11046,52,N3,Unidade da Federação,Goiás,201507,58.81557,76.15739
7168,PMS - Número-índice com ajuste sazonal (2022=100),Número-índice,11046,52,N3,Unidade da Federação,Goiás,201508,60.88262,81.94085
7168,PMS - Número-índice com ajuste sazonal (2022=100),Número-índice,11046,52,N3,Unidade da Federação,Goiás,201509,60.95780,82.28411
7168,PMS - Número-índice com ajuste sazonal (2022=100),Número-índice,11046,52,N3,Unidade da Federação,Goiás,201510,61.25967,83.22663
7168,PMS - Número-índice com ajuste sazonal (2022=100),Número-índice,11046,52,N3,Unidade da Federação,Goiás,201511,60.61341,82.40692
7168,PMS - Número-índice com ajuste sazonal (2022=100),Número-índice,11046,52,N3,Unidade da Federação,Goiás,201512,58.11598,73.92704
7168,PMS - Número-índice com ajuste sazonal (2022=100),Número-índice,11046,52,N3,Unidade da Federação,Goiás,201601,60.74156,77.20959
7168,PMS - Número-índice com ajuste sazonal (2022=100),Número-índice,11046,52,N3,Unidade da Federação,Goiás,201602,62.29512,78.81263
7168,PMS - Número-índice com ajuste sazonal (2022=100),Número-índice,11046,52,N3,Unidade da Federação,Goiás,201603,62.44261,80.28554
7168,PMS - Número-índice com ajuste sazonal (2022=100),Número-índice,11046,52,N3,Unidade da Federação,Goiás,201604,62.41262,80.19531
7168,PMS - Número-índice com ajuste sazonal (2022=100),Número-índice,11046,52,N3,Unidade da Federação,Goiás,201605,62.95585,80.11076
7168,PMS - Número-índice com ajuste sazonal (2022=100),Número-índice,11046,52,N3,Unidade da Federação,Goiás,201606,61.94429,81.32175
7168,PMS - Número-índice com ajuste sazonal (2022=100),Número-índice,11046,52,N3,Unidade da Federação,Goiás,201607,62.60728,79.02939
7168,PMS - Número-índice com ajuste sazonal (2022=100),Número-índice,11046,52,N3,Unidade da Federação,Goiás,201608,62.78648,81.09781
7168,PMS - Número-índice com ajuste sazonal (2022=100),Número-índice,11046,52,N3,Unidade da Federação,Goiás,201609,64.65582,83.49302
7168,PMS - Número-índice com ajuste sazonal (2022=100),Número-índice,11046,52,N3,Unidade da Federação,Goiás,201610,63.77577,81.52950
7168,PMS - Número-índice com ajuste sazonal (2022=100),Número-índice,11046,52,N3,Unidade da Federação,Goiás,201611,63.06126,82.37553
7168,PMS - Número-índice com ajuste sazonal (2022=100),Número-índice,11046,52,N3,Unidade da Federação,Goiás,201612,64.20984,84.48065
7168,PMS - Número-índice com ajuste sazonal (2022=100),Número-índice,11046,52,N3,Unidade da Federação,Goiás,201701,69.76093,88.26654
7168,PMS - Número-índice com ajuste sazonal (2022=100),Número-índice,11046,52,N3,Unidade da Federação,Goiás,201702,73.01213,91.64584
7168,PMS - Número-índice com ajuste sazonal (2022=100),Número-índice,11046,52,N3,Unidade da Federação,Goiás,201703,70.99446,88.42347
7168,PMS - Número-índice com ajuste sazonal (2022=100),Número-índice,11046,52,N3,Unidade da Federação,Goiás,201704,73.81517,89.73026
7168,PMS - Número-índice com ajuste sazonal (2022=100),Número-índice,11046,52,N3,Unidade da Federação,Goiás,201705,71.78930,87.93625
7168,PMS - Número-índice com ajuste sazonal (2022=100),Número-índice,11046,52,N3,Unidade da Federação,Goiás,201706,76.56209,92.66817
7168,PMS - Número-índice com ajuste sazonal (2022=100),Número-índice,11046,52,N3,Unidade da Federação,Goiás,201707,75.01350,92.51713
7168,PMS - Número-índice com ajuste sazonal (2022=100),Número-índice,11046,52,N3,Unidade da Federação,Goiás,201708,73.02117,89.58432
7168,PMS - Número-índice com ajuste sazonal (2022=100),Número-índice,11046,52,N3,Unidade da Federação,Goiás,201709,71.97252,85.98297
7168,PMS - Número-índice com ajuste sazonal (2022=100),Número-índice,11046,52,N3,Unidade da Federação,Goiás,201710,73.65512,88.57385
7168,PMS - Número-índice com ajuste sazonal (2022=100),Número-índice,11046,52,N3,Unidade da Federação,Goiás,201711,73.49609,89.99969
7168,PMS - Número-índice com ajuste sazonal (2022=100),Número-índice,11046,52,N3,Unidade da Federação,Goiás,201712,76.52133,93.59639
7168,PMS - Número-índice com ajuste sazonal (2022=100),Número-índice,11046,52,N3,Unidade da Federação,Goiás,201801,74.95309,93.16301
7168,PMS - Número-índice com ajuste sazonal (2022=100),Número-índice,11046,52,N3,Unidade da Federação,Goiás,201802,74.75629,91.01795
7168,PMS - Número-índice com ajuste sazonal (2022=100),Número-índice,11046,52,N3,Unidade da Federação,Goiás,201803,76.58985,91.38692
7168,PMS - Número-índice com ajuste sazonal (2022=100),Número-índice,11046,52,N3,Unidade da Federação,Goiás,201804,72.89932,88.96615
7168,PMS - Número-índice com ajuste sazonal (2022=100),Número-índice,11046,52,N3,Unidade da Federação,Goiás,201805,74.04575,89.64828
7168,PMS - Número-índice com ajuste sazonal (2022=100),Número-índice,11046,52,N3,Unidade da Federação,Goiás,201806,75.11219,88.51288
7168,PMS - Número-índice com ajuste sazonal (2022=100),Número-índice,11046,52,N3,Unidade da Federação,Goiás,201807,77.45149,93.00716
7168,PMS - Número-índice com ajuste sazonal (2022=100),Número-índice,11046,52,N3,Unidade da Federação,Goiás,201808,79.33547,95.94631
7168,PMS - Número-índice com ajuste sazonal (2022=100),Número-índice,11046,52,N3,Unidade da Federação,Goiás,201809,82.84305,96.97019
7168,PMS - Número-índice com ajuste sazonal (2022=100),Número-índice,11046,52,N3,Unidade da Federação,Goiás,201810,77.02489,91.74387
7168,PMS - Número-índice com ajuste sazonal (2022=100),Número-índice,11046,52,N3,Unidade da Federação,Goiás,201811,78.05724,93.03805
7168,PMS - Número-índice com ajuste sazonal (2022=100),Número-índice,11046,52,N3,Unidade da Federação,Goiás,201812,78.53108,92.92176
7168,PMS - Número-índice com ajuste sazonal (2022=100),Número-índice,11046,52,N3,Unidade da Federação,Goiás,201901,80.57881,98.39746
7168,PMS - Número-índice com ajuste sazonal (2022=100),Número-índice,11046,52,N3,Unidade da Federação,Goiás,201902,77.17760,89.86309
7168,PMS - Número-índice com ajuste sazonal (2022=100),Número-índice,11046,52,N3,Unidade da Federação,Goiás,201903,79.63952,90.67389
7168,PMS - Número-índice com ajuste sazonal (2022=100),Número-índice,11046,52,N3,Unidade da Federação,Goiás,201904,78.89878,91.81634
7168,PMS - Número-índice com ajuste sazonal (2022=100),Número-índice,11046,52,N3,Unidade da Federação,Goiás,201905,83.05422,93.68777
7168,PMS - Número-índice com ajuste sazonal (2022=100),Número-índice,11046,52,N3,Unidade da Federação,Goiás,201906,83.91167,92.40276
7168,PMS - Número-índice com ajuste sazonal (2022=100),Número-índice,11046,52,N3,Unidade da Federação,Goiás,201907,79.89081,94.33728
7168,PMS - Número-índice com ajuste sazonal (2022=100),Número-índice,11046,52,N3,Unidade da Federação,Goiás,201908,81.17318,93.85553
7168,PMS - Número-índice com ajuste sazonal (2022=100),Número-índice,11046,52,N3,Unidade da Federação,Goiás,201909,77.24812,91.56800
7168,PMS - Número-índice com ajuste sazonal (2022=100),Número-índice,11046,52,N3,Unidade da Federação,Goiás,201910,80.82823,97.01466
7168,PMS - Número-índice com ajuste sazonal (2022=100),Número-índice,11046,52,N3,Unidade da Federação,Goiás,201911,80.68785,94.34756
7168,PMS - Número-índice com ajuste sazonal (2022=100),Número-índice,11046,52,N3,Unidade da Federação,Goiás,201912,78.51724,94.19280
7168,PMS - Número-índice com ajuste sazonal (2022=100),Número-índice,11046,52,N3,Unidade da Federação,Goiás,202001,82.75598,102.63531
7168,PMS - Número-índice com ajuste sazonal (2022=100),Número-índice,11046,52,N3,Unidade da Federação,Goiás,202002,83.60233,97.63356
7168,PMS - Número-índice com ajuste sazonal (2022=100),Número-índice,11046,52,N3,Unidade da Federação,Goiás,202003,56.22532,64.01275
7168,PMS - Número-índice com ajuste sazonal (2022=100),Número-índice,11046,52,N3,Unidade da Federação,Goiás,202004,29.58790,34.93196
7168,PMS - Número-índice com ajuste sazonal (2022=100),Número-índice,11046,52,N3,Unidade da Federação,Goiás,202005,34.36488,33.87437
7168,PMS - Número-índice com ajuste sazonal (2022=100),Número-índice,11046,52,N3,Unidade da Federação,Goiás,202006,34.08758,36.62249
7168,PMS - Número-índice com ajuste sazonal (2022=100),Número-índice,11046,52,N3,Unidade da Federação,Goiás,202007,17.67460,24.69180
7168,PMS - Número-índice com ajuste sazonal (2022=100),Número-índice,11046,52,N3,Unidade da Federação,Goiás,202008,45.17690,54.65508
7168,PMS - Número-índice com ajuste sazonal (2022=100),Número-índice,11046,52,N3,Unidade da Federação,Goiás,202009,53.78796,68.20007
7168,PMS - Número-índice com ajuste sazonal (2022=100),Número-índice,11046,52,N3,Unidade da Federação,Goiás,202010,63.73122,77.36969
7168,PMS - Número-índice com ajuste sazonal (2022=100),Número-índice,11046,52,N3,Unidade da Federação,Goiás,202011,70.48897,84.82109
7168,PMS - Número-índice com ajuste sazonal (2022=100),Número-índice,11046,52,N3,Unidade da Federação,Goiás,202012,68.84914,86.20146
7168,PMS - Número-índice com ajuste sazonal (2022=100),Número-índice,11046,52,N3,Unidade da Federação,Goiás,202101,64.33517,80.77200
7168,PMS - Número-índice com ajuste sazonal (2022=100),Número-índice,11046,52,N3,Unidade da Federação,Goiás,202102,73.78631,87.75145
7168,PMS - Número-índice com ajuste sazonal (2022=100),Número-índice,11046,52,N3,Unidade da Federação,Goiás,202103,54.86702,63.31797
7168,PMS - Número-índice com ajuste sazonal (2022=100),Número-índice,11046,52,N3,Unidade da Federação,Goiás,202104,59.70534,68.86127
7168,PMS - Número-índice com ajuste sazonal (2022=100),Número-índice,11046,52,N3,Unidade da Federação,Goiás,202105,73.74549,80.40934
7168,PMS - Número-índice com ajuste sazonal (2022=100),Número-índice,11046,52,N3,Unidade da Federação,Goiás,202106,74.82693,85.55927
7168,PMS - Número-índice com ajuste sazonal (2022=100),Número-índice,11046,52,N3,Unidade da Federação,Goiás,202107,65.63141,78.20575
7168,PMS - Número-índice com ajuste sazonal (2022=100),Número-índice,11046,52,N3,Unidade da Federação,Goiás,202108,81.71090,93.27055
7168,PMS - Número-índice com ajuste sazonal (2022=100),Número-índice,11046,52,N3,Unidade da Federação,Goiás,202109,84.78526,95.88829
7168,PMS - Número-índice com ajuste sazonal (2022=100),Número-índice,11046,52,N3,Unidade da Federação,Goiás,202110,86.43041,96.10337
7168,PMS - Número-índice com ajuste sazonal (2022=100),Número-índice,11046,52,N3,Unidade da Federação,Goiás,202111,91.21863,100.36279
7168,PMS - Número-índice com ajuste sazonal (2022=100),Número-índice,11046,52,N3,Unidade da Federação,Goiás,202112,89.70541,99.40768
7168,PMS - Número-índice com ajuste sazonal (2022=100),Número-índice,11046,52,N3,Unidade da Federação,Goiás,202201,85.07014,95.38535
7168,PMS - Número-índice com ajuste sazonal (2022=100),Número-índice,11046,52,N3,Unidade da Federação,Goiás,202202,85.12075,91.57364
7168,PMS - Número-índice com ajuste sazonal (2022=100),Número-índice,11046,52,N3,Unidade da Federação,Goiás,202203,98.45344,102.53992
7168,PMS - Número-índice com ajuste sazonal (2022=100),Número-índice,11046,52,N3,Unidade da Federação,Goiás,202204,101.36883,109.83789
7168,PMS - Número-índice com ajuste sazonal (2022=100),Número-índice,11046,52,N3,Unidade da Federação,Goiás,202205,101.98726,97.54053
7168,PMS - Número-índice com ajuste sazonal (2022=100),Número-índice,11046,52,N3,Unidade da Federação,Goiás,202206,104.46551,100.05988
7168,PMS - Número-índice com ajuste sazonal (2022=100),Número-índice,11046,52,N3,Unidade da Federação,Goiás,202207,102.38595,101.36470
7168,PMS - Número-índice com ajuste sazonal (2022=100),Número-índice,11046,52,N3,Unidade da Federação,Goiás,202208,102.61677,98.55181
7168,PMS - Número-índice com ajuste sazonal (2022=100),Número-índice,11046,52,N3,Unidade da Federação,Goiás,202209,104.78968,101.78483
7168,PMS - Número-índice com ajuste sazonal (2022=100),Número-índice,11046,52,N3,Unidade da Federação,Goiás,202210,106.31367,100.21302
7168,PMS - Número-índice com ajuste sazonal (2022=100),Número-índice,11046,52,N3,Unidade da Federação,Goiás,202211,102.54661,99.14216
7168,PMS - Número-índice com ajuste sazonal (2022=100),Número-índice,11046,52,N3,Unidade da Federação,Goiás,202212,104.03106,102.23718
7168,PMS - Número-índice com ajuste sazonal (2022=100),Número-índice,11046,52,N3,Unidade da Federação,Goiás,202301,111.41931,106.93459
7168,PMS - Número-índice com ajuste sazonal (2022=100),Número-índice,11046,52,N3,Unidade da Federação,Goiás,202302,108.80093,107.61585
7168,PMS - Número-índice com ajuste sazonal (2022=100),Número-índice,11046,52,N3,Unidade da Federação,Goiás,202303,106.82368,104.67772
7168,PMS - Número-índice com ajuste sazonal (2022=100),Número-índice,11046,52,N3,Unidade da Federação,Goiás,202304,109.01800,104.14769
7168,PMS - Número-índice com ajuste sazonal (2022=100),Número-índice,11046,52,N3,Unidade da Federação,Goiás,202305,109.83770,104.26261
7168,PMS - Número-índice com ajuste sazonal (2022=100),Número-índice,11046,52,N3,Unidade da Federação,Goiás,202306,109.57430,99.22799
7168,PMS - Número-índice com ajuste sazonal (2022=100),Número-índice,11046,52,N3,Unidade da Federação,Goiás,202307,111.15228,97.79097
7168,PMS - Número-índice com ajuste sazonal (2022=100),Número-índice,11046,52,N3,Unidade da Federação,Goiás,202308,110.22961,100.13548
7168,PMS - Número-índice com ajuste sazonal (2022=100),Número-índice,11046,52,N3,Unidade da Federação,Goiás,202309,112.13419,101.08937
7168,PMS - Número-índice com ajuste sazonal (2022=100),Número-índice,11046,52,N3,Unidade da Federação,Goiás,202310,111.83185,100.36461
7168,PMS - Número-índice com ajuste sazonal (2022=100),Número-índice,11046,52,N3,Unidade da Federação,Goiás,202311,109.96745,95.94688
7168,PMS - Número-índice com ajuste sazonal (2022=100),Número-índice,11046,52,N3,Unidade da Federação,Goiás,202312,114.18877,98.25450
7168,PMS - Número-índice com ajuste sazonal (2022=100),Número-índice,11046,52,N3,Unidade da Federação,Goiás,202401,113.98981,98.13986
7168,PMS - Número-índice com ajuste sazonal (2022=100),Número-índice,11046,52,N3,Unidade da Federação,Goiás,202402,111.39342,98.01472
7168,PMS - Número-índice com ajuste sazonal (2022=100),Número-índice,11046,52,N3,Unidade da Federação,Goiás,202403,113.79522,94.98186
7168,PMS - Número-índice com ajuste sazonal (2022=100),Número-índice,11046,52,N3,Unidade da Federação,Goiás,202404,113.07564,100.37732
7168,PMS - Número-índice com ajuste sazonal (2022=100),Número-índice,11046,52,N3,Unidade da Federação,Goiás,202405,125.26005,101.86759
7168,PMS - Número-índice com ajuste sazonal (2022=100),Número-índice,11046,52,N3,Unidade da Federação,Goiás,202406,126.26576,102.26205
7168,PMS - Número-índice com ajuste sazonal (2022=100),Número-índice,11046,52,N3,Unidade da Federação,Goiás,202407,133.18992,106.10836
7168,PMS - Número-índice com ajuste sazonal (2022=100),Número-índice,11046,52,N3,Unidade da Federação,Goiás,202408,129.61442,105.66002
7168,PMS - Número-índice com ajuste sazonal (2022=100),Número-índice,11046,52,N3,Unidade da Federação,Goiás,202409,121.85673,100.50165
7168,PMS - Número-índice com ajuste sazonal (2022=100),Número-índice,11046,53,N3,Unidade da Federação,Distrito Federal,201101,64.70293,148.90107
7168,PMS - Número-índice com ajuste sazonal (2022=100),Número-índice,11046,53,N3,Unidade da Federação,Distrito Federal,201102,66.78050,143.83699
7168,PMS - Número-índice com ajuste sazonal (2022=100),Número-índice,11046,53,N3,Unidade da Federação,Distrito Federal,201103,60.55002,136.60424
7168,PMS - Número-índice com ajuste sazonal (2022=100),Número-índice,11046,53,N3,Unidade da Federação,Distrito Federal,201104,65.80921,144.81606
7168,PMS - Número-índice com ajuste sazonal (2022=100),Número-índice,11046,53,N3,Unidade da Federação,Distrito Federal,201105,69.35533,148.93406
7168,PMS - Número-índice com ajuste sazonal (2022=100),Número-índice,11046,53,N3,Unidade da Federação,Distrito Federal,201106,69.21139,146.80168
7168,PMS - Número-índice com ajuste sazonal (2022=100),Número-índice,11046,53,N3,Unidade da Federação,Distrito Federal,201107,67.90261,140.17907
7168,PMS - Número-índice com ajuste sazonal (2022=100),Número-índice,11046,53,N3,Unidade da Federação,Distrito Federal,201108,68.54143,142.17523
7168,PMS - Número-índice com ajuste sazonal (2022=100),Número-índice,11046,53,N3,Unidade da Federação,Distrito Federal,201109,70.90571,141.37319
7168,PMS - Número-índice com ajuste sazonal (2022=100),Número-índice,11046,53,N3,Unidade da Federação,Distrito Federal,201110,69.74491,137.72829
7168,PMS - Número-índice com ajuste sazonal (2022=100),Número-índice,11046,53,N3,Unidade da Federação,Distrito Federal,201111,68.64205,132.50654
7168,PMS - Número-índice com ajuste sazonal (2022=100),Número-índice,11046,53,N3,Unidade da Federação,Distrito Federal,201112,69.46226,141.33332
7168,PMS - Número-índice com ajuste sazonal (2022=100),Número-índice,11046,53,N3,Unidade da Federação,Distrito Federal,201201,71.42407,135.26828
7168,PMS - Número-índice com ajuste sazonal (2022=100),Número-índice,11046,53,N3,Unidade da Federação,Distrito Federal,201202,73.71533,138.67849
7168,PMS - Número-índice com ajuste sazonal (2022=100),Número-índice,11046,53,N3,Unidade da Federação,Distrito Federal,201203,75.52271,134.79569
7168,PMS - Número-índice com ajuste sazonal (2022=100),Número-índice,11046,53,N3,Unidade da Federação,Distrito Federal,201204,74.34851,131.61563
7168,PMS - Número-índice com ajuste sazonal (2022=100),Número-índice,11046,53,N3,Unidade da Federação,Distrito Federal,201205,74.41463,131.09823
7168,PMS - Número-índice com ajuste sazonal (2022=100),Número-índice,11046,53,N3,Unidade da Federação,Distrito Federal,201206,77.11626,142.16086
7168,PMS - Número-índice com ajuste sazonal (2022=100),Número-índice,11046,53,N3,Unidade da Federação,Distrito Federal,201207,75.54067,134.92775
7168,PMS - Número-índice com ajuste sazonal (2022=100),Número-índice,11046,53,N3,Unidade da Federação,Distrito Federal,201208,73.85665,131.65083
7168,PMS - Número-índice com ajuste sazonal (2022=100),Número-índice,11046,53,N3,Unidade da Federação,Distrito Federal,201209,73.74843,135.41744
7168,PMS - Número-índice com ajuste sazonal (2022=100),Número-índice,11046,53,N3,Unidade da Federação,Distrito Federal,201210,79.37877,147.17253
7168,PMS - Número-índice com ajuste sazonal (2022=100),Número-índice,11046,53,N3,Unidade da Federação,Distrito Federal,201211,79.85931,139.71066
7168,PMS - Número-índice com ajuste sazonal (2022=100),Número-índice,11046,53,N3,Unidade da Federação,Distrito Federal,201212,80.48243,141.52774
7168,PMS - Número-índice com ajuste sazonal (2022=100),Número-índice,11046,53,N3,Unidade da Federação,Distrito Federal,201301,79.26730,138.72141
7168,PMS - Número-índice com ajuste sazonal (2022=100),Número-índice,11046,53,N3,Unidade da Federação,Distrito Federal,201302,78.22136,135.72984
7168,PMS - Número-índice com ajuste sazonal (2022=100),Número-índice,11046,53,N3,Unidade da Federação,Distrito Federal,201303,83.48067,144.82925
7168,PMS - Número-índice com ajuste sazonal (2022=100),Número-índice,11046,53,N3,Unidade da Federação,Distrito Federal,201304,82.29603,147.61449
7168,PMS - Número-índice com ajuste sazonal (2022=100),Número-índice,11046,53,N3,Unidade da Federação,Distrito Federal,201305,82.00800,140.44441
7168,PMS - Número-índice com ajuste sazonal (2022=100),Número-índice,11046,53,N3,Unidade da Federação,Distrito Federal,201306,81.86252,140.17897
7168,PMS - Número-índice com ajuste sazonal (2022=100),Número-índice,11046,53,N3,Unidade da Federação,Distrito Federal,201307,83.48623,143.31956
7168,PMS - Número-índice com ajuste sazonal (2022=100),Número-índice,11046,53,N3,Unidade da Federação,Distrito Federal,201308,86.91721,143.24889
7168,PMS - Número-índice com ajuste sazonal (2022=100),Número-índice,11046,53,N3,Unidade da Federação,Distrito Federal,201309,84.88623,135.75319
7168,PMS - Número-índice com ajuste sazonal (2022=100),Número-índice,11046,53,N3,Unidade da Federação,Distrito Federal,201310,86.59874,139.54350
7168,PMS - Número-índice com ajuste sazonal (2022=100),Número-índice,11046,53,N3,Unidade da Federação,Distrito Federal,201311,87.63697,140.53341
7168,PMS - Número-índice com ajuste sazonal (2022=100),Número-índice,11046,53,N3,Unidade da Federação,Distrito Federal,201312,87.50208,137.21737
7168,PMS - Número-índice com ajuste sazonal (2022=100),Número-índice,11046,53,N3,Unidade da Federação,Distrito Federal,201401,83.80592,139.97944
7168,PMS - Número-índice com ajuste sazonal (2022=100),Número-índice,11046,53,N3,Unidade da Federação,Distrito Federal,201402,94.12751,155.37417
7168,PMS - Número-índice com ajuste sazonal (2022=100),Número-índice,11046,53,N3,Unidade da Federação,Distrito Federal,201403,89.27904,140.40868
7168,PMS - Número-índice com ajuste sazonal (2022=100),Número-índice,11046,53,N3,Unidade da Federação,Distrito Federal,201404,92.44923,137.59732
7168,PMS - Número-índice com ajuste sazonal (2022=100),Número-índice,11046,53,N3,Unidade da Federação,Distrito Federal,201405,93.70117,141.01309
7168,PMS - Número-índice com ajuste sazonal (2022=100),Número-índice,11046,53,N3,Unidade da Federação,Distrito Federal,201406,96.46210,141.97230
7168,PMS - Número-índice com ajuste sazonal (2022=100),Número-índice,11046,53,N3,Unidade da Federação,Distrito Federal,201407,96.47554,161.41741
7168,PMS - Número-índice com ajuste sazonal (2022=100),Número-índice,11046,53,N3,Unidade da Federação,Distrito Federal,201408,97.47963,147.99637
7168,PMS - Número-índice com ajuste sazonal (2022=100),Número-índice,11046,53,N3,Unidade da Federação,Distrito Federal,201409,102.80340,149.95694
7168,PMS - Número-índice com ajuste sazonal (2022=100),Número-índice,11046,53,N3,Unidade da Federação,Distrito Federal,201410,93.67273,143.57671
7168,PMS - Número-índice com ajuste sazonal (2022=100),Número-índice,11046,53,N3,Unidade da Federação,Distrito Federal,201411,96.20277,150.13595
7168,PMS - Número-índice com ajuste sazonal (2022=100),Número-índice,11046,53,N3,Unidade da Federação,Distrito Federal,201412,95.31009,142.17690
7168,PMS - Número-índice com ajuste sazonal (2022=100),Número-índice,11046,53,N3,Unidade da Federação,Distrito Federal,201501,93.84569,138.84845
7168,PMS - Número-índice com ajuste sazonal (2022=100),Número-índice,11046,53,N3,Unidade da Federação,Distrito Federal,201502,92.27483,139.49730
7168,PMS - Número-índice com ajuste sazonal (2022=100),Número-índice,11046,53,N3,Unidade da Federação,Distrito Federal,201503,95.41514,151.50255
7168,PMS - Número-índice com ajuste sazonal (2022=100),Número-índice,11046,53,N3,Unidade da Federação,Distrito Federal,201504,97.75020,150.68848
7168,PMS - Número-índice com ajuste sazonal (2022=100),Número-índice,11046,53,N3,Unidade da Federação,Distrito Federal,201505,95.15211,157.97023
7168,PMS - Número-índice com ajuste sazonal (2022=100),Número-índice,11046,53,N3,Unidade da Federação,Distrito Federal,201506,91.84185,141.38602
7168,PMS - Número-índice com ajuste sazonal (2022=100),Número-índice,11046,53,N3,Unidade da Federação,Distrito Federal,201507,97.07752,150.98780
7168,PMS - Número-índice com ajuste sazonal (2022=100),Número-índice,11046,53,N3,Unidade da Federação,Distrito Federal,201508,99.68097,175.23316
7168,PMS - Número-índice com ajuste sazonal (2022=100),Número-índice,11046,53,N3,Unidade da Federação,Distrito Federal,201509,100.84160,162.38124
7168,PMS - Número-índice com ajuste sazonal (2022=100),Número-índice,11046,53,N3,Unidade da Federação,Distrito Federal,201510,100.66904,165.59179
7168,PMS - Número-índice com ajuste sazonal (2022=100),Número-índice,11046,53,N3,Unidade da Federação,Distrito Federal,201511,94.59316,157.87697
7168,PMS - Número-índice com ajuste sazonal (2022=100),Número-índice,11046,53,N3,Unidade da Federação,Distrito Federal,201512,99.78689,159.35429
7168,PMS - Número-índice com ajuste sazonal (2022=100),Número-índice,11046,53,N3,Unidade da Federação,Distrito Federal,201601,99.53341,159.16345
7168,PMS - Número-índice com ajuste sazonal (2022=100),Número-índice,11046,53,N3,Unidade da Federação,Distrito Federal,201602,96.57993,154.08630
7168,PMS - Número-índice com ajuste sazonal (2022=100),Número-índice,11046,53,N3,Unidade da Federação,Distrito Federal,201603,92.60607,146.34359
7168,PMS - Número-índice com ajuste sazonal (2022=100),Número-índice,11046,53,N3,Unidade da Federação,Distrito Federal,201604,91.44346,147.68375
7168,PMS - Número-índice com ajuste sazonal (2022=100),Número-índice,11046,53,N3,Unidade da Federação,Distrito Federal,201605,92.69786,145.73358
7168,PMS - Número-índice com ajuste sazonal (2022=100),Número-índice,11046,53,N3,Unidade da Federação,Distrito Federal,201606,92.40733,143.00769
7168,PMS - Número-índice com ajuste sazonal (2022=100),Número-índice,11046,53,N3,Unidade da Federação,Distrito Federal,201607,95.47601,148.97132
7168,PMS - Número-índice com ajuste sazonal (2022=100),Número-índice,11046,53,N3,Unidade da Federação,Distrito Federal,201608,93.58821,139.14563
7168,PMS - Número-índice com ajuste sazonal (2022=100),Número-índice,11046,53,N3,Unidade da Federação,Distrito Federal,201609,89.86657,136.23022
7168,PMS - Número-índice com ajuste sazonal (2022=100),Número-índice,11046,53,N3,Unidade da Federação,Distrito Federal,201610,90.39714,132.95673
7168,PMS - Número-índice com ajuste sazonal (2022=100),Número-índice,11046,53,N3,Unidade da Federação,Distrito Federal,201611,91.14048,137.11864
7168,PMS - Número-índice com ajuste sazonal (2022=100),Número-índice,11046,53,N3,Unidade da Federação,Distrito Federal,201612,90.71366,137.01368
7168,PMS - Número-índice com ajuste sazonal (2022=100),Número-índice,11046,53,N3,Unidade da Federação,Distrito Federal,201701,82.28887,109.54500
7168,PMS - Número-índice com ajuste sazonal (2022=100),Número-índice,11046,53,N3,Unidade da Federação,Distrito Federal,201702,97.16577,130.89595
7168,PMS - Número-índice com ajuste sazonal (2022=100),Número-índice,11046,53,N3,Unidade da Federação,Distrito Federal,201703,92.59537,125.35884
7168,PMS - Número-índice com ajuste sazonal (2022=100),Número-índice,11046,53,N3,Unidade da Federação,Distrito Federal,201704,92.19274,118.26317
7168,PMS - Número-índice com ajuste sazonal (2022=100),Número-índice,11046,53,N3,Unidade da Federação,Distrito Federal,201705,93.54129,114.80410
7168,PMS - Número-índice com ajuste sazonal (2022=100),Número-índice,11046,53,N3,Unidade da Federação,Distrito Federal,201706,92.26111,116.54862
7168,PMS - Número-índice com ajuste sazonal (2022=100),Número-índice,11046,53,N3,Unidade da Federação,Distrito Federal,201707,91.21099,114.47394
7168,PMS - Número-índice com ajuste sazonal (2022=100),Número-índice,11046,53,N3,Unidade da Federação,Distrito Federal,201708,87.03705,112.59353
7168,PMS - Número-índice com ajuste sazonal (2022=100),Número-índice,11046,53,N3,Unidade da Federação,Distrito Federal,201709,88.68367,112.11492
7168,PMS - Número-índice com ajuste sazonal (2022=100),Número-índice,11046,53,N3,Unidade da Federação,Distrito Federal,201710,91.67035,112.42957
7168,PMS - Número-índice com ajuste sazonal (2022=100),Número-índice,11046,53,N3,Unidade da Federação,Distrito Federal,201711,88.81382,114.69396
7168,PMS - Número-índice com ajuste sazonal (2022=100),Número-índice,11046,53,N3,Unidade da Federação,Distrito Federal,201712,84.51300,113.67515
7168,PMS - Número-índice com ajuste sazonal (2022=100),Número-índice,11046,53,N3,Unidade da Federação,Distrito Federal,201801,90.04351,119.82700
7168,PMS - Número-índice com ajuste sazonal (2022=100),Número-índice,11046,53,N3,Unidade da Federação,Distrito Federal,201802,91.47626,120.14034
7168,PMS - Número-índice com ajuste sazonal (2022=100),Número-índice,11046,53,N3,Unidade da Federação,Distrito Federal,201803,90.75523,115.03016
7168,PMS - Número-índice com ajuste sazonal (2022=100),Número-índice,11046,53,N3,Unidade da Federação,Distrito Federal,201804,95.35469,127.48631
7168,PMS - Número-índice com ajuste sazonal (2022=100),Número-índice,11046,53,N3,Unidade da Federação,Distrito Federal,201805,89.47097,121.12461
7168,PMS - Número-índice com ajuste sazonal (2022=100),Número-índice,11046,53,N3,Unidade da Federação,Distrito Federal,201806,90.25289,125.42450
7168,PMS - Número-índice com ajuste sazonal (2022=100),Número-índice,11046,53,N3,Unidade da Federação,Distrito Federal,201807,90.35262,109.46993
7168,PMS - Número-índice com ajuste sazonal (2022=100),Número-índice,11046,53,N3,Unidade da Federação,Distrito Federal,201808,91.59547,123.53251
7168,PMS - Número-índice com ajuste sazonal (2022=100),Número-índice,11046,53,N3,Unidade da Federação,Distrito Federal,201809,92.87838,117.76898
7168,PMS - Número-índice com ajuste sazonal (2022=100),Número-índice,11046,53,N3,Unidade da Federação,Distrito Federal,201810,91.63619,117.59995
7168,PMS - Número-índice com ajuste sazonal (2022=100),Número-índice,11046,53,N3,Unidade da Federação,Distrito Federal,201811,92.36601,115.25228
7168,PMS - Número-índice com ajuste sazonal (2022=100),Número-índice,11046,53,N3,Unidade da Federação,Distrito Federal,201812,93.61938,111.76196
7168,PMS - Número-índice com ajuste sazonal (2022=100),Número-índice,11046,53,N3,Unidade da Federação,Distrito Federal,201901,95.69251,113.36665
7168,PMS - Número-índice com ajuste sazonal (2022=100),Número-índice,11046,53,N3,Unidade da Federação,Distrito Federal,201902,94.78649,106.37279
7168,PMS - Número-índice com ajuste sazonal (2022=100),Número-índice,11046,53,N3,Unidade da Federação,Distrito Federal,201903,97.09996,121.20554
7168,PMS - Número-índice com ajuste sazonal (2022=100),Número-índice,11046,53,N3,Unidade da Federação,Distrito Federal,201904,96.55296,108.65971
7168,PMS - Número-índice com ajuste sazonal (2022=100),Número-índice,11046,53,N3,Unidade da Federação,Distrito Federal,201905,98.80582,113.00115
7168,PMS - Número-índice com ajuste sazonal (2022=100),Número-índice,11046,53,N3,Unidade da Federação,Distrito Federal,201906,98.39798,106.49863
7168,PMS - Número-índice com ajuste sazonal (2022=100),Número-índice,11046,53,N3,Unidade da Federação,Distrito Federal,201907,104.77762,109.60437
7168,PMS - Número-índice com ajuste sazonal (2022=100),Número-índice,11046,53,N3,Unidade da Federação,Distrito Federal,201908,99.35769,107.17281
7168,PMS - Número-índice com ajuste sazonal (2022=100),Número-índice,11046,53,N3,Unidade da Federação,Distrito Federal,201909,93.57065,110.36359
7168,PMS - Número-índice com ajuste sazonal (2022=100),Número-índice,11046,53,N3,Unidade da Federação,Distrito Federal,201910,97.12954,110.73728
7168,PMS - Número-índice com ajuste sazonal (2022=100),Número-índice,11046,53,N3,Unidade da Federação,Distrito Federal,201911,99.92451,116.04093
7168,PMS - Número-índice com ajuste sazonal (2022=100),Número-índice,11046,53,N3,Unidade da Federação,Distrito Federal,201912,98.04277,112.19233
7168,PMS - Número-índice com ajuste sazonal (2022=100),Número-índice,11046,53,N3,Unidade da Federação,Distrito Federal,202001,95.58830,108.49921
7168,PMS - Número-índice com ajuste sazonal (2022=100),Número-índice,11046,53,N3,Unidade da Federação,Distrito Federal,202002,98.72616,112.59888
7168,PMS - Número-índice com ajuste sazonal (2022=100),Número-índice,11046,53,N3,Unidade da Federação,Distrito Federal,202003,62.69906,69.01585
7168,PMS - Número-índice com ajuste sazonal (2022=100),Número-índice,11046,53,N3,Unidade da Federação,Distrito Federal,202004,28.80360,30.77138
7168,PMS - Número-índice com ajuste sazonal (2022=100),Número-índice,11046,53,N3,Unidade da Federação,Distrito Federal,202005,28.79888,28.14357
7168,PMS - Número-índice com ajuste sazonal (2022=100),Número-índice,11046,53,N3,Unidade da Federação,Distrito Federal,202006,31.76692,34.84179
7168,PMS - Número-índice com ajuste sazonal (2022=100),Número-índice,11046,53,N3,Unidade da Federação,Distrito Federal,202007,28.27602,36.84812
7168,PMS - Número-índice com ajuste sazonal (2022=100),Número-índice,11046,53,N3,Unidade da Federação,Distrito Federal,202008,38.77193,48.79395
7168,PMS - Número-índice com ajuste sazonal (2022=100),Número-índice,11046,53,N3,Unidade da Federação,Distrito Federal,202009,45.02861,64.20652
7168,PMS - Número-índice com ajuste sazonal (2022=100),Número-índice,11046,53,N3,Unidade da Federação,Distrito Federal,202010,53.86022,69.99108
7168,PMS - Número-índice com ajuste sazonal (2022=100),Número-índice,11046,53,N3,Unidade da Federação,Distrito Federal,202011,51.00031,68.11774
7168,PMS - Número-índice com ajuste sazonal (2022=100),Número-índice,11046,53,N3,Unidade da Federação,Distrito Federal,202012,53.52480,74.40958
7168,PMS - Número-índice com ajuste sazonal (2022=100),Número-índice,11046,53,N3,Unidade da Federação,Distrito Federal,202101,60.70889,84.10959
7168,PMS - Número-índice com ajuste sazonal (2022=100),Número-índice,11046,53,N3,Unidade da Federação,Distrito Federal,202102,68.80652,84.84732
7168,PMS - Número-índice com ajuste sazonal (2022=100),Número-índice,11046,53,N3,Unidade da Federação,Distrito Federal,202103,44.80524,49.93965
7168,PMS - Número-índice com ajuste sazonal (2022=100),Número-índice,11046,53,N3,Unidade da Federação,Distrito Federal,202104,45.48767,51.29360
7168,PMS - Número-índice com ajuste sazonal (2022=100),Número-índice,11046,53,N3,Unidade da Federação,Distrito Federal,202105,55.45637,78.73886
7168,PMS - Número-índice com ajuste sazonal (2022=100),Número-índice,11046,53,N3,Unidade da Federação,Distrito Federal,202106,61.89331,89.47937
7168,PMS - Número-índice com ajuste sazonal (2022=100),Número-índice,11046,53,N3,Unidade da Federação,Distrito Federal,202107,64.86142,90.83113
7168,PMS - Número-índice com ajuste sazonal (2022=100),Número-índice,11046,53,N3,Unidade da Federação,Distrito Federal,202108,65.66951,96.19416
7168,PMS - Número-índice com ajuste sazonal (2022=100),Número-índice,11046,53,N3,Unidade da Federação,Distrito Federal,202109,71.73548,90.29476
7168,PMS - Número-índice com ajuste sazonal (2022=100),Número-índice,11046,53,N3,Unidade da Federação,Distrito Federal,202110,77.53719,82.86426
7168,PMS - Número-índice com ajuste sazonal (2022=100),Número-índice,11046,53,N3,Unidade da Federação,Distrito Federal,202111,78.12921,93.75597
7168,PMS - Número-índice com ajuste sazonal (2022=100),Número-índice,11046,53,N3,Unidade da Federação,Distrito Federal,202112,82.69327,98.83852
7168,PMS - Número-índice com ajuste sazonal (2022=100),Número-índice,11046,53,N3,Unidade da Federação,Distrito Federal,202201,87.08482,103.92122
7168,PMS - Número-índice com ajuste sazonal (2022=100),Número-índice,11046,53,N3,Unidade da Federação,Distrito Federal,202202,86.37362,96.19910
7168,PMS - Número-índice com ajuste sazonal (2022=100),Número-índice,11046,53,N3,Unidade da Federação,Distrito Federal,202203,84.77923,101.22989
7168,PMS - Número-índice com ajuste sazonal (2022=100),Número-índice,11046,53,N3,Unidade da Federação,Distrito Federal,202204,91.81656,104.72333
7168,PMS - Número-índice com ajuste sazonal (2022=100),Número-índice,11046,53,N3,Unidade da Federação,Distrito Federal,202205,96.44379,99.79052
7168,PMS - Número-índice com ajuste sazonal (2022=100),Número-índice,11046,53,N3,Unidade da Federação,Distrito Federal,202206,95.15346,92.01999
7168,PMS - Número-índice com ajuste sazonal (2022=100),Número-índice,11046,53,N3,Unidade da Federação,Distrito Federal,202207,110.32425,101.46999
7168,PMS - Número-índice com ajuste sazonal (2022=100),Número-índice,11046,53,N3,Unidade da Federação,Distrito Federal,202208,103.15377,97.46965
7168,PMS - Número-índice com ajuste sazonal (2022=100),Número-índice,11046,53,N3,Unidade da Federação,Distrito Federal,202209,106.26588,101.53515
7168,PMS - Número-índice com ajuste sazonal (2022=100),Número-índice,11046,53,N3,Unidade da Federação,Distrito Federal,202210,102.23879,86.42945
7168,PMS - Número-índice com ajuste sazonal (2022=100),Número-índice,11046,53,N3,Unidade da Federação,Distrito Federal,202211,106.53068,98.63738
7168,PMS - Número-índice com ajuste sazonal (2022=100),Número-índice,11046,53,N3,Unidade da Federação,Distrito Federal,202212,128.71581,117.17001
7168,PMS - Número-índice com ajuste sazonal (2022=100),Número-índice,11046,53,N3,Unidade da Federação,Distrito Federal,202301,110.78650,101.57841
7168,PMS - Número-índice com ajuste sazonal (2022=100),Número-índice,11046,53,N3,Unidade da Federação,Distrito Federal,202302,112.33045,103.30788
7168,PMS - Número-índice com ajuste sazonal (2022=100),Número-índice,11046,53,N3,Unidade da Federação,Distrito Federal,202303,118.10374,102.08547
7168,PMS - Número-índice com ajuste sazonal (2022=100),Número-índice,11046,53,N3,Unidade da Federação,Distrito Federal,202304,113.77543,94.56001
7168,PMS - Número-índice com ajuste sazonal (2022=100),Número-índice,11046,53,N3,Unidade da Federação,Distrito Federal,202305,119.13028,99.04224
7168,PMS - Número-índice com ajuste sazonal (2022=100),Número-índice,11046,53,N3,Unidade da Federação,Distrito Federal,202306,122.99616,102.36909
7168,PMS - Número-índice com ajuste sazonal (2022=100),Número-índice,11046,53,N3,Unidade da Federação,Distrito Federal,202307,120.34910,97.62399
7168,PMS - Número-índice com ajuste sazonal (2022=100),Número-índice,11046,53,N3,Unidade da Federação,Distrito Federal,202308,122.81806,98.41967
7168,PMS - Número-índice com ajuste sazonal (2022=100),Número-índice,11046,53,N3,Unidade da Federação,Distrito Federal,202309,121.95871,97.96214
7168,PMS - Número-índice com ajuste sazonal (2022=100),Número-índice,11046,53,N3,Unidade da Federação,Distrito Federal,202310,124.24980,96.78715
7168,PMS - Número-índice com ajuste sazonal (2022=100),Número-índice,11046,53,N3,Unidade da Federação,Distrito Federal,202311,124.29807,96.32801
7168,PMS - Número-índice com ajuste sazonal (2022=100),Número-índice,11046,53,N3,Unidade da Federação,Distrito Federal,202312,129.91999,94.10797
7168,PMS - Número-índice com ajuste sazonal (2022=100),Número-índice,11046,53,N3,Unidade da Federação,Distrito Federal,202401,118.05968,90.99642
7168,PMS - Número-índice com ajuste sazonal (2022=100),Número-índice,11046,53,N3,Unidade da Federação,Distrito Federal,202402,125.51968,98.74105
7168,PMS - Número-índice com ajuste sazonal (2022=100),Número-índice,11046,53,N3,Unidade da Federação,Distrito Federal,202403,125.05318,93.43374
7168,PMS - Número-índice com ajuste sazonal (2022=100),Número-índice,11046,53,N3,Unidade da Federação,Distrito Federal,202404,127.51758,97.51895
7168,PMS - Número-índice com ajuste sazonal (2022=100),Número-índice,11046,53,N3,Unidade da Federação,Distrito Federal,202405,126.37533,94.73166
7168,PMS - Número-índice com ajuste sazonal (2022=100),Número-índice,11046,53,N3,Unidade da Federação,Distrito Federal,202406,127.68092,95.62858
7168,PMS - Número-índice com ajuste sazonal (2022=100),Número-índice,11046,53,N3,Unidade da Federação,Distrito Federal,202407,132.82109,96.17982
7168,PMS - Número-índice com ajuste sazonal (2022=100),Número-índice,11046,53,N3,Unidade da Federação,Distrito Federal,202408,131.27188,98.22698
7168,PMS - Número-índice com ajuste sazonal (2022=100),Número-índice,11046,53,N3,Unidade da Federação,Distrito Federal,202409,126.37137,96.07733
