id,variavel,unidade,classificacoes_id,localidade_id,localidade_nivel_id,localidade_nivel_nome,localidade_nome,periodo,c56727-Índice de receita nominal das atividades turísticas,c56728-Índice de volume das atividades turísticas
7167,PMS - Número-índice (2022=100),Número-índice,11046,13,N3,Unidade da Federação,Amazonas,201101,58.74847,112.14222
7167,PMS - Número-índice (2022=100),Número-índice,11046,13,N3,Unidade da Federação,Amazonas,201102,54.14955,109.09447
7167,PMS - Número-índice (2022=100),Número-índice,11046,13,N3,Unidade da Federação,Amazonas,201103,53.78925,96.56041
7167,PMS - Número-índice (2022=100),Número-índice,11046,13,N3,Unidade da Federação,Amazonas,201104,53.90068,100.52451
7167,PMS - Número-índice (2022=100),Número-índice,11046,13,N3,Unidade da Federação,Amazonas,201105,57.00649,111.93421
7167,PMS - Número-índice (2022=100),Número-índice,11046,13,N3,Unidade da Federação,Amazonas,201106,61.67066,114.23814
7167,PMS - Número-índice (2022=100),Número-índice,11046,13,N3,Unidade da Federação,Amazonas,201107,65.05242,118.06626
7167,PMS - Número-índice (2022=100),Número-índice,11046,13,N3,Unidade da Federação,Amazonas,201108,65.23941,122.04359
7167,PMS - Número-índice (2022=100),Número-índice,11046,13,N3,Unidade da Federação,Amazonas,201109,65.66292,111.53862
7167,PMS - Número-índice (2022=100),Número-índice,11046,13,N3,Unidade da Federação,Amazonas,201110,70.21436,112.80842
7167,PMS - Número-índice (2022=100),Número-índice,11046,13,N3,Unidade da Federação,Amazonas,201111,68.14399,107.96747
7167,PMS - Número-índice (2022=100),Número-índice,11046,13,N3,Unidade da Federação,Amazonas,201112,76.86755,120.08220
7167,PMS - Número-índice (2022=100),Número-índice,11046,13,N3,Unidade da Federação,Amazonas,201201,66.89001,100.97208
7167,PMS - Número-índice (2022=100),Número-índice,11046,13,N3,Unidade da Federação,Amazonas,201202,61.99380,96.65148
7167,PMS - Número-índice (2022=100),Número-índice,11046,13,N3,Unidade da Federação,Amazonas,201203,66.13114,102.24164
7167,PMS - Número-índice (2022=100),Número-índice,11046,13,N3,Unidade da Federação,Amazonas,201204,64.58330,98.12837
7167,PMS - Número-índice (2022=100),Número-índice,11046,13,N3,Unidade da Federação,Amazonas,201205,64.33498,106.14596
7167,PMS - Número-índice (2022=100),Número-índice,11046,13,N3,Unidade da Federação,Amazonas,201206,68.50905,111.48001
7167,PMS - Número-índice (2022=100),Número-índice,11046,13,N3,Unidade da Federação,Amazonas,201207,71.81616,113.83643
7167,PMS - Número-índice (2022=100),Número-índice,11046,13,N3,Unidade da Federação,Amazonas,201208,70.82741,112.28876
7167,PMS - Número-índice (2022=100),Número-índice,11046,13,N3,Unidade da Federação,Amazonas,201209,65.92125,101.70626
7167,PMS - Número-índice (2022=100),Número-índice,11046,13,N3,Unidade da Federação,Amazonas,201210,71.48887,109.51728
7167,PMS - Número-índice (2022=100),Número-índice,11046,13,N3,Unidade da Federação,Amazonas,201211,73.26319,107.60964
7167,PMS - Número-índice (2022=100),Número-índice,11046,13,N3,Unidade da Federação,Amazonas,201212,81.00597,110.10288
7167,PMS - Número-índice (2022=100),Número-índice,11046,13,N3,Unidade da Federação,Amazonas,201301,68.62831,92.74470
7167,PMS - Número-índice (2022=100),Número-índice,11046,13,N3,Unidade da Federação,Amazonas,201302,63.36391,88.25618
7167,PMS - Número-índice (2022=100),Número-índice,11046,13,N3,Unidade da Federação,Amazonas,201303,68.79514,94.22770
7167,PMS - Número-índice (2022=100),Número-índice,11046,13,N3,Unidade da Federação,Amazonas,201304,67.09595,100.56773
7167,PMS - Número-índice (2022=100),Número-índice,11046,13,N3,Unidade da Federação,Amazonas,201305,68.34831,102.94249
7167,PMS - Número-índice (2022=100),Número-índice,11046,13,N3,Unidade da Federação,Amazonas,201306,70.24052,105.42514
7167,PMS - Número-índice (2022=100),Número-índice,11046,13,N3,Unidade da Federação,Amazonas,201307,76.80608,117.73422
7167,PMS - Número-índice (2022=100),Número-índice,11046,13,N3,Unidade da Federação,Amazonas,201308,76.16180,113.88479
7167,PMS - Número-índice (2022=100),Número-índice,11046,13,N3,Unidade da Federação,Amazonas,201309,74.82809,106.56289
7167,PMS - Número-índice (2022=100),Número-índice,11046,13,N3,Unidade da Federação,Amazonas,201310,78.30534,115.03775
7167,PMS - Número-índice (2022=100),Número-índice,11046,13,N3,Unidade da Federação,Amazonas,201311,82.90419,117.49488
7167,PMS - Número-índice (2022=100),Número-índice,11046,13,N3,Unidade da Federação,Amazonas,201312,91.49926,113.35006
7167,PMS - Número-índice (2022=100),Número-índice,11046,13,N3,Unidade da Federação,Amazonas,201401,74.62672,105.16039
7167,PMS - Número-índice (2022=100),Número-índice,11046,13,N3,Unidade da Federação,Amazonas,201402,74.67325,120.82549
7167,PMS - Número-índice (2022=100),Número-índice,11046,13,N3,Unidade da Federação,Amazonas,201403,79.80519,112.56911
7167,PMS - Número-índice (2022=100),Número-índice,11046,13,N3,Unidade da Federação,Amazonas,201404,80.03550,112.89379
7167,PMS - Número-índice (2022=100),Número-índice,11046,13,N3,Unidade da Federação,Amazonas,201405,83.12651,127.74569
7167,PMS - Número-índice (2022=100),Número-índice,11046,13,N3,Unidade da Federação,Amazonas,201406,82.21210,122.73034
7167,PMS - Número-índice (2022=100),Número-índice,11046,13,N3,Unidade da Federação,Amazonas,201407,79.26042,126.67338
7167,PMS - Número-índice (2022=100),Número-índice,11046,13,N3,Unidade da Federação,Amazonas,201408,87.83550,130.87211
7167,PMS - Número-índice (2022=100),Número-índice,11046,13,N3,Unidade da Federação,Amazonas,201409,91.88475,126.13496
7167,PMS - Número-índice (2022=100),Número-índice,11046,13,N3,Unidade da Federação,Amazonas,201410,89.29949,121.63537
7167,PMS - Número-índice (2022=100),Número-índice,11046,13,N3,Unidade da Federação,Amazonas,201411,83.91382,114.18583
7167,PMS - Número-índice (2022=100),Número-índice,11046,13,N3,Unidade da Federação,Amazonas,201412,93.05587,108.91166
7167,PMS - Número-índice (2022=100),Número-índice,11046,13,N3,Unidade da Federação,Amazonas,201501,78.40746,93.75870
7167,PMS - Número-índice (2022=100),Número-índice,11046,13,N3,Unidade da Federação,Amazonas,201502,76.97574,104.34914
7167,PMS - Número-índice (2022=100),Número-índice,11046,13,N3,Unidade da Federação,Amazonas,201503,75.23465,106.51346
7167,PMS - Número-índice (2022=100),Número-índice,11046,13,N3,Unidade da Federação,Amazonas,201504,73.33418,94.46681
7167,PMS - Número-índice (2022=100),Número-índice,11046,13,N3,Unidade da Federação,Amazonas,201505,77.03388,113.85105
7167,PMS - Número-índice (2022=100),Número-índice,11046,13,N3,Unidade da Federação,Amazonas,201506,73.89790,97.14733
7167,PMS - Número-índice (2022=100),Número-índice,11046,13,N3,Unidade da Federação,Amazonas,201507,74.60841,90.96966
7167,PMS - Número-índice (2022=100),Número-índice,11046,13,N3,Unidade da Federação,Amazonas,201508,74.61568,116.44971
7167,PMS - Número-índice (2022=100),Número-índice,11046,13,N3,Unidade da Federação,Amazonas,201509,74.98079,109.58064
7167,PMS - Número-índice (2022=100),Número-índice,11046,13,N3,Unidade da Federação,Amazonas,201510,77.18275,112.74447
7167,PMS - Número-índice (2022=100),Número-índice,11046,13,N3,Unidade da Federação,Amazonas,201511,76.70096,118.89531
7167,PMS - Número-índice (2022=100),Número-índice,11046,13,N3,Unidade da Federação,Amazonas,201512,83.30322,98.69045
7167,PMS - Número-índice (2022=100),Número-índice,11046,13,N3,Unidade da Federação,Amazonas,201601,72.28660,92.30749
7167,PMS - Número-índice (2022=100),Número-índice,11046,13,N3,Unidade da Federação,Amazonas,201602,65.91760,90.42999
7167,PMS - Número-índice (2022=100),Número-índice,11046,13,N3,Unidade da Federação,Amazonas,201603,65.03714,92.66305
7167,PMS - Número-índice (2022=100),Número-índice,11046,13,N3,Unidade da Federação,Amazonas,201604,61.56163,86.47086
7167,PMS - Número-índice (2022=100),Número-índice,11046,13,N3,Unidade da Federação,Amazonas,201605,60.86418,84.44047
7167,PMS - Número-índice (2022=100),Número-índice,11046,13,N3,Unidade da Federação,Amazonas,201606,62.27830,91.77436
7167,PMS - Número-índice (2022=100),Número-índice,11046,13,N3,Unidade da Federação,Amazonas,201607,68.45206,87.53003
7167,PMS - Número-índice (2022=100),Número-índice,11046,13,N3,Unidade da Federação,Amazonas,201608,64.17764,90.02263
7167,PMS - Número-índice (2022=100),Número-índice,11046,13,N3,Unidade da Federação,Amazonas,201609,63.82380,89.63564
7167,PMS - Número-índice (2022=100),Número-índice,11046,13,N3,Unidade da Federação,Amazonas,201610,65.90644,90.59648
7167,PMS - Número-índice (2022=100),Número-índice,11046,13,N3,Unidade da Federação,Amazonas,201611,67.56184,92.58731
7167,PMS - Número-índice (2022=100),Número-índice,11046,13,N3,Unidade da Federação,Amazonas,201612,74.97813,91.27332
7167,PMS - Número-índice (2022=100),Número-índice,11046,13,N3,Unidade da Federação,Amazonas,201701,61.56135,67.96638
7167,PMS - Número-índice (2022=100),Número-índice,11046,13,N3,Unidade da Federação,Amazonas,201702,64.10527,75.04924
7167,PMS - Número-índice (2022=100),Número-índice,11046,13,N3,Unidade da Federação,Amazonas,201703,61.79756,73.59713
7167,PMS - Número-índice (2022=100),Número-índice,11046,13,N3,Unidade da Federação,Amazonas,201704,56.86484,63.38619
7167,PMS - Número-índice (2022=100),Número-índice,11046,13,N3,Unidade da Federação,Amazonas,201705,56.76081,68.58954
7167,PMS - Número-índice (2022=100),Número-índice,11046,13,N3,Unidade da Federação,Amazonas,201706,57.05864,68.53806
7167,PMS - Número-índice (2022=100),Número-índice,11046,13,N3,Unidade da Federação,Amazonas,201707,62.47841,73.47191
7167,PMS - Número-índice (2022=100),Número-índice,11046,13,N3,Unidade da Federação,Amazonas,201708,60.73571,75.03879
7167,PMS - Número-índice (2022=100),Número-índice,11046,13,N3,Unidade da Federação,Amazonas,201709,59.71668,67.79368
7167,PMS - Número-índice (2022=100),Número-índice,11046,13,N3,Unidade da Federação,Amazonas,201710,60.36797,68.00259
7167,PMS - Número-índice (2022=100),Número-índice,11046,13,N3,Unidade da Federação,Amazonas,201711,65.22186,77.89101
7167,PMS - Número-índice (2022=100),Número-índice,11046,13,N3,Unidade da Federação,Amazonas,201712,72.96463,76.50572
7167,PMS - Número-índice (2022=100),Número-índice,11046,13,N3,Unidade da Federação,Amazonas,201801,64.06646,69.65405
7167,PMS - Número-índice (2022=100),Número-índice,11046,13,N3,Unidade da Federação,Amazonas,201802,53.88719,60.65385
7167,PMS - Número-índice (2022=100),Número-índice,11046,13,N3,Unidade da Federação,Amazonas,201803,59.80182,69.97947
7167,PMS - Número-índice (2022=100),Número-índice,11046,13,N3,Unidade da Federação,Amazonas,201804,61.85073,72.89851
7167,PMS - Número-índice (2022=100),Número-índice,11046,13,N3,Unidade da Federação,Amazonas,201805,61.35525,77.81091
7167,PMS - Número-índice (2022=100),Número-índice,11046,13,N3,Unidade da Federação,Amazonas,201806,60.22764,77.57228
7167,PMS - Número-índice (2022=100),Número-índice,11046,13,N3,Unidade da Federação,Amazonas,201807,64.79446,73.34453
7167,PMS - Número-índice (2022=100),Número-índice,11046,13,N3,Unidade da Federação,Amazonas,201808,69.33713,93.37681
7167,PMS - Número-índice (2022=100),Número-índice,11046,13,N3,Unidade da Federação,Amazonas,201809,67.21722,83.87363
7167,PMS - Número-índice (2022=100),Número-índice,11046,13,N3,Unidade da Federação,Amazonas,201810,71.76379,85.22051
7167,PMS - Número-índice (2022=100),Número-índice,11046,13,N3,Unidade da Federação,Amazonas,201811,70.57416,84.91319
7167,PMS - Número-índice (2022=100),Número-índice,11046,13,N3,Unidade da Federação,Amazonas,201812,80.44495,82.18442
7167,PMS - Número-índice (2022=100),Número-índice,11046,13,N3,Unidade da Federação,Amazonas,201901,67.57816,70.35357
7167,PMS - Número-índice (2022=100),Número-índice,11046,13,N3,Unidade da Federação,Amazonas,201902,61.53744,67.43974
7167,PMS - Número-índice (2022=100),Número-índice,11046,13,N3,Unidade da Federação,Amazonas,201903,60.71576,64.61081
7167,PMS - Número-índice (2022=100),Número-índice,11046,13,N3,Unidade da Federação,Amazonas,201904,59.50211,62.91208
7167,PMS - Número-índice (2022=100),Número-índice,11046,13,N3,Unidade da Federação,Amazonas,201905,70.20287,80.46589
7167,PMS - Número-índice (2022=100),Número-índice,11046,13,N3,Unidade da Federação,Amazonas,201906,67.60502,75.19119
7167,PMS - Número-índice (2022=100),Número-índice,11046,13,N3,Unidade da Federação,Amazonas,201907,70.65427,75.36789
7167,PMS - Número-índice (2022=100),Número-índice,11046,13,N3,Unidade da Federação,Amazonas,201908,73.26003,82.95632
7167,PMS - Número-índice (2022=100),Número-índice,11046,13,N3,Unidade da Federação,Amazonas,201909,77.05276,83.07404
7167,PMS - Número-índice (2022=100),Número-índice,11046,13,N3,Unidade da Federação,Amazonas,201910,76.55341,84.26309
7167,PMS - Número-índice (2022=100),Número-índice,11046,13,N3,Unidade da Federação,Amazonas,201911,93.05009,99.88433
7167,PMS - Número-índice (2022=100),Número-índice,11046,13,N3,Unidade da Federação,Amazonas,201912,100.85760,96.84274
7167,PMS - Número-índice (2022=100),Número-índice,11046,13,N3,Unidade da Federação,Amazonas,202001,86.05176,86.93975
7167,PMS - Número-índice (2022=100),Número-índice,11046,13,N3,Unidade da Federação,Amazonas,202002,65.62432,66.17511
7167,PMS - Número-índice (2022=100),Número-índice,11046,13,N3,Unidade da Federação,Amazonas,202003,53.45563,58.68840
7167,PMS - Número-índice (2022=100),Número-índice,11046,13,N3,Unidade da Federação,Amazonas,202004,22.64266,24.28346
7167,PMS - Número-índice (2022=100),Número-índice,11046,13,N3,Unidade da Federação,Amazonas,202005,27.32502,32.05452
7167,PMS - Número-índice (2022=100),Número-índice,11046,13,N3,Unidade da Federação,Amazonas,202006,31.49730,44.44982
7167,PMS - Número-índice (2022=100),Número-índice,11046,13,N3,Unidade da Federação,Amazonas,202007,40.79321,56.47321
7167,PMS - Número-índice (2022=100),Número-índice,11046,13,N3,Unidade da Federação,Amazonas,202008,46.57628,66.43404
7167,PMS - Número-índice (2022=100),Número-índice,11046,13,N3,Unidade da Federação,Amazonas,202009,47.50091,62.52342
7167,PMS - Número-índice (2022=100),Número-índice,11046,13,N3,Unidade da Federação,Amazonas,202010,57.31307,64.53913
7167,PMS - Número-índice (2022=100),Número-índice,11046,13,N3,Unidade da Federação,Amazonas,202011,58.21108,64.87261
7167,PMS - Número-índice (2022=100),Número-índice,11046,13,N3,Unidade da Federação,Amazonas,202012,70.63617,72.20053
7167,PMS - Número-índice (2022=100),Número-índice,11046,13,N3,Unidade da Federação,Amazonas,202101,50.63019,59.66319
7167,PMS - Número-índice (2022=100),Número-índice,11046,13,N3,Unidade da Federação,Amazonas,202102,46.08252,52.61573
7167,PMS - Número-índice (2022=100),Número-índice,11046,13,N3,Unidade da Federação,Amazonas,202103,51.37404,59.69599
7167,PMS - Número-índice (2022=100),Número-índice,11046,13,N3,Unidade da Federação,Amazonas,202104,50.42772,56.36169
7167,PMS - Número-índice (2022=100),Número-índice,11046,13,N3,Unidade da Federação,Amazonas,202105,57.95203,68.47885
7167,PMS - Número-índice (2022=100),Número-índice,11046,13,N3,Unidade da Federação,Amazonas,202106,61.11935,74.97130
7167,PMS - Número-índice (2022=100),Número-índice,11046,13,N3,Unidade da Federação,Amazonas,202107,69.96155,79.21327
7167,PMS - Número-índice (2022=100),Número-índice,11046,13,N3,Unidade da Federação,Amazonas,202108,72.07756,86.06396
7167,PMS - Número-índice (2022=100),Número-índice,11046,13,N3,Unidade da Federação,Amazonas,202109,76.73266,86.61923
7167,PMS - Número-índice (2022=100),Número-índice,11046,13,N3,Unidade da Federação,Amazonas,202110,84.78577,89.21050
7167,PMS - Número-índice (2022=100),Número-índice,11046,13,N3,Unidade da Federação,Amazonas,202111,84.79231,89.38051
7167,PMS - Número-índice (2022=100),Número-índice,11046,13,N3,Unidade da Federação,Amazonas,202112,103.89093,101.92293
7167,PMS - Número-índice (2022=100),Número-índice,11046,13,N3,Unidade da Federação,Amazonas,202201,81.72689,82.87137
7167,PMS - Número-índice (2022=100),Número-índice,11046,13,N3,Unidade da Federação,Amazonas,202202,74.90135,83.66044
7167,PMS - Número-índice (2022=100),Número-índice,11046,13,N3,Unidade da Federação,Amazonas,202203,85.71641,96.07885
7167,PMS - Número-índice (2022=100),Número-índice,11046,13,N3,Unidade da Federação,Amazonas,202204,86.82585,94.71485
7167,PMS - Número-índice (2022=100),Número-índice,11046,13,N3,Unidade da Federação,Amazonas,202205,101.49688,109.98317
7167,PMS - Número-índice (2022=100),Número-índice,11046,13,N3,Unidade da Federação,Amazonas,202206,94.01193,90.80312
7167,PMS - Número-índice (2022=100),Número-índice,11046,13,N3,Unidade da Federação,Amazonas,202207,104.46544,96.42182
7167,PMS - Número-índice (2022=100),Número-índice,11046,13,N3,Unidade da Federação,Amazonas,202208,103.67766,103.40168
7167,PMS - Número-índice (2022=100),Número-índice,11046,13,N3,Unidade da Federação,Amazonas,202209,102.39689,105.40542
7167,PMS - Número-índice (2022=100),Número-índice,11046,13,N3,Unidade da Federação,Amazonas,202210,128.10870,117.22149
7167,PMS - Número-índice (2022=100),Número-índice,11046,13,N3,Unidade da Federação,Amazonas,202211,108.36928,97.59742
7167,PMS - Número-índice (2022=100),Número-índice,11046,13,N3,Unidade da Federação,Amazonas,202212,128.30270,121.84037
7167,PMS - Número-índice (2022=100),Número-índice,11046,13,N3,Unidade da Federação,Amazonas,202301,99.12913,93.06751
7167,PMS - Número-índice (2022=100),Número-índice,11046,13,N3,Unidade da Federação,Amazonas,202302,92.47313,90.83107
7167,PMS - Número-índice (2022=100),Número-índice,11046,13,N3,Unidade da Federação,Amazonas,202303,106.60862,103.74227
7167,PMS - Número-índice (2022=100),Número-índice,11046,13,N3,Unidade da Federação,Amazonas,202304,95.93233,88.33408
7167,PMS - Número-índice (2022=100),Número-índice,11046,13,N3,Unidade da Federação,Amazonas,202305,100.93358,99.59279
7167,PMS - Número-índice (2022=100),Número-índice,11046,13,N3,Unidade da Federação,Amazonas,202306,114.42561,107.94721
7167,PMS - Número-índice (2022=100),Número-índice,11046,13,N3,Unidade da Federação,Amazonas,202307,109.46448,100.54516
7167,PMS - Número-índice (2022=100),Número-índice,11046,13,N3,Unidade da Federação,Amazonas,202308,108.49965,106.92395
7167,PMS - Número-índice (2022=100),Número-índice,11046,13,N3,Unidade da Federação,Amazonas,202309,106.56921,97.77144
7167,PMS - Número-índice (2022=100),Número-índice,11046,13,N3,Unidade da Federação,Amazonas,202310,112.42762,94.74606
7167,PMS - Número-índice (2022=100),Número-índice,11046,13,N3,Unidade da Federação,Amazonas,202311,106.08696,85.63187
7167,PMS - Número-índice (2022=100),Número-índice,11046,13,N3,Unidade da Federação,Amazonas,202312,114.92313,88.24692
7167,PMS - Número-índice (2022=100),Número-índice,11046,13,N3,Unidade da Federação,Amazonas,202401,97.04872,79.18547
7167,PMS - Número-índice (2022=100),Número-índice,11046,13,N3,Unidade da Federação,Amazonas,202402,92.42459,80.77542
7167,PMS - Número-índice (2022=100),Número-índice,11046,13,N3,Unidade da Federação,Amazonas,202403,97.72414,85.94832
7167,PMS - Número-índice (2022=100),Número-índice,11046,13,N3,Unidade da Federação,Amazonas,202404,93.73250,86.91033
7167,PMS - Número-índice (2022=100),Número-índice,11046,13,N3,Unidade da Federação,Amazonas,202405,97.15293,88.84409
7167,PMS - Número-índice (2022=100),Número-índice,11046,13,N3,Unidade da Federação,Amazonas,202406,105.37818,100.77258
7167,PMS - Número-índice (2022=100),Número-índice,11046,13,N3,Unidade da Federação,Amazonas,202407,109.52150,97.89441
7167,PMS - Número-índice (2022=100),Número-índice,11046,13,N3,Unidade da Federação,Amazonas,202408,113.90219,102.20340
7167,PMS - Número-índice (2022=100),Número-índice,11046,13,N3,Unidade da Federação,Amazonas,202409,108.21736,98.96589
7167,PMS - Número-índice (2022=100),Número-índice,11046,15,N3,Unidade da Federação,Pará,201101,37.68129,70.02292
7167,PMS - Número-índice (2022=100),Número-índice,11046,15,N3,Unidade da Federação,Pará,201102,34.47247,67.68001
7167,PMS - Número-índice (2022=100),Número-índice,11046,15,N3,Unidade da Federação,Pará,201103,33.85001,59.19238
7167,PMS - Número-índice (2022=100),Número-índice,11046,15,N3,Unidade da Federação,Pará,201104,33.15304,60.48062
7167,PMS - Número-índice (2022=100),Número-índice,11046,15,N3,Unidade da Federação,Pará,201105,35.46117,68.42414
7167,PMS - Número-índice (2022=100),Número-índice,11046,15,N3,Unidade da Federação,Pará,201106,37.48098,68.02853
7167,PMS - Número-índice (2022=100),Número-índice,11046,15,N3,Unidade da Federação,Pará,201107,42.47874,75.53720
7167,PMS - Número-índice (2022=100),Número-índice,11046,15,N3,Unidade da Federação,Pará,201108,40.46031,74.39569
7167,PMS - Número-índice (2022=100),Número-índice,11046,15,N3,Unidade da Federação,Pará,201109,38.60358,63.89084
7167,PMS - Número-índice (2022=100),Número-índice,11046,15,N3,Unidade da Federação,Pará,201110,41.75073,65.05891
7167,PMS - Número-índice (2022=100),Número-índice,11046,15,N3,Unidade da Federação,Pará,201111,39.59778,60.86511
7167,PMS - Número-índice (2022=100),Número-índice,11046,15,N3,Unidade da Federação,Pará,201112,46.94202,72.42508
7167,PMS - Número-índice (2022=100),Número-índice,11046,15,N3,Unidade da Federação,Pará,201201,40.92749,59.55639
7167,PMS - Número-índice (2022=100),Número-índice,11046,15,N3,Unidade da Federação,Pará,201202,37.51379,56.43653
7167,PMS - Número-índice (2022=100),Número-índice,11046,15,N3,Unidade da Federação,Pará,201203,39.15760,58.61306
7167,PMS - Número-índice (2022=100),Número-índice,11046,15,N3,Unidade da Federação,Pará,201204,40.91818,60.59134
7167,PMS - Número-índice (2022=100),Número-índice,11046,15,N3,Unidade da Federação,Pará,201205,39.47720,63.80554
7167,PMS - Número-índice (2022=100),Número-índice,11046,15,N3,Unidade da Federação,Pará,201206,40.91152,65.48614
7167,PMS - Número-índice (2022=100),Número-índice,11046,15,N3,Unidade da Federação,Pará,201207,46.65665,72.72406
7167,PMS - Número-índice (2022=100),Número-índice,11046,15,N3,Unidade da Federação,Pará,201208,42.87277,66.71013
7167,PMS - Número-índice (2022=100),Número-índice,11046,15,N3,Unidade da Federação,Pará,201209,44.63001,68.30119
7167,PMS - Número-índice (2022=100),Número-índice,11046,15,N3,Unidade da Federação,Pará,201210,49.15550,74.57493
7167,PMS - Número-índice (2022=100),Número-índice,11046,15,N3,Unidade da Federação,Pará,201211,49.19160,71.69574
7167,PMS - Número-índice (2022=100),Número-índice,11046,15,N3,Unidade da Federação,Pará,201212,56.51309,77.72545
7167,PMS - Número-índice (2022=100),Número-índice,11046,15,N3,Unidade da Federação,Pará,201301,50.58484,67.02166
7167,PMS - Número-índice (2022=100),Número-índice,11046,15,N3,Unidade da Federação,Pará,201302,43.55316,58.73126
7167,PMS - Número-índice (2022=100),Número-índice,11046,15,N3,Unidade da Federação,Pará,201303,47.47358,64.10010
7167,PMS - Número-índice (2022=100),Número-índice,11046,15,N3,Unidade da Federação,Pará,201304,47.55481,69.90052
7167,PMS - Número-índice (2022=100),Número-índice,11046,15,N3,Unidade da Federação,Pará,201305,51.32844,75.94375
7167,PMS - Número-índice (2022=100),Número-índice,11046,15,N3,Unidade da Federação,Pará,201306,49.98314,73.95895
7167,PMS - Número-índice (2022=100),Número-índice,11046,15,N3,Unidade da Federação,Pará,201307,58.34766,88.09723
7167,PMS - Número-índice (2022=100),Número-índice,11046,15,N3,Unidade da Federação,Pará,201308,54.09934,79.57581
7167,PMS - Número-índice (2022=100),Número-índice,11046,15,N3,Unidade da Federação,Pará,201309,52.45545,73.80434
7167,PMS - Número-índice (2022=100),Número-índice,11046,15,N3,Unidade da Federação,Pará,201310,55.88493,80.91655
7167,PMS - Número-índice (2022=100),Número-índice,11046,15,N3,Unidade da Federação,Pará,201311,55.04835,77.62293
7167,PMS - Número-índice (2022=100),Número-índice,11046,15,N3,Unidade da Federação,Pará,201312,64.32932,82.01244
7167,PMS - Número-índice (2022=100),Número-índice,11046,15,N3,Unidade da Federação,Pará,201401,55.39134,77.42460
7167,PMS - Número-índice (2022=100),Número-índice,11046,15,N3,Unidade da Federação,Pará,201402,52.81423,84.44702
7167,PMS - Número-índice (2022=100),Número-índice,11046,15,N3,Unidade da Federação,Pará,201403,53.36404,75.24253
7167,PMS - Número-índice (2022=100),Número-índice,11046,15,N3,Unidade da Federação,Pará,201404,57.44427,80.39065
7167,PMS - Número-índice (2022=100),Número-índice,11046,15,N3,Unidade da Federação,Pará,201405,58.09150,87.46791
7167,PMS - Número-índice (2022=100),Número-índice,11046,15,N3,Unidade da Federação,Pará,201406,51.33975,75.06806
7167,PMS - Número-índice (2022=100),Número-índice,11046,15,N3,Unidade da Federação,Pará,201407,65.23231,101.68186
7167,PMS - Número-índice (2022=100),Número-índice,11046,15,N3,Unidade da Federação,Pará,201408,67.32365,98.39531
7167,PMS - Número-índice (2022=100),Número-índice,11046,15,N3,Unidade da Federação,Pará,201409,66.85830,91.10668
7167,PMS - Número-índice (2022=100),Número-índice,11046,15,N3,Unidade da Federação,Pará,201410,65.16119,88.33450
7167,PMS - Número-índice (2022=100),Número-índice,11046,15,N3,Unidade da Federação,Pará,201411,64.46908,87.58593
7167,PMS - Número-índice (2022=100),Número-índice,11046,15,N3,Unidade da Federação,Pará,201412,69.73297,84.46600
7167,PMS - Número-índice (2022=100),Número-índice,11046,15,N3,Unidade da Federação,Pará,201501,63.63953,79.36046
7167,PMS - Número-índice (2022=100),Número-índice,11046,15,N3,Unidade da Federação,Pará,201502,51.95095,70.09224
7167,PMS - Número-índice (2022=100),Número-índice,11046,15,N3,Unidade da Federação,Pará,201503,55.35269,77.68504
7167,PMS - Número-índice (2022=100),Número-índice,11046,15,N3,Unidade da Federação,Pará,201504,55.71103,72.35327
7167,PMS - Número-índice (2022=100),Número-índice,11046,15,N3,Unidade da Federação,Pará,201505,56.83358,82.52146
7167,PMS - Número-índice (2022=100),Número-índice,11046,15,N3,Unidade da Federação,Pará,201506,55.78835,73.75932
7167,PMS - Número-índice (2022=100),Número-índice,11046,15,N3,Unidade da Federação,Pará,201507,62.68039,77.01264
7167,PMS - Número-índice (2022=100),Número-índice,11046,15,N3,Unidade da Federação,Pará,201508,59.35769,90.49249
7167,PMS - Número-índice (2022=100),Número-índice,11046,15,N3,Unidade da Federação,Pará,201509,55.86869,80.00177
7167,PMS - Número-índice (2022=100),Número-índice,11046,15,N3,Unidade da Federação,Pará,201510,62.56528,89.92196
7167,PMS - Número-índice (2022=100),Número-índice,11046,15,N3,Unidade da Federação,Pará,201511,59.08252,88.68915
7167,PMS - Número-índice (2022=100),Número-índice,11046,15,N3,Unidade da Federação,Pará,201512,66.37090,80.53067
7167,PMS - Número-índice (2022=100),Número-índice,11046,15,N3,Unidade da Federação,Pará,201601,60.68492,77.34465
7167,PMS - Número-índice (2022=100),Número-índice,11046,15,N3,Unidade da Federação,Pará,201602,51.60080,69.82374
7167,PMS - Número-índice (2022=100),Número-índice,11046,15,N3,Unidade da Federação,Pará,201603,53.49613,74.89092
7167,PMS - Número-índice (2022=100),Número-índice,11046,15,N3,Unidade da Federação,Pará,201604,52.15893,72.15795
7167,PMS - Número-índice (2022=100),Número-índice,11046,15,N3,Unidade da Federação,Pará,201605,54.83844,75.17208
7167,PMS - Número-índice (2022=100),Número-índice,11046,15,N3,Unidade da Federação,Pará,201606,54.82301,78.71436
7167,PMS - Número-índice (2022=100),Número-índice,11046,15,N3,Unidade da Federação,Pará,201607,63.09405,79.19117
7167,PMS - Número-índice (2022=100),Número-índice,11046,15,N3,Unidade da Federação,Pará,201608,57.90464,79.55893
7167,PMS - Número-índice (2022=100),Número-índice,11046,15,N3,Unidade da Federação,Pará,201609,54.76365,75.09486
7167,PMS - Número-índice (2022=100),Número-índice,11046,15,N3,Unidade da Federação,Pará,201610,57.57963,77.91409
7167,PMS - Número-índice (2022=100),Número-índice,11046,15,N3,Unidade da Federação,Pará,201611,58.32010,78.97912
7167,PMS - Número-índice (2022=100),Número-índice,11046,15,N3,Unidade da Federação,Pará,201612,64.74211,79.62344
7167,PMS - Número-índice (2022=100),Número-índice,11046,15,N3,Unidade da Federação,Pará,201701,54.35660,60.24166
7167,PMS - Número-índice (2022=100),Número-índice,11046,15,N3,Unidade da Federação,Pará,201702,51.87441,60.92042
7167,PMS - Número-índice (2022=100),Número-índice,11046,15,N3,Unidade da Federação,Pará,201703,52.74770,63.46785
7167,PMS - Número-índice (2022=100),Número-índice,11046,15,N3,Unidade da Federação,Pará,201704,51.74550,59.28476
7167,PMS - Número-índice (2022=100),Número-índice,11046,15,N3,Unidade da Federação,Pará,201705,51.01975,62.05301
7167,PMS - Número-índice (2022=100),Número-índice,11046,15,N3,Unidade da Federação,Pará,201706,53.40030,65.19869
7167,PMS - Número-índice (2022=100),Número-índice,11046,15,N3,Unidade da Federação,Pará,201707,61.54178,72.82472
7167,PMS - Número-índice (2022=100),Número-índice,11046,15,N3,Unidade da Federação,Pará,201708,57.74667,71.48799
7167,PMS - Número-índice (2022=100),Número-índice,11046,15,N3,Unidade da Federação,Pará,201709,55.86887,64.38061
7167,PMS - Número-índice (2022=100),Número-índice,11046,15,N3,Unidade da Federação,Pará,201710,61.49251,69.90599
7167,PMS - Número-índice (2022=100),Número-índice,11046,15,N3,Unidade da Federação,Pará,201711,61.82751,75.08514
7167,PMS - Número-índice (2022=100),Número-índice,11046,15,N3,Unidade da Federação,Pará,201712,69.81318,74.55054
7167,PMS - Número-índice (2022=100),Número-índice,11046,15,N3,Unidade da Federação,Pará,201801,61.93547,68.40847
7167,PMS - Número-índice (2022=100),Número-índice,11046,15,N3,Unidade da Federação,Pará,201802,54.92849,62.72828
7167,PMS - Número-índice (2022=100),Número-índice,11046,15,N3,Unidade da Federação,Pará,201803,56.29109,66.65526
7167,PMS - Número-índice (2022=100),Número-índice,11046,15,N3,Unidade da Federação,Pará,201804,57.67414,68.21081
7167,PMS - Número-índice (2022=100),Número-índice,11046,15,N3,Unidade da Federação,Pará,201805,58.19997,73.17664
7167,PMS - Número-índice (2022=100),Número-índice,11046,15,N3,Unidade da Federação,Pará,201806,59.85711,76.59699
7167,PMS - Número-índice (2022=100),Número-índice,11046,15,N3,Unidade da Federação,Pará,201807,72.68377,82.17240
7167,PMS - Número-índice (2022=100),Número-índice,11046,15,N3,Unidade da Federação,Pará,201808,69.09735,92.37614
7167,PMS - Número-índice (2022=100),Número-índice,11046,15,N3,Unidade da Federação,Pará,201809,65.68156,80.40791
7167,PMS - Número-índice (2022=100),Número-índice,11046,15,N3,Unidade da Federação,Pará,201810,69.12590,82.50209
7167,PMS - Número-índice (2022=100),Número-índice,11046,15,N3,Unidade da Federação,Pará,201811,68.21437,81.60433
7167,PMS - Número-índice (2022=100),Número-índice,11046,15,N3,Unidade da Federação,Pará,201812,79.16282,80.55319
7167,PMS - Número-índice (2022=100),Número-índice,11046,15,N3,Unidade da Federação,Pará,201901,68.70626,71.06219
7167,PMS - Número-índice (2022=100),Número-índice,11046,15,N3,Unidade da Federação,Pará,201902,62.99091,69.68341
7167,PMS - Número-índice (2022=100),Número-índice,11046,15,N3,Unidade da Federação,Pará,201903,61.08725,65.85695
7167,PMS - Número-índice (2022=100),Número-índice,11046,15,N3,Unidade da Federação,Pará,201904,67.45391,73.39583
7167,PMS - Número-índice (2022=100),Número-índice,11046,15,N3,Unidade da Federação,Pará,201905,66.54612,77.64784
7167,PMS - Número-índice (2022=100),Número-índice,11046,15,N3,Unidade da Federação,Pará,201906,65.27975,73.26726
7167,PMS - Número-índice (2022=100),Número-índice,11046,15,N3,Unidade da Federação,Pará,201907,80.60053,88.24280
7167,PMS - Número-índice (2022=100),Número-índice,11046,15,N3,Unidade da Federação,Pará,201908,73.93211,86.04067
7167,PMS - Número-índice (2022=100),Número-índice,11046,15,N3,Unidade da Federação,Pará,201909,75.89520,84.73632
7167,PMS - Número-índice (2022=100),Número-índice,11046,15,N3,Unidade da Federação,Pará,201910,77.64020,86.01737
7167,PMS - Número-índice (2022=100),Número-índice,11046,15,N3,Unidade da Federação,Pará,201911,78.09800,86.97158
7167,PMS - Número-índice (2022=100),Número-índice,11046,15,N3,Unidade da Federação,Pará,201912,88.62313,88.53043
7167,PMS - Número-índice (2022=100),Número-índice,11046,15,N3,Unidade da Federação,Pará,202001,76.54386,78.46355
7167,PMS - Número-índice (2022=100),Número-índice,11046,15,N3,Unidade da Federação,Pará,202002,70.90585,72.76614
7167,PMS - Número-índice (2022=100),Número-índice,11046,15,N3,Unidade da Federação,Pará,202003,54.78735,60.65825
7167,PMS - Número-índice (2022=100),Número-índice,11046,15,N3,Unidade da Federação,Pará,202004,29.09229,33.39454
7167,PMS - Número-índice (2022=100),Número-índice,11046,15,N3,Unidade da Federação,Pará,202005,29.77611,35.62298
7167,PMS - Número-índice (2022=100),Número-índice,11046,15,N3,Unidade da Federação,Pará,202006,37.55858,48.15958
7167,PMS - Número-índice (2022=100),Número-índice,11046,15,N3,Unidade da Federação,Pará,202007,47.76565,60.44417
7167,PMS - Número-índice (2022=100),Número-índice,11046,15,N3,Unidade da Federação,Pará,202008,56.53970,73.11742
7167,PMS - Número-índice (2022=100),Número-índice,11046,15,N3,Unidade da Federação,Pará,202009,63.11443,77.78032
7167,PMS - Número-índice (2022=100),Número-índice,11046,15,N3,Unidade da Federação,Pará,202010,70.11330,78.69817
7167,PMS - Número-índice (2022=100),Número-índice,11046,15,N3,Unidade da Federação,Pará,202011,75.82498,84.52919
7167,PMS - Número-índice (2022=100),Número-índice,11046,15,N3,Unidade da Federação,Pará,202012,85.66366,91.14120
7167,PMS - Número-índice (2022=100),Número-índice,11046,15,N3,Unidade da Federação,Pará,202101,68.29655,77.57266
7167,PMS - Número-índice (2022=100),Número-índice,11046,15,N3,Unidade da Federação,Pará,202102,60.23583,68.43818
7167,PMS - Número-índice (2022=100),Número-índice,11046,15,N3,Unidade da Federação,Pará,202103,59.13958,69.57665
7167,PMS - Número-índice (2022=100),Número-índice,11046,15,N3,Unidade da Federação,Pará,202104,54.82020,64.92741
7167,PMS - Número-índice (2022=100),Número-índice,11046,15,N3,Unidade da Federação,Pará,202105,67.27835,81.73000
7167,PMS - Número-índice (2022=100),Número-índice,11046,15,N3,Unidade da Federação,Pará,202106,73.57496,90.87602
7167,PMS - Número-índice (2022=100),Número-índice,11046,15,N3,Unidade da Federação,Pará,202107,85.25698,98.40295
7167,PMS - Número-índice (2022=100),Número-índice,11046,15,N3,Unidade da Federação,Pará,202108,83.58558,99.17032
7167,PMS - Número-índice (2022=100),Número-índice,11046,15,N3,Unidade da Federação,Pará,202109,85.47941,97.07435
7167,PMS - Número-índice (2022=100),Número-índice,11046,15,N3,Unidade da Federação,Pará,202110,88.31126,96.01178
7167,PMS - Número-índice (2022=100),Número-índice,11046,15,N3,Unidade da Federação,Pará,202111,90.77402,97.85641
7167,PMS - Número-índice (2022=100),Número-índice,11046,15,N3,Unidade da Federação,Pará,202112,105.23066,105.68940
7167,PMS - Número-índice (2022=100),Número-índice,11046,15,N3,Unidade da Federação,Pará,202201,89.23322,92.36380
7167,PMS - Número-índice (2022=100),Número-índice,11046,15,N3,Unidade da Federação,Pará,202202,78.58867,88.85513
7167,PMS - Número-índice (2022=100),Número-índice,11046,15,N3,Unidade da Federação,Pará,202203,84.92387,94.93344
7167,PMS - Número-índice (2022=100),Número-índice,11046,15,N3,Unidade da Federação,Pará,202204,86.20192,93.36609
7167,PMS - Número-índice (2022=100),Número-índice,11046,15,N3,Unidade da Federação,Pará,202205,93.88420,100.70508
7167,PMS - Número-índice (2022=100),Número-índice,11046,15,N3,Unidade da Federação,Pará,202206,98.81326,98.57832
7167,PMS - Número-índice (2022=100),Número-índice,11046,15,N3,Unidade da Federação,Pará,202207,113.69204,106.94614
7167,PMS - Número-índice (2022=100),Número-índice,11046,15,N3,Unidade da Federação,Pará,202208,105.10742,104.50229
7167,PMS - Número-índice (2022=100),Número-índice,11046,15,N3,Unidade da Federação,Pará,202209,100.93953,102.03978
7167,PMS - Número-índice (2022=100),Número-índice,11046,15,N3,Unidade da Federação,Pará,202210,108.23304,94.50613
7167,PMS - Número-índice (2022=100),Número-índice,11046,15,N3,Unidade da Federação,Pará,202211,107.57380,100.79859
7167,PMS - Número-índice (2022=100),Número-índice,11046,15,N3,Unidade da Federação,Pará,202212,132.80904,122.40522
7167,PMS - Número-índice (2022=100),Número-índice,11046,15,N3,Unidade da Federação,Pará,202301,107.07324,100.09941
7167,PMS - Número-índice (2022=100),Número-índice,11046,15,N3,Unidade da Federação,Pará,202302,92.84610,91.39695
7167,PMS - Número-índice (2022=100),Número-índice,11046,15,N3,Unidade da Federação,Pará,202303,101.78007,99.10789
7167,PMS - Número-índice (2022=100),Número-índice,11046,15,N3,Unidade da Federação,Pará,202304,99.14807,91.17797
7167,PMS - Número-índice (2022=100),Número-índice,11046,15,N3,Unidade da Federação,Pará,202305,105.40133,103.13677
7167,PMS - Número-índice (2022=100),Número-índice,11046,15,N3,Unidade da Federação,Pará,202306,115.49821,108.30563
7167,PMS - Número-índice (2022=100),Número-índice,11046,15,N3,Unidade da Federação,Pará,202307,123.26111,112.07119
7167,PMS - Número-índice (2022=100),Número-índice,11046,15,N3,Unidade da Federação,Pará,202308,117.91735,116.67327
7167,PMS - Número-índice (2022=100),Número-índice,11046,15,N3,Unidade da Federação,Pará,202309,122.33828,112.24041
7167,PMS - Número-índice (2022=100),Número-índice,11046,15,N3,Unidade da Federação,Pará,202310,125.95535,106.42466
7167,PMS - Número-índice (2022=100),Número-índice,11046,15,N3,Unidade da Federação,Pará,202311,127.36245,103.29338
7167,PMS - Número-índice (2022=100),Número-índice,11046,15,N3,Unidade da Federação,Pará,202312,141.53089,109.73787
7167,PMS - Número-índice (2022=100),Número-índice,11046,15,N3,Unidade da Federação,Pará,202401,120.76319,99.10417
7167,PMS - Número-índice (2022=100),Número-índice,11046,15,N3,Unidade da Federação,Pará,202402,111.87700,97.66358
7167,PMS - Número-índice (2022=100),Número-índice,11046,15,N3,Unidade da Federação,Pará,202403,115.33239,101.21195
7167,PMS - Número-índice (2022=100),Número-índice,11046,15,N3,Unidade da Federação,Pará,202404,114.54695,106.29495
7167,PMS - Número-índice (2022=100),Número-índice,11046,15,N3,Unidade da Federação,Pará,202405,124.41886,113.85417
7167,PMS - Número-índice (2022=100),Número-índice,11046,15,N3,Unidade da Federação,Pará,202406,123.73283,117.57407
7167,PMS - Número-índice (2022=100),Número-índice,11046,15,N3,Unidade da Federação,Pará,202407,146.11275,131.37923
7167,PMS - Número-índice (2022=100),Número-índice,11046,15,N3,Unidade da Federação,Pará,202408,134.59479,121.28867
7167,PMS - Número-índice (2022=100),Número-índice,11046,15,N3,Unidade da Federação,Pará,202409,128.32436,116.88904
7167,PMS - Número-índice (2022=100),Número-índice,11046,23,N3,Unidade da Federação,Ceará,201101,50.12370,98.34826
7167,PMS - Número-índice (2022=100),Número-índice,11046,23,N3,Unidade da Federação,Ceará,201102,35.14271,72.96334
7167,PMS - Número-índice (2022=100),Número-índice,11046,23,N3,Unidade da Federação,Ceará,201103,38.18146,74.28424
7167,PMS - Número-índice (2022=100),Número-índice,11046,23,N3,Unidade da Federação,Ceará,201104,36.59905,72.45917
7167,PMS - Número-índice (2022=100),Número-índice,11046,23,N3,Unidade da Federação,Ceará,201105,35.09199,71.28419
7167,PMS - Número-índice (2022=100),Número-índice,11046,23,N3,Unidade da Federação,Ceará,201106,35.13629,68.67202
7167,PMS - Número-índice (2022=100),Número-índice,11046,23,N3,Unidade da Federação,Ceará,201107,47.17640,88.53121
7167,PMS - Número-índice (2022=100),Número-índice,11046,23,N3,Unidade da Federação,Ceará,201108,41.45374,78.16154
7167,PMS - Número-índice (2022=100),Número-índice,11046,23,N3,Unidade da Federação,Ceará,201109,39.83733,72.07167
7167,PMS - Número-índice (2022=100),Número-índice,11046,23,N3,Unidade da Federação,Ceará,201110,43.70053,76.65546
7167,PMS - Número-índice (2022=100),Número-índice,11046,23,N3,Unidade da Federação,Ceará,201111,42.66567,72.55497
7167,PMS - Número-índice (2022=100),Número-índice,11046,23,N3,Unidade da Federação,Ceará,201112,47.78336,80.89649
7167,PMS - Número-índice (2022=100),Número-índice,11046,23,N3,Unidade da Federação,Ceará,201201,58.98804,94.97355
7167,PMS - Número-índice (2022=100),Número-índice,11046,23,N3,Unidade da Federação,Ceará,201202,43.43033,72.64214
7167,PMS - Número-índice (2022=100),Número-índice,11046,23,N3,Unidade da Federação,Ceará,201203,42.91517,73.26804
7167,PMS - Número-índice (2022=100),Número-índice,11046,23,N3,Unidade da Federação,Ceará,201204,41.92735,71.13712
7167,PMS - Número-índice (2022=100),Número-índice,11046,23,N3,Unidade da Federação,Ceará,201205,40.59289,71.04294
7167,PMS - Número-índice (2022=100),Número-índice,11046,23,N3,Unidade da Federação,Ceará,201206,40.63506,69.10319
7167,PMS - Número-índice (2022=100),Número-índice,11046,23,N3,Unidade da Federação,Ceará,201207,52.60342,85.60520
7167,PMS - Número-índice (2022=100),Número-índice,11046,23,N3,Unidade da Federação,Ceará,201208,44.97009,74.62255
7167,PMS - Número-índice (2022=100),Número-índice,11046,23,N3,Unidade da Federação,Ceará,201209,44.26832,75.02507
7167,PMS - Número-índice (2022=100),Número-índice,11046,23,N3,Unidade da Federação,Ceará,201210,46.50144,80.15265
7167,PMS - Número-índice (2022=100),Número-índice,11046,23,N3,Unidade da Federação,Ceará,201211,50.90239,82.99363
7167,PMS - Número-índice (2022=100),Número-índice,11046,23,N3,Unidade da Federação,Ceará,201212,56.28667,87.22079
7167,PMS - Número-índice (2022=100),Número-índice,11046,23,N3,Unidade da Federação,Ceará,201301,62.77491,89.64841
7167,PMS - Número-índice (2022=100),Número-índice,11046,23,N3,Unidade da Federação,Ceará,201302,46.11480,69.58565
7167,PMS - Número-índice (2022=100),Número-índice,11046,23,N3,Unidade da Federação,Ceará,201303,48.02949,74.95900
7167,PMS - Número-índice (2022=100),Número-índice,11046,23,N3,Unidade da Federação,Ceará,201304,45.91628,77.31735
7167,PMS - Número-índice (2022=100),Número-índice,11046,23,N3,Unidade da Federação,Ceará,201305,48.98326,83.02445
7167,PMS - Número-índice (2022=100),Número-índice,11046,23,N3,Unidade da Federação,Ceará,201306,52.01749,84.45062
7167,PMS - Número-índice (2022=100),Número-índice,11046,23,N3,Unidade da Federação,Ceará,201307,62.48378,101.84151
7167,PMS - Número-índice (2022=100),Número-índice,11046,23,N3,Unidade da Federação,Ceará,201308,54.81111,93.39332
7167,PMS - Número-índice (2022=100),Número-índice,11046,23,N3,Unidade da Federação,Ceará,201309,52.29816,86.60091
7167,PMS - Número-índice (2022=100),Número-índice,11046,23,N3,Unidade da Federação,Ceará,201310,56.55952,93.85726
7167,PMS - Número-índice (2022=100),Número-índice,11046,23,N3,Unidade da Federação,Ceará,201311,57.31698,91.11721
7167,PMS - Número-índice (2022=100),Número-índice,11046,23,N3,Unidade da Federação,Ceará,201312,63.75042,94.51391
7167,PMS - Número-índice (2022=100),Número-índice,11046,23,N3,Unidade da Federação,Ceará,201401,74.76178,110.41351
7167,PMS - Número-índice (2022=100),Número-índice,11046,23,N3,Unidade da Federação,Ceará,201402,56.63226,94.00437
7167,PMS - Número-índice (2022=100),Número-índice,11046,23,N3,Unidade da Federação,Ceará,201403,60.11075,92.98265
7167,PMS - Número-índice (2022=100),Número-índice,11046,23,N3,Unidade da Federação,Ceará,201404,58.13804,92.63201
7167,PMS - Número-índice (2022=100),Número-índice,11046,23,N3,Unidade da Federação,Ceará,201405,54.58035,92.94568
7167,PMS - Número-índice (2022=100),Número-índice,11046,23,N3,Unidade da Federação,Ceará,201406,59.19966,95.01651
7167,PMS - Número-índice (2022=100),Número-índice,11046,23,N3,Unidade da Federação,Ceará,201407,68.01181,115.79345
7167,PMS - Número-índice (2022=100),Número-índice,11046,23,N3,Unidade da Federação,Ceará,201408,64.71434,103.07735
7167,PMS - Número-índice (2022=100),Número-índice,11046,23,N3,Unidade da Federação,Ceará,201409,66.03154,98.53256
7167,PMS - Número-índice (2022=100),Número-índice,11046,23,N3,Unidade da Federação,Ceará,201410,65.16667,99.29115
7167,PMS - Número-índice (2022=100),Número-índice,11046,23,N3,Unidade da Federação,Ceará,201411,66.70230,101.44223
7167,PMS - Número-índice (2022=100),Número-índice,11046,23,N3,Unidade da Federação,Ceará,201412,75.09310,104.19165
7167,PMS - Número-índice (2022=100),Número-índice,11046,23,N3,Unidade da Federação,Ceará,201501,81.60205,107.84033
7167,PMS - Número-índice (2022=100),Número-índice,11046,23,N3,Unidade da Federação,Ceará,201502,60.43026,85.67944
7167,PMS - Número-índice (2022=100),Número-índice,11046,23,N3,Unidade da Federação,Ceará,201503,58.13848,86.87964
7167,PMS - Número-índice (2022=100),Número-índice,11046,23,N3,Unidade da Federação,Ceará,201504,59.77907,90.47970
7167,PMS - Número-índice (2022=100),Número-índice,11046,23,N3,Unidade da Federação,Ceará,201505,59.61378,92.99323
7167,PMS - Número-índice (2022=100),Número-índice,11046,23,N3,Unidade da Federação,Ceará,201506,59.57065,84.99387
7167,PMS - Número-índice (2022=100),Número-índice,11046,23,N3,Unidade da Federação,Ceará,201507,76.11367,106.73930
7167,PMS - Número-índice (2022=100),Número-índice,11046,23,N3,Unidade da Federação,Ceará,201508,68.41257,104.05693
7167,PMS - Número-índice (2022=100),Número-índice,11046,23,N3,Unidade da Federação,Ceará,201509,64.69024,95.44168
7167,PMS - Número-índice (2022=100),Número-índice,11046,23,N3,Unidade da Federação,Ceará,201510,66.74712,99.08570
7167,PMS - Número-índice (2022=100),Número-índice,11046,23,N3,Unidade da Federação,Ceará,201511,64.50794,97.89961
7167,PMS - Número-índice (2022=100),Número-índice,11046,23,N3,Unidade da Federação,Ceará,201512,73.59295,99.57183
7167,PMS - Número-índice (2022=100),Número-índice,11046,23,N3,Unidade da Federação,Ceará,201601,81.26998,109.69123
7167,PMS - Número-índice (2022=100),Número-índice,11046,23,N3,Unidade da Federação,Ceará,201602,61.32654,90.23412
7167,PMS - Número-índice (2022=100),Número-índice,11046,23,N3,Unidade da Federação,Ceará,201603,60.26919,87.50649
7167,PMS - Número-índice (2022=100),Número-índice,11046,23,N3,Unidade da Federação,Ceará,201604,58.04650,86.02416
7167,PMS - Número-índice (2022=100),Número-índice,11046,23,N3,Unidade da Federação,Ceará,201605,58.46468,86.76528
7167,PMS - Número-índice (2022=100),Número-índice,11046,23,N3,Unidade da Federação,Ceará,201606,57.53788,86.38820
7167,PMS - Número-índice (2022=100),Número-índice,11046,23,N3,Unidade da Federação,Ceará,201607,69.48656,101.56192
7167,PMS - Número-índice (2022=100),Número-índice,11046,23,N3,Unidade da Federação,Ceará,201608,61.54123,92.39388
7167,PMS - Número-índice (2022=100),Número-índice,11046,23,N3,Unidade da Federação,Ceará,201609,58.55736,91.13439
7167,PMS - Número-índice (2022=100),Número-índice,11046,23,N3,Unidade da Federação,Ceará,201610,60.30078,91.04167
7167,PMS - Número-índice (2022=100),Número-índice,11046,23,N3,Unidade da Federação,Ceará,201611,60.66607,93.68611
7167,PMS - Número-índice (2022=100),Número-índice,11046,23,N3,Unidade da Federação,Ceará,201612,62.29997,88.73608
7167,PMS - Número-índice (2022=100),Número-índice,11046,23,N3,Unidade da Federação,Ceará,201701,85.37885,111.39019
7167,PMS - Número-índice (2022=100),Número-índice,11046,23,N3,Unidade da Federação,Ceará,201702,68.19372,88.16980
7167,PMS - Número-índice (2022=100),Número-índice,11046,23,N3,Unidade da Federação,Ceará,201703,66.83648,89.43523
7167,PMS - Número-índice (2022=100),Número-índice,11046,23,N3,Unidade da Federação,Ceará,201704,63.30581,83.13111
7167,PMS - Número-índice (2022=100),Número-índice,11046,23,N3,Unidade da Federação,Ceará,201705,63.84995,86.50397
7167,PMS - Número-índice (2022=100),Número-índice,11046,23,N3,Unidade da Federação,Ceará,201706,64.65490,86.61750
7167,PMS - Número-índice (2022=100),Número-índice,11046,23,N3,Unidade da Federação,Ceará,201707,81.50786,108.69940
7167,PMS - Número-índice (2022=100),Número-índice,11046,23,N3,Unidade da Federação,Ceará,201708,67.26058,92.04678
7167,PMS - Número-índice (2022=100),Número-índice,11046,23,N3,Unidade da Federação,Ceará,201709,66.77016,88.44467
7167,PMS - Número-índice (2022=100),Número-índice,11046,23,N3,Unidade da Federação,Ceará,201710,69.07107,88.92022
7167,PMS - Número-índice (2022=100),Número-índice,11046,23,N3,Unidade da Federação,Ceará,201711,69.99598,92.35428
7167,PMS - Número-índice (2022=100),Número-índice,11046,23,N3,Unidade da Federação,Ceará,201712,80.23181,99.33657
7167,PMS - Número-índice (2022=100),Número-índice,11046,23,N3,Unidade da Federação,Ceará,201801,90.98480,108.46629
7167,PMS - Número-índice (2022=100),Número-índice,11046,23,N3,Unidade da Federação,Ceará,201802,67.58232,83.07875
7167,PMS - Número-índice (2022=100),Número-índice,11046,23,N3,Unidade da Federação,Ceará,201803,69.49495,89.66503
7167,PMS - Número-índice (2022=100),Número-índice,11046,23,N3,Unidade da Federação,Ceará,201804,66.00664,85.30551
7167,PMS - Número-índice (2022=100),Número-índice,11046,23,N3,Unidade da Federação,Ceará,201805,66.21671,87.49900
7167,PMS - Número-índice (2022=100),Número-índice,11046,23,N3,Unidade da Federação,Ceará,201806,65.98874,85.05546
7167,PMS - Número-índice (2022=100),Número-índice,11046,23,N3,Unidade da Federação,Ceará,201807,94.82863,113.42444
7167,PMS - Número-índice (2022=100),Número-índice,11046,23,N3,Unidade da Federação,Ceará,201808,89.66264,111.21873
7167,PMS - Número-índice (2022=100),Número-índice,11046,23,N3,Unidade da Federação,Ceará,201809,81.11405,100.36752
7167,PMS - Número-índice (2022=100),Número-índice,11046,23,N3,Unidade da Federação,Ceará,201810,82.86242,103.51009
7167,PMS - Número-índice (2022=100),Número-índice,11046,23,N3,Unidade da Federação,Ceará,201811,86.06075,108.04992
7167,PMS - Número-índice (2022=100),Número-índice,11046,23,N3,Unidade da Federação,Ceará,201812,95.51485,112.73003
7167,PMS - Número-índice (2022=100),Número-índice,11046,23,N3,Unidade da Federação,Ceará,201901,101.85608,117.99585
7167,PMS - Número-índice (2022=100),Número-índice,11046,23,N3,Unidade da Federação,Ceará,201902,76.07939,94.09324
7167,PMS - Número-índice (2022=100),Número-índice,11046,23,N3,Unidade da Federação,Ceará,201903,79.68656,98.99617
7167,PMS - Número-índice (2022=100),Número-índice,11046,23,N3,Unidade da Federação,Ceará,201904,71.69187,88.88672
7167,PMS - Número-índice (2022=100),Número-índice,11046,23,N3,Unidade da Federação,Ceará,201905,75.90569,98.12194
7167,PMS - Número-índice (2022=100),Número-índice,11046,23,N3,Unidade da Federação,Ceará,201906,77.58180,94.32425
7167,PMS - Número-índice (2022=100),Número-índice,11046,23,N3,Unidade da Federação,Ceará,201907,98.02228,115.80274
7167,PMS - Número-índice (2022=100),Número-índice,11046,23,N3,Unidade da Federação,Ceará,201908,85.02931,104.53873
7167,PMS - Número-índice (2022=100),Número-índice,11046,23,N3,Unidade da Federação,Ceará,201909,84.12154,102.50869
7167,PMS - Número-índice (2022=100),Número-índice,11046,23,N3,Unidade da Federação,Ceará,201910,84.00591,106.08369
7167,PMS - Número-índice (2022=100),Número-índice,11046,23,N3,Unidade da Federação,Ceará,201911,89.45237,109.88861
7167,PMS - Número-índice (2022=100),Número-índice,11046,23,N3,Unidade da Federação,Ceará,201912,100.90405,114.19687
7167,PMS - Número-índice (2022=100),Número-índice,11046,23,N3,Unidade da Federação,Ceará,202001,107.11309,122.07223
7167,PMS - Número-índice (2022=100),Número-índice,11046,23,N3,Unidade da Federação,Ceará,202002,82.24301,94.40556
7167,PMS - Número-índice (2022=100),Número-índice,11046,23,N3,Unidade da Federação,Ceará,202003,54.56471,65.72027
7167,PMS - Número-índice (2022=100),Número-índice,11046,23,N3,Unidade da Federação,Ceará,202004,20.61655,24.62992
7167,PMS - Número-índice (2022=100),Número-índice,11046,23,N3,Unidade da Federação,Ceará,202005,19.69380,24.29457
7167,PMS - Número-índice (2022=100),Número-índice,11046,23,N3,Unidade da Federação,Ceará,202006,23.65259,28.96124
7167,PMS - Número-índice (2022=100),Número-índice,11046,23,N3,Unidade da Federação,Ceará,202007,32.68017,40.14856
7167,PMS - Número-índice (2022=100),Número-índice,11046,23,N3,Unidade da Federação,Ceará,202008,42.98362,53.25236
7167,PMS - Número-índice (2022=100),Número-índice,11046,23,N3,Unidade da Federação,Ceará,202009,47.54327,59.07052
7167,PMS - Número-índice (2022=100),Número-índice,11046,23,N3,Unidade da Federação,Ceará,202010,58.18736,68.56755
7167,PMS - Número-índice (2022=100),Número-índice,11046,23,N3,Unidade da Federação,Ceará,202011,64.01697,75.11978
7167,PMS - Número-índice (2022=100),Número-índice,11046,23,N3,Unidade da Federação,Ceará,202012,71.31675,78.54804
7167,PMS - Número-índice (2022=100),Número-índice,11046,23,N3,Unidade da Federação,Ceará,202101,75.66461,87.04177
7167,PMS - Número-índice (2022=100),Número-índice,11046,23,N3,Unidade da Federação,Ceará,202102,48.32716,55.40068
7167,PMS - Número-índice (2022=100),Número-índice,11046,23,N3,Unidade da Federação,Ceará,202103,35.44350,42.30247
7167,PMS - Número-índice (2022=100),Número-índice,11046,23,N3,Unidade da Federação,Ceará,202104,31.76317,36.37766
7167,PMS - Número-índice (2022=100),Número-índice,11046,23,N3,Unidade da Federação,Ceará,202105,41.14181,52.49494
7167,PMS - Número-índice (2022=100),Número-índice,11046,23,N3,Unidade da Federação,Ceará,202106,48.27873,64.88345
7167,PMS - Número-índice (2022=100),Número-índice,11046,23,N3,Unidade da Federação,Ceará,202107,73.62811,87.86607
7167,PMS - Número-índice (2022=100),Número-índice,11046,23,N3,Unidade da Federação,Ceará,202108,70.16504,84.42983
7167,PMS - Número-índice (2022=100),Número-índice,11046,23,N3,Unidade da Federação,Ceará,202109,77.13003,82.99351
7167,PMS - Número-índice (2022=100),Número-índice,11046,23,N3,Unidade da Federação,Ceará,202110,88.91652,91.01561
7167,PMS - Número-índice (2022=100),Número-índice,11046,23,N3,Unidade da Federação,Ceará,202111,93.37761,97.26923
7167,PMS - Número-índice (2022=100),Número-índice,11046,23,N3,Unidade da Federação,Ceará,202112,94.61559,96.07248
7167,PMS - Número-índice (2022=100),Número-índice,11046,23,N3,Unidade da Federação,Ceará,202201,100.91100,104.85693
7167,PMS - Número-índice (2022=100),Número-índice,11046,23,N3,Unidade da Federação,Ceará,202202,75.03888,79.23845
7167,PMS - Número-índice (2022=100),Número-índice,11046,23,N3,Unidade da Federação,Ceará,202203,82.35780,88.69639
7167,PMS - Número-índice (2022=100),Número-índice,11046,23,N3,Unidade da Federação,Ceará,202204,79.87080,85.93579
7167,PMS - Número-índice (2022=100),Número-índice,11046,23,N3,Unidade da Federação,Ceará,202205,92.12208,94.53448
7167,PMS - Número-índice (2022=100),Número-índice,11046,23,N3,Unidade da Federação,Ceará,202206,92.50965,92.91190
7167,PMS - Número-índice (2022=100),Número-índice,11046,23,N3,Unidade da Federação,Ceará,202207,126.67102,121.41520
7167,PMS - Número-índice (2022=100),Número-índice,11046,23,N3,Unidade da Federação,Ceará,202208,108.51707,106.86335
7167,PMS - Número-índice (2022=100),Número-índice,11046,23,N3,Unidade da Federação,Ceará,202209,101.27184,101.57240
7167,PMS - Número-índice (2022=100),Número-índice,11046,23,N3,Unidade da Federação,Ceará,202210,111.23819,104.89189
7167,PMS - Número-índice (2022=100),Número-índice,11046,23,N3,Unidade da Federação,Ceará,202211,110.29419,105.87215
7167,PMS - Número-índice (2022=100),Número-índice,11046,23,N3,Unidade da Federação,Ceará,202212,119.19748,113.21106
7167,PMS - Número-índice (2022=100),Número-índice,11046,23,N3,Unidade da Federação,Ceará,202301,142.30508,129.84147
7167,PMS - Número-índice (2022=100),Número-índice,11046,23,N3,Unidade da Federação,Ceará,202302,90.63532,90.03491
7167,PMS - Número-índice (2022=100),Número-índice,11046,23,N3,Unidade da Federação,Ceará,202303,90.39118,94.25645
7167,PMS - Número-índice (2022=100),Número-índice,11046,23,N3,Unidade da Federação,Ceará,202304,87.19594,86.07173
7167,PMS - Número-índice (2022=100),Número-índice,11046,23,N3,Unidade da Federação,Ceará,202305,89.39363,91.48551
7167,PMS - Número-índice (2022=100),Número-índice,11046,23,N3,Unidade da Federação,Ceará,202306,88.63416,83.83310
7167,PMS - Número-índice (2022=100),Número-índice,11046,23,N3,Unidade da Federação,Ceará,202307,125.39870,115.21130
7167,PMS - Número-índice (2022=100),Número-índice,11046,23,N3,Unidade da Federação,Ceará,202308,103.25594,99.97248
7167,PMS - Número-índice (2022=100),Número-índice,11046,23,N3,Unidade da Federação,Ceará,202309,100.41272,94.71632
7167,PMS - Número-índice (2022=100),Número-índice,11046,23,N3,Unidade da Federação,Ceará,202310,108.17066,93.04712
7167,PMS - Número-índice (2022=100),Número-índice,11046,23,N3,Unidade da Federação,Ceará,202311,107.28791,86.06995
7167,PMS - Número-índice (2022=100),Número-índice,11046,23,N3,Unidade da Federação,Ceará,202312,122.73156,99.77186
7167,PMS - Número-índice (2022=100),Número-índice,11046,23,N3,Unidade da Federação,Ceará,202401,149.13299,123.00077
7167,PMS - Número-índice (2022=100),Número-índice,11046,23,N3,Unidade da Federação,Ceará,202402,98.93184,86.04714
7167,PMS - Número-índice (2022=100),Número-índice,11046,23,N3,Unidade da Federação,Ceará,202403,97.89798,86.05965
7167,PMS - Número-índice (2022=100),Número-índice,11046,23,N3,Unidade da Federação,Ceará,202404,93.84683,88.63899
7167,PMS - Número-índice (2022=100),Número-índice,11046,23,N3,Unidade da Federação,Ceará,202405,98.68347,92.87523
7167,PMS - Número-índice (2022=100),Número-índice,11046,23,N3,Unidade da Federação,Ceará,202406,102.25127,95.89812
7167,PMS - Número-índice (2022=100),Número-índice,11046,23,N3,Unidade da Federação,Ceará,202407,141.69404,120.41446
7167,PMS - Número-índice (2022=100),Número-índice,11046,23,N3,Unidade da Federação,Ceará,202408,118.38661,106.43732
7167,PMS - Número-índice (2022=100),Número-índice,11046,23,N3,Unidade da Federação,Ceará,202409,119.10555,104.27935
7167,PMS - Número-índice (2022=100),Número-índice,11046,24,N3,Unidade da Federação,Rio Grande do Norte,201101,81.88752,131.90131
7167,PMS - Número-índice (2022=100),Número-índice,11046,24,N3,Unidade da Federação,Rio Grande do Norte,201102,56.66581,97.81175
7167,PMS - Número-índice (2022=100),Número-índice,11046,24,N3,Unidade da Federação,Rio Grande do Norte,201103,57.89312,93.66564
7167,PMS - Número-índice (2022=100),Número-índice,11046,24,N3,Unidade da Federação,Rio Grande do Norte,201104,50.01374,83.00192
7167,PMS - Número-índice (2022=100),Número-índice,11046,24,N3,Unidade da Federação,Rio Grande do Norte,201105,45.30118,77.34940
7167,PMS - Número-índice (2022=100),Número-índice,11046,24,N3,Unidade da Federação,Rio Grande do Norte,201106,49.07742,80.39950
7167,PMS - Número-índice (2022=100),Número-índice,11046,24,N3,Unidade da Federação,Rio Grande do Norte,201107,65.47848,101.41110
7167,PMS - Número-índice (2022=100),Número-índice,11046,24,N3,Unidade da Federação,Rio Grande do Norte,201108,53.96465,84.50095
7167,PMS - Número-índice (2022=100),Número-índice,11046,24,N3,Unidade da Federação,Rio Grande do Norte,201109,53.74621,81.26215
7167,PMS - Número-índice (2022=100),Número-índice,11046,24,N3,Unidade da Federação,Rio Grande do Norte,201110,60.03428,87.55593
7167,PMS - Número-índice (2022=100),Número-índice,11046,24,N3,Unidade da Federação,Rio Grande do Norte,201111,59.90191,85.16025
7167,PMS - Número-índice (2022=100),Número-índice,11046,24,N3,Unidade da Federação,Rio Grande do Norte,201112,71.59406,101.06499
7167,PMS - Número-índice (2022=100),Número-índice,11046,24,N3,Unidade da Federação,Rio Grande do Norte,201201,88.35437,114.73946
7167,PMS - Número-índice (2022=100),Número-índice,11046,24,N3,Unidade da Federação,Rio Grande do Norte,201202,65.46628,89.90535
7167,PMS - Número-índice (2022=100),Número-índice,11046,24,N3,Unidade da Federação,Rio Grande do Norte,201203,60.37268,86.10631
7167,PMS - Número-índice (2022=100),Número-índice,11046,24,N3,Unidade da Federação,Rio Grande do Norte,201204,57.30122,81.46401
7167,PMS - Número-índice (2022=100),Número-índice,11046,24,N3,Unidade da Federação,Rio Grande do Norte,201205,54.18195,79.52589
7167,PMS - Número-índice (2022=100),Número-índice,11046,24,N3,Unidade da Federação,Rio Grande do Norte,201206,54.01061,77.07344
7167,PMS - Número-índice (2022=100),Número-índice,11046,24,N3,Unidade da Federação,Rio Grande do Norte,201207,70.80597,94.65986
7167,PMS - Número-índice (2022=100),Número-índice,11046,24,N3,Unidade da Federação,Rio Grande do Norte,201208,57.16247,79.29241
7167,PMS - Número-índice (2022=100),Número-índice,11046,24,N3,Unidade da Federação,Rio Grande do Norte,201209,57.06539,80.94449
7167,PMS - Número-índice (2022=100),Número-índice,11046,24,N3,Unidade da Federação,Rio Grande do Norte,201210,66.56704,96.37442
7167,PMS - Número-índice (2022=100),Número-índice,11046,24,N3,Unidade da Federação,Rio Grande do Norte,201211,67.57416,91.99325
7167,PMS - Número-índice (2022=100),Número-índice,11046,24,N3,Unidade da Federação,Rio Grande do Norte,201212,81.86529,105.69730
7167,PMS - Número-índice (2022=100),Número-índice,11046,24,N3,Unidade da Federação,Rio Grande do Norte,201301,95.90058,111.00818
7167,PMS - Número-índice (2022=100),Número-índice,11046,24,N3,Unidade da Federação,Rio Grande do Norte,201302,70.82929,88.79141
7167,PMS - Número-índice (2022=100),Número-índice,11046,24,N3,Unidade da Federação,Rio Grande do Norte,201303,70.66678,92.30394
7167,PMS - Número-índice (2022=100),Número-índice,11046,24,N3,Unidade da Federação,Rio Grande do Norte,201304,62.38052,88.69846
7167,PMS - Número-índice (2022=100),Número-índice,11046,24,N3,Unidade da Federação,Rio Grande do Norte,201305,61.74612,88.21817
7167,PMS - Número-índice (2022=100),Número-índice,11046,24,N3,Unidade da Federação,Rio Grande do Norte,201306,62.30073,84.60074
7167,PMS - Número-índice (2022=100),Número-índice,11046,24,N3,Unidade da Federação,Rio Grande do Norte,201307,83.49845,113.05836
7167,PMS - Número-índice (2022=100),Número-índice,11046,24,N3,Unidade da Federação,Rio Grande do Norte,201308,73.45574,105.29178
7167,PMS - Número-índice (2022=100),Número-índice,11046,24,N3,Unidade da Federação,Rio Grande do Norte,201309,72.61625,101.63926
7167,PMS - Número-índice (2022=100),Número-índice,11046,24,N3,Unidade da Federação,Rio Grande do Norte,201310,77.86845,109.48852
7167,PMS - Número-índice (2022=100),Número-índice,11046,24,N3,Unidade da Federação,Rio Grande do Norte,201311,80.45337,108.39336
7167,PMS - Número-índice (2022=100),Número-índice,11046,24,N3,Unidade da Federação,Rio Grande do Norte,201312,88.55537,110.46561
7167,PMS - Número-índice (2022=100),Número-índice,11046,24,N3,Unidade da Federação,Rio Grande do Norte,201401,112.21586,136.09437
7167,PMS - Número-índice (2022=100),Número-índice,11046,24,N3,Unidade da Federação,Rio Grande do Norte,201402,80.96419,113.33191
7167,PMS - Número-índice (2022=100),Número-índice,11046,24,N3,Unidade da Federação,Rio Grande do Norte,201403,82.12501,107.07259
7167,PMS - Número-índice (2022=100),Número-índice,11046,24,N3,Unidade da Federação,Rio Grande do Norte,201404,77.57574,104.28314
7167,PMS - Número-índice (2022=100),Número-índice,11046,24,N3,Unidade da Federação,Rio Grande do Norte,201405,75.50029,108.64409
7167,PMS - Número-índice (2022=100),Número-índice,11046,24,N3,Unidade da Federação,Rio Grande do Norte,201406,78.89068,104.76184
7167,PMS - Número-índice (2022=100),Número-índice,11046,24,N3,Unidade da Federação,Rio Grande do Norte,201407,77.01848,107.03562
7167,PMS - Número-índice (2022=100),Número-índice,11046,24,N3,Unidade da Federação,Rio Grande do Norte,201408,73.37635,97.57092
7167,PMS - Número-índice (2022=100),Número-índice,11046,24,N3,Unidade da Federação,Rio Grande do Norte,201409,75.98147,95.93917
7167,PMS - Número-índice (2022=100),Número-índice,11046,24,N3,Unidade da Federação,Rio Grande do Norte,201410,77.52851,100.35540
7167,PMS - Número-índice (2022=100),Número-índice,11046,24,N3,Unidade da Federação,Rio Grande do Norte,201411,79.50359,102.58361
7167,PMS - Número-índice (2022=100),Número-índice,11046,24,N3,Unidade da Federação,Rio Grande do Norte,201412,98.20239,114.78961
7167,PMS - Número-índice (2022=100),Número-índice,11046,24,N3,Unidade da Federação,Rio Grande do Norte,201501,120.83875,133.87699
7167,PMS - Número-índice (2022=100),Número-índice,11046,24,N3,Unidade da Federação,Rio Grande do Norte,201502,80.83961,96.77306
7167,PMS - Número-índice (2022=100),Número-índice,11046,24,N3,Unidade da Federação,Rio Grande do Norte,201503,79.91054,101.85026
7167,PMS - Número-índice (2022=100),Número-índice,11046,24,N3,Unidade da Federação,Rio Grande do Norte,201504,76.56868,98.82396
7167,PMS - Número-índice (2022=100),Número-índice,11046,24,N3,Unidade da Federação,Rio Grande do Norte,201505,69.32259,92.48654
7167,PMS - Número-índice (2022=100),Número-índice,11046,24,N3,Unidade da Federação,Rio Grande do Norte,201506,69.13229,86.15621
7167,PMS - Número-índice (2022=100),Número-índice,11046,24,N3,Unidade da Federação,Rio Grande do Norte,201507,87.83675,107.39780
7167,PMS - Número-índice (2022=100),Número-índice,11046,24,N3,Unidade da Federação,Rio Grande do Norte,201508,80.46892,106.93021
7167,PMS - Número-índice (2022=100),Número-índice,11046,24,N3,Unidade da Federação,Rio Grande do Norte,201509,74.00411,95.70251
7167,PMS - Número-índice (2022=100),Número-índice,11046,24,N3,Unidade da Federação,Rio Grande do Norte,201510,82.78928,108.64397
7167,PMS - Número-índice (2022=100),Número-índice,11046,24,N3,Unidade da Federação,Rio Grande do Norte,201511,80.19066,107.10580
7167,PMS - Número-índice (2022=100),Número-índice,11046,24,N3,Unidade da Federação,Rio Grande do Norte,201512,96.58353,113.62247
7167,PMS - Número-índice (2022=100),Número-índice,11046,24,N3,Unidade da Federação,Rio Grande do Norte,201601,123.28332,142.81771
7167,PMS - Número-índice (2022=100),Número-índice,11046,24,N3,Unidade da Federação,Rio Grande do Norte,201602,90.20905,114.43796
7167,PMS - Número-índice (2022=100),Número-índice,11046,24,N3,Unidade da Federação,Rio Grande do Norte,201603,78.92887,100.20078
7167,PMS - Número-índice (2022=100),Número-índice,11046,24,N3,Unidade da Federação,Rio Grande do Norte,201604,71.02844,92.87975
7167,PMS - Número-índice (2022=100),Número-índice,11046,24,N3,Unidade da Federação,Rio Grande do Norte,201605,67.00541,87.71950
7167,PMS - Número-índice (2022=100),Número-índice,11046,24,N3,Unidade da Federação,Rio Grande do Norte,201606,66.21887,89.36192
7167,PMS - Número-índice (2022=100),Número-índice,11046,24,N3,Unidade da Federação,Rio Grande do Norte,201607,89.56022,115.27113
7167,PMS - Número-índice (2022=100),Número-índice,11046,24,N3,Unidade da Federação,Rio Grande do Norte,201608,74.25627,98.72875
7167,PMS - Número-índice (2022=100),Número-índice,11046,24,N3,Unidade da Federação,Rio Grande do Norte,201609,72.36445,98.88030
7167,PMS - Número-índice (2022=100),Número-índice,11046,24,N3,Unidade da Federação,Rio Grande do Norte,201610,88.25036,116.19408
7167,PMS - Número-índice (2022=100),Número-índice,11046,24,N3,Unidade da Federação,Rio Grande do Norte,201611,83.78853,113.32812
7167,PMS - Número-índice (2022=100),Número-índice,11046,24,N3,Unidade da Federação,Rio Grande do Norte,201612,99.22036,122.00092
7167,PMS - Número-índice (2022=100),Número-índice,11046,24,N3,Unidade da Federação,Rio Grande do Norte,201701,128.02575,155.29441
7167,PMS - Número-índice (2022=100),Número-índice,11046,24,N3,Unidade da Federação,Rio Grande do Norte,201702,97.77635,122.04983
7167,PMS - Número-índice (2022=100),Número-índice,11046,24,N3,Unidade da Federação,Rio Grande do Norte,201703,92.99498,121.05296
7167,PMS - Número-índice (2022=100),Número-índice,11046,24,N3,Unidade da Federação,Rio Grande do Norte,201704,72.50702,89.23174
7167,PMS - Número-índice (2022=100),Número-índice,11046,24,N3,Unidade da Federação,Rio Grande do Norte,201705,69.42803,86.30128
7167,PMS - Número-índice (2022=100),Número-índice,11046,24,N3,Unidade da Federação,Rio Grande do Norte,201706,65.99523,79.94532
7167,PMS - Número-índice (2022=100),Número-índice,11046,24,N3,Unidade da Federação,Rio Grande do Norte,201707,84.61222,104.63768
7167,PMS - Número-índice (2022=100),Número-índice,11046,24,N3,Unidade da Federação,Rio Grande do Norte,201708,70.82129,88.21958
7167,PMS - Número-índice (2022=100),Número-índice,11046,24,N3,Unidade da Federação,Rio Grande do Norte,201709,66.42107,82.00403
7167,PMS - Número-índice (2022=100),Número-índice,11046,24,N3,Unidade da Federação,Rio Grande do Norte,201710,69.94475,83.29213
7167,PMS - Número-índice (2022=100),Número-índice,11046,24,N3,Unidade da Federação,Rio Grande do Norte,201711,70.38513,85.87296
7167,PMS - Número-índice (2022=100),Número-índice,11046,24,N3,Unidade da Federação,Rio Grande do Norte,201712,89.67252,104.17409
7167,PMS - Número-índice (2022=100),Número-índice,11046,24,N3,Unidade da Federação,Rio Grande do Norte,201801,102.92417,122.40249
7167,PMS - Número-índice (2022=100),Número-índice,11046,24,N3,Unidade da Federação,Rio Grande do Norte,201802,76.03515,94.36051
7167,PMS - Número-índice (2022=100),Número-índice,11046,24,N3,Unidade da Federação,Rio Grande do Norte,201803,74.72863,92.81020
7167,PMS - Número-índice (2022=100),Número-índice,11046,24,N3,Unidade da Federação,Rio Grande do Norte,201804,66.35478,80.50089
7167,PMS - Número-índice (2022=100),Número-índice,11046,24,N3,Unidade da Federação,Rio Grande do Norte,201805,55.37658,69.03793
7167,PMS - Número-índice (2022=100),Número-índice,11046,24,N3,Unidade da Federação,Rio Grande do Norte,201806,53.33778,65.69667
7167,PMS - Número-índice (2022=100),Número-índice,11046,24,N3,Unidade da Federação,Rio Grande do Norte,201807,77.07945,90.63171
7167,PMS - Número-índice (2022=100),Número-índice,11046,24,N3,Unidade da Federação,Rio Grande do Norte,201808,62.91800,74.38134
7167,PMS - Número-índice (2022=100),Número-índice,11046,24,N3,Unidade da Federação,Rio Grande do Norte,201809,66.42168,78.94737
7167,PMS - Número-índice (2022=100),Número-índice,11046,24,N3,Unidade da Federação,Rio Grande do Norte,201810,68.26586,80.99260
7167,PMS - Número-índice (2022=100),Número-índice,11046,24,N3,Unidade da Federação,Rio Grande do Norte,201811,70.98502,85.16602
7167,PMS - Número-índice (2022=100),Número-índice,11046,24,N3,Unidade da Federação,Rio Grande do Norte,201812,83.70045,95.22378
7167,PMS - Número-índice (2022=100),Número-índice,11046,24,N3,Unidade da Federação,Rio Grande do Norte,201901,112.13540,129.25388
7167,PMS - Número-índice (2022=100),Número-índice,11046,24,N3,Unidade da Federação,Rio Grande do Norte,201902,70.27206,86.29604
7167,PMS - Número-índice (2022=100),Número-índice,11046,24,N3,Unidade da Federação,Rio Grande do Norte,201903,71.17502,88.90297
7167,PMS - Número-índice (2022=100),Número-índice,11046,24,N3,Unidade da Federação,Rio Grande do Norte,201904,66.72410,81.37112
7167,PMS - Número-índice (2022=100),Número-índice,11046,24,N3,Unidade da Federação,Rio Grande do Norte,201905,62.52113,79.60187
7167,PMS - Número-índice (2022=100),Número-índice,11046,24,N3,Unidade da Federação,Rio Grande do Norte,201906,60.46772,72.23918
7167,PMS - Número-índice (2022=100),Número-índice,11046,24,N3,Unidade da Federação,Rio Grande do Norte,201907,82.91912,99.30124
7167,PMS - Número-índice (2022=100),Número-índice,11046,24,N3,Unidade da Federação,Rio Grande do Norte,201908,69.23001,86.72336
7167,PMS - Número-índice (2022=100),Número-índice,11046,24,N3,Unidade da Federação,Rio Grande do Norte,201909,66.42025,81.39498
7167,PMS - Número-índice (2022=100),Número-índice,11046,24,N3,Unidade da Federação,Rio Grande do Norte,201910,73.51190,91.31447
7167,PMS - Número-índice (2022=100),Número-índice,11046,24,N3,Unidade da Federação,Rio Grande do Norte,201911,76.55308,93.02378
7167,PMS - Número-índice (2022=100),Número-índice,11046,24,N3,Unidade da Federação,Rio Grande do Norte,201912,88.24245,101.97808
7167,PMS - Número-índice (2022=100),Número-índice,11046,24,N3,Unidade da Federação,Rio Grande do Norte,202001,117.68644,139.17292
7167,PMS - Número-índice (2022=100),Número-índice,11046,24,N3,Unidade da Federação,Rio Grande do Norte,202002,86.17298,104.40572
7167,PMS - Número-índice (2022=100),Número-índice,11046,24,N3,Unidade da Federação,Rio Grande do Norte,202003,53.45778,66.39117
7167,PMS - Número-índice (2022=100),Número-índice,11046,24,N3,Unidade da Federação,Rio Grande do Norte,202004,13.59571,16.17361
7167,PMS - Número-índice (2022=100),Número-índice,11046,24,N3,Unidade da Federação,Rio Grande do Norte,202005,13.42911,15.83969
7167,PMS - Número-índice (2022=100),Número-índice,11046,24,N3,Unidade da Federação,Rio Grande do Norte,202006,15.16816,17.81320
7167,PMS - Número-índice (2022=100),Número-índice,11046,24,N3,Unidade da Federação,Rio Grande do Norte,202007,19.00529,22.91084
7167,PMS - Número-índice (2022=100),Número-índice,11046,24,N3,Unidade da Federação,Rio Grande do Norte,202008,26.02605,31.07272
7167,PMS - Número-índice (2022=100),Número-índice,11046,24,N3,Unidade da Federação,Rio Grande do Norte,202009,35.38410,43.10086
7167,PMS - Número-índice (2022=100),Número-índice,11046,24,N3,Unidade da Federação,Rio Grande do Norte,202010,50.08921,62.31410
7167,PMS - Número-índice (2022=100),Número-índice,11046,24,N3,Unidade da Federação,Rio Grande do Norte,202011,57.50451,69.20851
7167,PMS - Número-índice (2022=100),Número-índice,11046,24,N3,Unidade da Federação,Rio Grande do Norte,202012,68.08704,80.51171
7167,PMS - Número-índice (2022=100),Número-índice,11046,24,N3,Unidade da Federação,Rio Grande do Norte,202101,89.05352,109.43347
7167,PMS - Número-índice (2022=100),Número-índice,11046,24,N3,Unidade da Federação,Rio Grande do Norte,202102,58.09109,71.30618
7167,PMS - Número-índice (2022=100),Número-índice,11046,24,N3,Unidade da Federação,Rio Grande do Norte,202103,41.27726,54.21172
7167,PMS - Número-índice (2022=100),Número-índice,11046,24,N3,Unidade da Federação,Rio Grande do Norte,202104,32.68681,40.30443
7167,PMS - Número-índice (2022=100),Número-índice,11046,24,N3,Unidade da Federação,Rio Grande do Norte,202105,45.09172,58.32295
7167,PMS - Número-índice (2022=100),Número-índice,11046,24,N3,Unidade da Federação,Rio Grande do Norte,202106,50.76017,67.95849
7167,PMS - Número-índice (2022=100),Número-índice,11046,24,N3,Unidade da Federação,Rio Grande do Norte,202107,77.13396,96.33495
7167,PMS - Número-índice (2022=100),Número-índice,11046,24,N3,Unidade da Federação,Rio Grande do Norte,202108,69.67969,85.05217
7167,PMS - Número-índice (2022=100),Número-índice,11046,24,N3,Unidade da Federação,Rio Grande do Norte,202109,73.74987,82.45231
7167,PMS - Número-índice (2022=100),Número-índice,11046,24,N3,Unidade da Federação,Rio Grande do Norte,202110,87.77275,95.23029
7167,PMS - Número-índice (2022=100),Número-índice,11046,24,N3,Unidade da Federação,Rio Grande do Norte,202111,89.40642,95.01760
7167,PMS - Número-índice (2022=100),Número-índice,11046,24,N3,Unidade da Federação,Rio Grande do Norte,202112,104.81131,107.59213
7167,PMS - Número-índice (2022=100),Número-índice,11046,24,N3,Unidade da Federação,Rio Grande do Norte,202201,128.88864,135.09515
7167,PMS - Número-índice (2022=100),Número-índice,11046,24,N3,Unidade da Federação,Rio Grande do Norte,202202,83.46643,88.29958
7167,PMS - Número-índice (2022=100),Número-índice,11046,24,N3,Unidade da Federação,Rio Grande do Norte,202203,93.93986,101.33440
7167,PMS - Número-índice (2022=100),Número-índice,11046,24,N3,Unidade da Federação,Rio Grande do Norte,202204,86.87687,94.04652
7167,PMS - Número-índice (2022=100),Número-índice,11046,24,N3,Unidade da Federação,Rio Grande do Norte,202205,88.72252,92.47462
7167,PMS - Número-índice (2022=100),Número-índice,11046,24,N3,Unidade da Federação,Rio Grande do Norte,202206,82.73215,82.87076
7167,PMS - Número-índice (2022=100),Número-índice,11046,24,N3,Unidade da Federação,Rio Grande do Norte,202207,114.25787,110.98117
7167,PMS - Número-índice (2022=100),Número-índice,11046,24,N3,Unidade da Federação,Rio Grande do Norte,202208,101.85278,100.00439
7167,PMS - Número-índice (2022=100),Número-índice,11046,24,N3,Unidade da Federação,Rio Grande do Norte,202209,95.75572,93.59153
7167,PMS - Número-índice (2022=100),Número-índice,11046,24,N3,Unidade da Federação,Rio Grande do Norte,202210,106.46346,98.54199
7167,PMS - Número-índice (2022=100),Número-índice,11046,24,N3,Unidade da Federação,Rio Grande do Norte,202211,104.04873,96.93716
7167,PMS - Número-índice (2022=100),Número-índice,11046,24,N3,Unidade da Federação,Rio Grande do Norte,202212,112.99496,105.82274
7167,PMS - Número-índice (2022=100),Número-índice,11046,24,N3,Unidade da Federação,Rio Grande do Norte,202301,155.94731,141.52327
7167,PMS - Número-índice (2022=100),Número-índice,11046,24,N3,Unidade da Federação,Rio Grande do Norte,202302,104.99567,101.97643
7167,PMS - Número-índice (2022=100),Número-índice,11046,24,N3,Unidade da Federação,Rio Grande do Norte,202303,100.05708,102.08762
7167,PMS - Número-índice (2022=100),Número-índice,11046,24,N3,Unidade da Federação,Rio Grande do Norte,202304,93.25694,90.81080
7167,PMS - Número-índice (2022=100),Número-índice,11046,24,N3,Unidade da Federação,Rio Grande do Norte,202305,93.04146,93.57054
7167,PMS - Número-índice (2022=100),Número-índice,11046,24,N3,Unidade da Federação,Rio Grande do Norte,202306,91.75357,87.11162
7167,PMS - Número-índice (2022=100),Número-índice,11046,24,N3,Unidade da Federação,Rio Grande do Norte,202307,111.23369,102.21538
7167,PMS - Número-índice (2022=100),Número-índice,11046,24,N3,Unidade da Federação,Rio Grande do Norte,202308,99.38205,95.62202
7167,PMS - Número-índice (2022=100),Número-índice,11046,24,N3,Unidade da Federação,Rio Grande do Norte,202309,96.67637,91.22908
7167,PMS - Número-índice (2022=100),Número-índice,11046,24,N3,Unidade da Federação,Rio Grande do Norte,202310,105.83954,93.25498
7167,PMS - Número-índice (2022=100),Número-índice,11046,24,N3,Unidade da Federação,Rio Grande do Norte,202311,103.96740,86.17670
7167,PMS - Número-índice (2022=100),Número-índice,11046,24,N3,Unidade da Federação,Rio Grande do Norte,202312,120.27616,99.81179
7167,PMS - Número-índice (2022=100),Número-índice,11046,24,N3,Unidade da Federação,Rio Grande do Norte,202401,154.35336,127.38769
7167,PMS - Número-índice (2022=100),Número-índice,11046,24,N3,Unidade da Federação,Rio Grande do Norte,202402,109.43420,94.88049
7167,PMS - Número-índice (2022=100),Número-índice,11046,24,N3,Unidade da Federação,Rio Grande do Norte,202403,106.24622,93.12107
7167,PMS - Número-índice (2022=100),Número-índice,11046,24,N3,Unidade da Federação,Rio Grande do Norte,202404,98.01333,91.80069
7167,PMS - Número-índice (2022=100),Número-índice,11046,24,N3,Unidade da Federação,Rio Grande do Norte,202405,97.88852,91.34880
7167,PMS - Número-índice (2022=100),Número-índice,11046,24,N3,Unidade da Federação,Rio Grande do Norte,202406,95.65736,88.51277
7167,PMS - Número-índice (2022=100),Número-índice,11046,24,N3,Unidade da Federação,Rio Grande do Norte,202407,123.19437,104.08900
7167,PMS - Número-índice (2022=100),Número-índice,11046,24,N3,Unidade da Federação,Rio Grande do Norte,202408,109.26138,97.35157
7167,PMS - Número-índice (2022=100),Número-índice,11046,24,N3,Unidade da Federação,Rio Grande do Norte,202409,108.00208,93.71319
7167,PMS - Número-índice (2022=100),Número-índice,11046,26,N3,Unidade da Federação,Pernambuco,201101,57.35603,101.27363
7167,PMS - Número-índice (2022=100),Número-índice,11046,26,N3,Unidade da Federação,Pernambuco,201102,48.13115,88.06674
7167,PMS - Número-índice (2022=100),Número-índice,11046,26,N3,Unidade da Federação,Pernambuco,201103,51.30170,87.03765
7167,PMS - Número-índice (2022=100),Número-índice,11046,26,N3,Unidade da Federação,Pernambuco,201104,49.23552,86.49472
7167,PMS - Número-índice (2022=100),Número-índice,11046,26,N3,Unidade da Federação,Pernambuco,201105,50.86456,91.40735
7167,PMS - Número-índice (2022=100),Número-índice,11046,26,N3,Unidade da Federação,Pernambuco,201106,49.30766,86.13157
7167,PMS - Número-índice (2022=100),Número-índice,11046,26,N3,Unidade da Federação,Pernambuco,201107,56.97577,97.22957
7167,PMS - Número-índice (2022=100),Número-índice,11046,26,N3,Unidade da Federação,Pernambuco,201108,54.85627,93.32990
7167,PMS - Número-índice (2022=100),Número-índice,11046,26,N3,Unidade da Federação,Pernambuco,201109,53.45796,86.03676
7167,PMS - Número-índice (2022=100),Número-índice,11046,26,N3,Unidade da Federação,Pernambuco,201110,55.58336,86.51030
7167,PMS - Número-índice (2022=100),Número-índice,11046,26,N3,Unidade da Federação,Pernambuco,201111,55.05640,84.16685
7167,PMS - Número-índice (2022=100),Número-índice,11046,26,N3,Unidade da Federação,Pernambuco,201112,63.90626,97.71125
7167,PMS - Número-índice (2022=100),Número-índice,11046,26,N3,Unidade da Federação,Pernambuco,201201,64.60774,93.02891
7167,PMS - Número-índice (2022=100),Número-índice,11046,26,N3,Unidade da Federação,Pernambuco,201202,55.10512,80.90133
7167,PMS - Número-índice (2022=100),Número-índice,11046,26,N3,Unidade da Federação,Pernambuco,201203,57.48350,86.16983
7167,PMS - Número-índice (2022=100),Número-índice,11046,26,N3,Unidade da Federação,Pernambuco,201204,59.47982,88.23174
7167,PMS - Número-índice (2022=100),Número-índice,11046,26,N3,Unidade da Federação,Pernambuco,201205,56.49751,86.91021
7167,PMS - Número-índice (2022=100),Número-índice,11046,26,N3,Unidade da Federação,Pernambuco,201206,56.11283,86.20532
7167,PMS - Número-índice (2022=100),Número-índice,11046,26,N3,Unidade da Federação,Pernambuco,201207,64.38714,94.97328
7167,PMS - Número-índice (2022=100),Número-índice,11046,26,N3,Unidade da Federação,Pernambuco,201208,56.93063,86.24401
7167,PMS - Número-índice (2022=100),Número-índice,11046,26,N3,Unidade da Federação,Pernambuco,201209,56.89015,85.35810
7167,PMS - Número-índice (2022=100),Número-índice,11046,26,N3,Unidade da Federação,Pernambuco,201210,61.94245,93.33579
7167,PMS - Número-índice (2022=100),Número-índice,11046,26,N3,Unidade da Federação,Pernambuco,201211,60.81532,88.14243
7167,PMS - Número-índice (2022=100),Número-índice,11046,26,N3,Unidade da Federação,Pernambuco,201212,68.22026,95.36334
7167,PMS - Número-índice (2022=100),Número-índice,11046,26,N3,Unidade da Federação,Pernambuco,201301,69.69617,89.70615
7167,PMS - Número-índice (2022=100),Número-índice,11046,26,N3,Unidade da Federação,Pernambuco,201302,57.95388,79.42629
7167,PMS - Número-índice (2022=100),Número-índice,11046,26,N3,Unidade da Federação,Pernambuco,201303,62.95622,89.80293
7167,PMS - Número-índice (2022=100),Número-índice,11046,26,N3,Unidade da Federação,Pernambuco,201304,60.16651,91.42383
7167,PMS - Número-índice (2022=100),Número-índice,11046,26,N3,Unidade da Federação,Pernambuco,201305,59.14672,90.60413
7167,PMS - Número-índice (2022=100),Número-índice,11046,26,N3,Unidade da Federação,Pernambuco,201306,58.73974,85.84939
7167,PMS - Número-índice (2022=100),Número-índice,11046,26,N3,Unidade da Federação,Pernambuco,201307,70.66575,101.87588
7167,PMS - Número-índice (2022=100),Número-índice,11046,26,N3,Unidade da Federação,Pernambuco,201308,63.18393,91.78289
7167,PMS - Número-índice (2022=100),Número-índice,11046,26,N3,Unidade da Federação,Pernambuco,201309,64.80214,88.59381
7167,PMS - Número-índice (2022=100),Número-índice,11046,26,N3,Unidade da Federação,Pernambuco,201310,67.05993,90.21804
7167,PMS - Número-índice (2022=100),Número-índice,11046,26,N3,Unidade da Federação,Pernambuco,201311,67.93761,89.99209
7167,PMS - Número-índice (2022=100),Número-índice,11046,26,N3,Unidade da Federação,Pernambuco,201312,80.77163,103.90123
7167,PMS - Número-índice (2022=100),Número-índice,11046,26,N3,Unidade da Federação,Pernambuco,201401,76.35489,93.78624
7167,PMS - Número-índice (2022=100),Número-índice,11046,26,N3,Unidade da Federação,Pernambuco,201402,63.68241,87.34338
7167,PMS - Número-índice (2022=100),Número-índice,11046,26,N3,Unidade da Federação,Pernambuco,201403,67.65691,86.00746
7167,PMS - Número-índice (2022=100),Número-índice,11046,26,N3,Unidade da Federação,Pernambuco,201404,67.56521,88.72362
7167,PMS - Número-índice (2022=100),Número-índice,11046,26,N3,Unidade da Federação,Pernambuco,201405,63.82508,89.48344
7167,PMS - Número-índice (2022=100),Número-índice,11046,26,N3,Unidade da Federação,Pernambuco,201406,65.32406,83.94375
7167,PMS - Número-índice (2022=100),Número-índice,11046,26,N3,Unidade da Federação,Pernambuco,201407,69.04067,98.83101
7167,PMS - Número-índice (2022=100),Número-índice,11046,26,N3,Unidade da Federação,Pernambuco,201408,67.14583,93.98008
7167,PMS - Número-índice (2022=100),Número-índice,11046,26,N3,Unidade da Federação,Pernambuco,201409,67.39713,88.28926
7167,PMS - Número-índice (2022=100),Número-índice,11046,26,N3,Unidade da Federação,Pernambuco,201410,66.86760,87.53057
7167,PMS - Número-índice (2022=100),Número-índice,11046,26,N3,Unidade da Federação,Pernambuco,201411,66.20911,84.20894
7167,PMS - Número-índice (2022=100),Número-índice,11046,26,N3,Unidade da Federação,Pernambuco,201412,75.15655,88.88366
7167,PMS - Número-índice (2022=100),Número-índice,11046,26,N3,Unidade da Federação,Pernambuco,201501,80.38240,92.62040
7167,PMS - Número-índice (2022=100),Número-índice,11046,26,N3,Unidade da Federação,Pernambuco,201502,63.96125,79.96254
7167,PMS - Número-índice (2022=100),Número-índice,11046,26,N3,Unidade da Federação,Pernambuco,201503,65.72274,87.98319
7167,PMS - Número-índice (2022=100),Número-índice,11046,26,N3,Unidade da Federação,Pernambuco,201504,64.24212,82.14907
7167,PMS - Número-índice (2022=100),Número-índice,11046,26,N3,Unidade da Federação,Pernambuco,201505,63.39063,83.40224
7167,PMS - Número-índice (2022=100),Número-índice,11046,26,N3,Unidade da Federação,Pernambuco,201506,60.75447,77.82304
7167,PMS - Número-índice (2022=100),Número-índice,11046,26,N3,Unidade da Federação,Pernambuco,201507,71.85916,89.79672
7167,PMS - Número-índice (2022=100),Número-índice,11046,26,N3,Unidade da Federação,Pernambuco,201508,65.85918,91.35861
7167,PMS - Número-índice (2022=100),Número-índice,11046,26,N3,Unidade da Federação,Pernambuco,201509,62.05034,82.75304
7167,PMS - Número-índice (2022=100),Número-índice,11046,26,N3,Unidade da Federação,Pernambuco,201510,64.26035,83.61806
7167,PMS - Número-índice (2022=100),Número-índice,11046,26,N3,Unidade da Federação,Pernambuco,201511,65.07134,86.56642
7167,PMS - Número-índice (2022=100),Número-índice,11046,26,N3,Unidade da Federação,Pernambuco,201512,70.48888,85.57917
7167,PMS - Número-índice (2022=100),Número-índice,11046,26,N3,Unidade da Federação,Pernambuco,201601,76.65593,90.60526
7167,PMS - Número-índice (2022=100),Número-índice,11046,26,N3,Unidade da Federação,Pernambuco,201602,65.10377,84.48806
7167,PMS - Número-índice (2022=100),Número-índice,11046,26,N3,Unidade da Federação,Pernambuco,201603,66.03568,89.37232
7167,PMS - Número-índice (2022=100),Número-índice,11046,26,N3,Unidade da Federação,Pernambuco,201604,62.06963,85.81398
7167,PMS - Número-índice (2022=100),Número-índice,11046,26,N3,Unidade da Federação,Pernambuco,201605,59.92422,81.77607
7167,PMS - Número-índice (2022=100),Número-índice,11046,26,N3,Unidade da Federação,Pernambuco,201606,59.41648,81.91445
7167,PMS - Número-índice (2022=100),Número-índice,11046,26,N3,Unidade da Federação,Pernambuco,201607,72.03580,93.50486
7167,PMS - Número-índice (2022=100),Número-índice,11046,26,N3,Unidade da Federação,Pernambuco,201608,62.88224,85.06842
7167,PMS - Número-índice (2022=100),Número-índice,11046,26,N3,Unidade da Federação,Pernambuco,201609,61.92820,85.65815
7167,PMS - Número-índice (2022=100),Número-índice,11046,26,N3,Unidade da Federação,Pernambuco,201610,69.08683,96.11022
7167,PMS - Número-índice (2022=100),Número-índice,11046,26,N3,Unidade da Federação,Pernambuco,201611,66.57152,89.79415
7167,PMS - Número-índice (2022=100),Número-índice,11046,26,N3,Unidade da Federação,Pernambuco,201612,75.73493,92.61783
7167,PMS - Número-índice (2022=100),Número-índice,11046,26,N3,Unidade da Federação,Pernambuco,201701,91.48948,108.60530
7167,PMS - Número-índice (2022=100),Número-índice,11046,26,N3,Unidade da Federação,Pernambuco,201702,68.47237,81.84441
7167,PMS - Número-índice (2022=100),Número-índice,11046,26,N3,Unidade da Federação,Pernambuco,201703,75.74951,92.10900
7167,PMS - Número-índice (2022=100),Número-índice,11046,26,N3,Unidade da Federação,Pernambuco,201704,74.83482,89.36949
7167,PMS - Número-índice (2022=100),Número-índice,11046,26,N3,Unidade da Federação,Pernambuco,201705,71.34541,90.17806
7167,PMS - Número-índice (2022=100),Número-índice,11046,26,N3,Unidade da Federação,Pernambuco,201706,72.10097,88.75418
7167,PMS - Número-índice (2022=100),Número-índice,11046,26,N3,Unidade da Federação,Pernambuco,201707,83.62292,104.85442
7167,PMS - Número-índice (2022=100),Número-índice,11046,26,N3,Unidade da Federação,Pernambuco,201708,71.24830,88.02174
7167,PMS - Número-índice (2022=100),Número-índice,11046,26,N3,Unidade da Federação,Pernambuco,201709,76.66921,92.37042
7167,PMS - Número-índice (2022=100),Número-índice,11046,26,N3,Unidade da Federação,Pernambuco,201710,81.25074,98.39211
7167,PMS - Número-índice (2022=100),Número-índice,11046,26,N3,Unidade da Federação,Pernambuco,201711,80.23911,101.07760
7167,PMS - Número-índice (2022=100),Número-índice,11046,26,N3,Unidade da Federação,Pernambuco,201712,92.33903,107.86127
7167,PMS - Número-índice (2022=100),Número-índice,11046,26,N3,Unidade da Federação,Pernambuco,201801,97.03264,113.70250
7167,PMS - Número-índice (2022=100),Número-índice,11046,26,N3,Unidade da Federação,Pernambuco,201802,75.46059,86.46654
7167,PMS - Número-índice (2022=100),Número-índice,11046,26,N3,Unidade da Federação,Pernambuco,201803,81.28035,100.28675
7167,PMS - Número-índice (2022=100),Número-índice,11046,26,N3,Unidade da Federação,Pernambuco,201804,77.72286,93.29703
7167,PMS - Número-índice (2022=100),Número-índice,11046,26,N3,Unidade da Federação,Pernambuco,201805,72.66050,90.32186
7167,PMS - Número-índice (2022=100),Número-índice,11046,26,N3,Unidade da Federação,Pernambuco,201806,73.22019,89.50509
7167,PMS - Número-índice (2022=100),Número-índice,11046,26,N3,Unidade da Federação,Pernambuco,201807,89.17906,102.59731
7167,PMS - Número-índice (2022=100),Número-índice,11046,26,N3,Unidade da Federação,Pernambuco,201808,81.68491,104.03917
7167,PMS - Número-índice (2022=100),Número-índice,11046,26,N3,Unidade da Federação,Pernambuco,201809,84.85357,100.95564
7167,PMS - Número-índice (2022=100),Número-índice,11046,26,N3,Unidade da Federação,Pernambuco,201810,86.24742,102.99163
7167,PMS - Número-índice (2022=100),Número-índice,11046,26,N3,Unidade da Federação,Pernambuco,201811,87.64435,103.11917
7167,PMS - Número-índice (2022=100),Número-índice,11046,26,N3,Unidade da Federação,Pernambuco,201812,97.37424,106.49530
7167,PMS - Número-índice (2022=100),Número-índice,11046,26,N3,Unidade da Federação,Pernambuco,201901,103.83398,115.88280
7167,PMS - Número-índice (2022=100),Número-índice,11046,26,N3,Unidade da Federação,Pernambuco,201902,78.42808,90.26385
7167,PMS - Número-índice (2022=100),Número-índice,11046,26,N3,Unidade da Federação,Pernambuco,201903,86.64338,100.90930
7167,PMS - Número-índice (2022=100),Número-índice,11046,26,N3,Unidade da Federação,Pernambuco,201904,81.83303,93.11146
7167,PMS - Número-índice (2022=100),Número-índice,11046,26,N3,Unidade da Federação,Pernambuco,201905,78.86612,95.09000
7167,PMS - Número-índice (2022=100),Número-índice,11046,26,N3,Unidade da Federação,Pernambuco,201906,82.33805,95.23485
7167,PMS - Número-índice (2022=100),Número-índice,11046,26,N3,Unidade da Federação,Pernambuco,201907,95.47362,106.78461
7167,PMS - Número-índice (2022=100),Número-índice,11046,26,N3,Unidade da Federação,Pernambuco,201908,86.53062,103.88081
7167,PMS - Número-índice (2022=100),Número-índice,11046,26,N3,Unidade da Federação,Pernambuco,201909,85.20555,100.62747
7167,PMS - Número-índice (2022=100),Número-índice,11046,26,N3,Unidade da Federação,Pernambuco,201910,87.69255,103.48283
7167,PMS - Número-índice (2022=100),Número-índice,11046,26,N3,Unidade da Federação,Pernambuco,201911,83.47590,96.42058
7167,PMS - Número-índice (2022=100),Número-índice,11046,26,N3,Unidade da Federação,Pernambuco,201912,94.48281,102.37226
7167,PMS - Número-índice (2022=100),Número-índice,11046,26,N3,Unidade da Federação,Pernambuco,202001,104.82747,118.87848
7167,PMS - Número-índice (2022=100),Número-índice,11046,26,N3,Unidade da Federação,Pernambuco,202002,80.80499,93.80702
7167,PMS - Número-índice (2022=100),Número-índice,11046,26,N3,Unidade da Federação,Pernambuco,202003,56.56140,71.64470
7167,PMS - Número-índice (2022=100),Número-índice,11046,26,N3,Unidade da Federação,Pernambuco,202004,20.67684,25.02753
7167,PMS - Número-índice (2022=100),Número-índice,11046,26,N3,Unidade da Federação,Pernambuco,202005,22.59750,28.57741
7167,PMS - Número-índice (2022=100),Número-índice,11046,26,N3,Unidade da Federação,Pernambuco,202006,22.62901,29.34796
7167,PMS - Número-índice (2022=100),Número-índice,11046,26,N3,Unidade da Federação,Pernambuco,202007,29.82410,40.50832
7167,PMS - Número-índice (2022=100),Número-índice,11046,26,N3,Unidade da Federação,Pernambuco,202008,34.87694,47.10554
7167,PMS - Número-índice (2022=100),Número-índice,11046,26,N3,Unidade da Federação,Pernambuco,202009,40.04595,52.84690
7167,PMS - Número-índice (2022=100),Número-índice,11046,26,N3,Unidade da Federação,Pernambuco,202010,55.45983,66.30891
7167,PMS - Número-índice (2022=100),Número-índice,11046,26,N3,Unidade da Federação,Pernambuco,202011,63.46289,78.55716
7167,PMS - Número-índice (2022=100),Número-índice,11046,26,N3,Unidade da Federação,Pernambuco,202012,72.11163,79.95558
7167,PMS - Número-índice (2022=100),Número-índice,11046,26,N3,Unidade da Federação,Pernambuco,202101,75.84456,89.90743
7167,PMS - Número-índice (2022=100),Número-índice,11046,26,N3,Unidade da Federação,Pernambuco,202102,60.75893,72.98508
7167,PMS - Número-índice (2022=100),Número-índice,11046,26,N3,Unidade da Federação,Pernambuco,202103,54.04667,65.04707
7167,PMS - Número-índice (2022=100),Número-índice,11046,26,N3,Unidade da Federação,Pernambuco,202104,47.55538,56.76252
7167,PMS - Número-índice (2022=100),Número-índice,11046,26,N3,Unidade da Federação,Pernambuco,202105,55.46943,73.96000
7167,PMS - Número-índice (2022=100),Número-índice,11046,26,N3,Unidade da Federação,Pernambuco,202106,58.97115,79.92318
7167,PMS - Número-índice (2022=100),Número-índice,11046,26,N3,Unidade da Federação,Pernambuco,202107,77.43139,99.15995
7167,PMS - Número-índice (2022=100),Número-índice,11046,26,N3,Unidade da Federação,Pernambuco,202108,78.16620,103.05799
7167,PMS - Número-índice (2022=100),Número-índice,11046,26,N3,Unidade da Federação,Pernambuco,202109,84.08423,98.30790
7167,PMS - Número-índice (2022=100),Número-índice,11046,26,N3,Unidade da Federação,Pernambuco,202110,92.24343,94.43685
7167,PMS - Número-índice (2022=100),Número-índice,11046,26,N3,Unidade da Federação,Pernambuco,202111,93.03128,98.03723
7167,PMS - Número-índice (2022=100),Número-índice,11046,26,N3,Unidade da Federação,Pernambuco,202112,99.49564,102.16624
7167,PMS - Número-índice (2022=100),Número-índice,11046,26,N3,Unidade da Federação,Pernambuco,202201,111.86023,117.45020
7167,PMS - Número-índice (2022=100),Número-índice,11046,26,N3,Unidade da Federação,Pernambuco,202202,78.97581,84.68617
7167,PMS - Número-índice (2022=100),Número-índice,11046,26,N3,Unidade da Federação,Pernambuco,202203,93.39878,103.47913
7167,PMS - Número-índice (2022=100),Número-índice,11046,26,N3,Unidade da Federação,Pernambuco,202204,89.85248,98.00788
7167,PMS - Número-índice (2022=100),Número-índice,11046,26,N3,Unidade da Federação,Pernambuco,202205,92.07245,95.18685
7167,PMS - Número-índice (2022=100),Número-índice,11046,26,N3,Unidade da Federação,Pernambuco,202206,88.02371,88.01527
7167,PMS - Número-índice (2022=100),Número-índice,11046,26,N3,Unidade da Federação,Pernambuco,202207,109.72151,106.41790
7167,PMS - Número-índice (2022=100),Número-índice,11046,26,N3,Unidade da Federação,Pernambuco,202208,104.04923,107.20514
7167,PMS - Número-índice (2022=100),Número-índice,11046,26,N3,Unidade da Federação,Pernambuco,202209,103.36397,106.29744
7167,PMS - Número-índice (2022=100),Número-índice,11046,26,N3,Unidade da Federação,Pernambuco,202210,112.48535,101.78204
7167,PMS - Número-índice (2022=100),Número-índice,11046,26,N3,Unidade da Federação,Pernambuco,202211,104.72360,93.41795
7167,PMS - Número-índice (2022=100),Número-índice,11046,26,N3,Unidade da Federação,Pernambuco,202212,111.47287,98.05403
7167,PMS - Número-índice (2022=100),Número-índice,11046,26,N3,Unidade da Federação,Pernambuco,202301,135.25762,117.80439
7167,PMS - Número-índice (2022=100),Número-índice,11046,26,N3,Unidade da Federação,Pernambuco,202302,102.71607,95.82037
7167,PMS - Número-índice (2022=100),Número-índice,11046,26,N3,Unidade da Federação,Pernambuco,202303,107.55755,101.87146
7167,PMS - Número-índice (2022=100),Número-índice,11046,26,N3,Unidade da Federação,Pernambuco,202304,99.44848,90.62814
7167,PMS - Número-índice (2022=100),Número-índice,11046,26,N3,Unidade da Federação,Pernambuco,202305,99.32092,97.26484
7167,PMS - Número-índice (2022=100),Número-índice,11046,26,N3,Unidade da Federação,Pernambuco,202306,102.05269,99.14913
7167,PMS - Número-índice (2022=100),Número-índice,11046,26,N3,Unidade da Federação,Pernambuco,202307,121.30759,115.07250
7167,PMS - Número-índice (2022=100),Número-índice,11046,26,N3,Unidade da Federação,Pernambuco,202308,107.55000,103.62825
7167,PMS - Número-índice (2022=100),Número-índice,11046,26,N3,Unidade da Federação,Pernambuco,202309,108.84346,101.35512
7167,PMS - Número-índice (2022=100),Número-índice,11046,26,N3,Unidade da Federação,Pernambuco,202310,120.97731,103.28503
7167,PMS - Número-índice (2022=100),Número-índice,11046,26,N3,Unidade da Federação,Pernambuco,202311,115.67103,94.14499
7167,PMS - Número-índice (2022=100),Número-índice,11046,26,N3,Unidade da Federação,Pernambuco,202312,127.05908,103.26018
7167,PMS - Número-índice (2022=100),Número-índice,11046,26,N3,Unidade da Federação,Pernambuco,202401,152.66289,124.10436
7167,PMS - Número-índice (2022=100),Número-índice,11046,26,N3,Unidade da Federação,Pernambuco,202402,115.82992,98.08274
7167,PMS - Número-índice (2022=100),Número-índice,11046,26,N3,Unidade da Federação,Pernambuco,202403,121.95714,107.36558
7167,PMS - Número-índice (2022=100),Número-índice,11046,26,N3,Unidade da Federação,Pernambuco,202404,107.46299,97.92606
7167,PMS - Número-índice (2022=100),Número-índice,11046,26,N3,Unidade da Federação,Pernambuco,202405,109.21581,100.34502
7167,PMS - Número-índice (2022=100),Número-índice,11046,26,N3,Unidade da Federação,Pernambuco,202406,113.54423,103.66200
7167,PMS - Número-índice (2022=100),Número-índice,11046,26,N3,Unidade da Federação,Pernambuco,202407,131.43762,112.09860
7167,PMS - Número-índice (2022=100),Número-índice,11046,26,N3,Unidade da Federação,Pernambuco,202408,120.68241,106.73473
7167,PMS - Número-índice (2022=100),Número-índice,11046,26,N3,Unidade da Federação,Pernambuco,202409,118.07748,101.26560
7167,PMS - Número-índice (2022=100),Número-índice,11046,27,N3,Unidade da Federação,Alagoas,201101,46.73047,67.51036
7167,PMS - Número-índice (2022=100),Número-índice,11046,27,N3,Unidade da Federação,Alagoas,201102,36.06386,54.14885
7167,PMS - Número-índice (2022=100),Número-índice,11046,27,N3,Unidade da Federação,Alagoas,201103,36.92889,51.41449
7167,PMS - Número-índice (2022=100),Número-índice,11046,27,N3,Unidade da Federação,Alagoas,201104,33.48738,48.61111
7167,PMS - Número-índice (2022=100),Número-índice,11046,27,N3,Unidade da Federação,Alagoas,201105,30.69021,45.67048
7167,PMS - Número-índice (2022=100),Número-índice,11046,27,N3,Unidade da Federação,Alagoas,201106,28.49256,41.08951
7167,PMS - Número-índice (2022=100),Número-índice,11046,27,N3,Unidade da Federação,Alagoas,201107,37.78813,52.66441
7167,PMS - Número-índice (2022=100),Número-índice,11046,27,N3,Unidade da Federação,Alagoas,201108,31.68184,44.35519
7167,PMS - Número-índice (2022=100),Número-índice,11046,27,N3,Unidade da Federação,Alagoas,201109,32.89465,43.40228
7167,PMS - Número-índice (2022=100),Número-índice,11046,27,N3,Unidade da Federação,Alagoas,201110,38.14239,48.47158
7167,PMS - Número-índice (2022=100),Número-índice,11046,27,N3,Unidade da Federação,Alagoas,201111,36.20770,45.01019
7167,PMS - Número-índice (2022=100),Número-índice,11046,27,N3,Unidade da Federação,Alagoas,201112,40.53477,49.86909
7167,PMS - Número-índice (2022=100),Número-índice,11046,27,N3,Unidade da Federação,Alagoas,201201,59.78712,70.06973
7167,PMS - Número-índice (2022=100),Número-índice,11046,27,N3,Unidade da Federação,Alagoas,201202,40.43285,47.95818
7167,PMS - Número-índice (2022=100),Número-índice,11046,27,N3,Unidade da Federação,Alagoas,201203,38.60184,46.54340
7167,PMS - Número-índice (2022=100),Número-índice,11046,27,N3,Unidade da Federação,Alagoas,201204,37.58014,44.57405
7167,PMS - Número-índice (2022=100),Número-índice,11046,27,N3,Unidade da Federação,Alagoas,201205,34.82404,43.23830
7167,PMS - Número-índice (2022=100),Número-índice,11046,27,N3,Unidade da Federação,Alagoas,201206,34.19399,42.76073
7167,PMS - Número-índice (2022=100),Número-índice,11046,27,N3,Unidade da Federação,Alagoas,201207,43.50090,52.34812
7167,PMS - Número-índice (2022=100),Número-índice,11046,27,N3,Unidade da Federação,Alagoas,201208,34.37613,42.17538
7167,PMS - Número-índice (2022=100),Número-índice,11046,27,N3,Unidade da Federação,Alagoas,201209,35.16252,43.17766
7167,PMS - Número-índice (2022=100),Número-índice,11046,27,N3,Unidade da Federação,Alagoas,201210,40.54497,50.39454
7167,PMS - Número-índice (2022=100),Número-índice,11046,27,N3,Unidade da Federação,Alagoas,201211,46.06797,55.84586
7167,PMS - Número-índice (2022=100),Número-índice,11046,27,N3,Unidade da Federação,Alagoas,201212,46.95774,54.00690
7167,PMS - Número-índice (2022=100),Número-índice,11046,27,N3,Unidade da Federação,Alagoas,201301,68.03667,72.92541
7167,PMS - Número-índice (2022=100),Número-índice,11046,27,N3,Unidade da Federação,Alagoas,201302,46.68561,53.62681
7167,PMS - Número-índice (2022=100),Número-índice,11046,27,N3,Unidade da Federação,Alagoas,201303,44.77507,52.86943
7167,PMS - Número-índice (2022=100),Número-índice,11046,27,N3,Unidade da Federação,Alagoas,201304,41.61375,52.88881
7167,PMS - Número-índice (2022=100),Número-índice,11046,27,N3,Unidade da Federação,Alagoas,201305,40.53027,52.77623
7167,PMS - Número-índice (2022=100),Número-índice,11046,27,N3,Unidade da Federação,Alagoas,201306,40.89421,50.64157
7167,PMS - Número-índice (2022=100),Número-índice,11046,27,N3,Unidade da Federação,Alagoas,201307,54.72650,65.50937
7167,PMS - Número-índice (2022=100),Número-índice,11046,27,N3,Unidade da Federação,Alagoas,201308,47.65805,58.15361
7167,PMS - Número-índice (2022=100),Número-índice,11046,27,N3,Unidade da Federação,Alagoas,201309,45.09933,51.33673
7167,PMS - Número-índice (2022=100),Número-índice,11046,27,N3,Unidade da Federação,Alagoas,201310,51.21920,57.25429
7167,PMS - Número-índice (2022=100),Número-índice,11046,27,N3,Unidade da Federação,Alagoas,201311,49.12232,54.33540
7167,PMS - Número-índice (2022=100),Número-índice,11046,27,N3,Unidade da Federação,Alagoas,201312,52.96189,55.22072
7167,PMS - Número-índice (2022=100),Número-índice,11046,27,N3,Unidade da Federação,Alagoas,201401,81.59517,82.39919
7167,PMS - Número-índice (2022=100),Número-índice,11046,27,N3,Unidade da Federação,Alagoas,201402,53.61828,61.35755
7167,PMS - Número-índice (2022=100),Número-índice,11046,27,N3,Unidade da Federação,Alagoas,201403,56.42347,60.27575
7167,PMS - Número-índice (2022=100),Número-índice,11046,27,N3,Unidade da Federação,Alagoas,201404,55.18266,62.15502
7167,PMS - Número-índice (2022=100),Número-índice,11046,27,N3,Unidade da Federação,Alagoas,201405,49.50214,60.76233
7167,PMS - Número-índice (2022=100),Número-índice,11046,27,N3,Unidade da Federação,Alagoas,201406,37.66276,43.06308
7167,PMS - Número-índice (2022=100),Número-índice,11046,27,N3,Unidade da Federação,Alagoas,201407,51.83817,65.90760
7167,PMS - Número-índice (2022=100),Número-índice,11046,27,N3,Unidade da Federação,Alagoas,201408,51.85632,64.70242
7167,PMS - Número-índice (2022=100),Número-índice,11046,27,N3,Unidade da Federação,Alagoas,201409,50.55538,60.65299
7167,PMS - Número-índice (2022=100),Número-índice,11046,27,N3,Unidade da Federação,Alagoas,201410,51.50395,61.62766
7167,PMS - Número-índice (2022=100),Número-índice,11046,27,N3,Unidade da Federação,Alagoas,201411,52.58954,61.62774
7167,PMS - Número-índice (2022=100),Número-índice,11046,27,N3,Unidade da Federação,Alagoas,201412,55.68157,56.87645
7167,PMS - Número-índice (2022=100),Número-índice,11046,27,N3,Unidade da Federação,Alagoas,201501,82.36166,81.25254
7167,PMS - Número-índice (2022=100),Número-índice,11046,27,N3,Unidade da Federação,Alagoas,201502,54.45355,57.85360
7167,PMS - Número-índice (2022=100),Número-índice,11046,27,N3,Unidade da Federação,Alagoas,201503,56.05522,64.37864
7167,PMS - Número-índice (2022=100),Número-índice,11046,27,N3,Unidade da Federação,Alagoas,201504,50.68599,57.11485
7167,PMS - Número-índice (2022=100),Número-índice,11046,27,N3,Unidade da Federação,Alagoas,201505,51.62370,61.15760
7167,PMS - Número-índice (2022=100),Número-índice,11046,27,N3,Unidade da Federação,Alagoas,201506,45.10795,54.06072
7167,PMS - Número-índice (2022=100),Número-índice,11046,27,N3,Unidade da Federação,Alagoas,201507,56.60403,65.66257
7167,PMS - Número-índice (2022=100),Número-índice,11046,27,N3,Unidade da Federação,Alagoas,201508,53.23351,67.41999
7167,PMS - Número-índice (2022=100),Número-índice,11046,27,N3,Unidade da Federação,Alagoas,201509,50.59943,61.16339
7167,PMS - Número-índice (2022=100),Número-índice,11046,27,N3,Unidade da Federação,Alagoas,201510,57.99054,68.03089
7167,PMS - Número-índice (2022=100),Número-índice,11046,27,N3,Unidade da Federação,Alagoas,201511,54.36693,64.32453
7167,PMS - Número-índice (2022=100),Número-índice,11046,27,N3,Unidade da Federação,Alagoas,201512,56.03754,60.47354
7167,PMS - Número-índice (2022=100),Número-índice,11046,27,N3,Unidade da Federação,Alagoas,201601,84.84523,87.39611
7167,PMS - Número-índice (2022=100),Número-índice,11046,27,N3,Unidade da Federação,Alagoas,201602,61.26826,68.69853
7167,PMS - Número-índice (2022=100),Número-índice,11046,27,N3,Unidade da Federação,Alagoas,201603,55.79380,65.68257
7167,PMS - Número-índice (2022=100),Número-índice,11046,27,N3,Unidade da Federação,Alagoas,201604,50.32547,60.65578
7167,PMS - Número-índice (2022=100),Número-índice,11046,27,N3,Unidade da Federação,Alagoas,201605,49.17866,59.15304
7167,PMS - Número-índice (2022=100),Número-índice,11046,27,N3,Unidade da Federação,Alagoas,201606,44.26929,53.50868
7167,PMS - Número-índice (2022=100),Número-índice,11046,27,N3,Unidade da Federação,Alagoas,201607,57.71348,66.23372
7167,PMS - Número-índice (2022=100),Número-índice,11046,27,N3,Unidade da Federação,Alagoas,201608,53.63427,63.99045
7167,PMS - Número-índice (2022=100),Número-índice,11046,27,N3,Unidade da Federação,Alagoas,201609,50.94484,61.94850
7167,PMS - Número-índice (2022=100),Número-índice,11046,27,N3,Unidade da Federação,Alagoas,201610,58.63722,72.11038
7167,PMS - Número-índice (2022=100),Número-índice,11046,27,N3,Unidade da Federação,Alagoas,201611,57.31466,68.78226
7167,PMS - Número-índice (2022=100),Número-índice,11046,27,N3,Unidade da Federação,Alagoas,201612,61.66377,68.38952
7167,PMS - Número-índice (2022=100),Número-índice,11046,27,N3,Unidade da Federação,Alagoas,201701,87.45441,98.36980
7167,PMS - Número-índice (2022=100),Número-índice,11046,27,N3,Unidade da Federação,Alagoas,201702,65.51494,74.72271
7167,PMS - Número-índice (2022=100),Número-índice,11046,27,N3,Unidade da Federação,Alagoas,201703,64.59910,76.31280
7167,PMS - Número-índice (2022=100),Número-índice,11046,27,N3,Unidade da Federação,Alagoas,201704,54.30057,63.90955
7167,PMS - Número-índice (2022=100),Número-índice,11046,27,N3,Unidade da Federação,Alagoas,201705,52.63629,64.13699
7167,PMS - Número-índice (2022=100),Número-índice,11046,27,N3,Unidade da Federação,Alagoas,201706,44.66407,53.78252
7167,PMS - Número-índice (2022=100),Número-índice,11046,27,N3,Unidade da Federação,Alagoas,201707,62.38765,75.19503
7167,PMS - Número-índice (2022=100),Número-índice,11046,27,N3,Unidade da Federação,Alagoas,201708,52.17588,62.74379
7167,PMS - Número-índice (2022=100),Número-índice,11046,27,N3,Unidade da Federação,Alagoas,201709,56.71379,65.68894
7167,PMS - Número-índice (2022=100),Número-índice,11046,27,N3,Unidade da Federação,Alagoas,201710,60.21007,69.98542
7167,PMS - Número-índice (2022=100),Número-índice,11046,27,N3,Unidade da Federação,Alagoas,201711,57.98677,69.59011
7167,PMS - Número-índice (2022=100),Número-índice,11046,27,N3,Unidade da Federação,Alagoas,201712,63.70211,73.75336
7167,PMS - Número-índice (2022=100),Número-índice,11046,27,N3,Unidade da Federação,Alagoas,201801,89.36824,101.58347
7167,PMS - Número-índice (2022=100),Número-índice,11046,27,N3,Unidade da Federação,Alagoas,201802,67.75212,75.38484
7167,PMS - Número-índice (2022=100),Número-índice,11046,27,N3,Unidade da Federação,Alagoas,201803,63.86697,76.66049
7167,PMS - Número-índice (2022=100),Número-índice,11046,27,N3,Unidade da Federação,Alagoas,201804,58.21384,69.31863
7167,PMS - Número-índice (2022=100),Número-índice,11046,27,N3,Unidade da Federação,Alagoas,201805,52.85572,64.81807
7167,PMS - Número-índice (2022=100),Número-índice,11046,27,N3,Unidade da Federação,Alagoas,201806,48.22369,57.72692
7167,PMS - Número-índice (2022=100),Número-índice,11046,27,N3,Unidade da Federação,Alagoas,201807,69.48813,79.14289
7167,PMS - Número-índice (2022=100),Número-índice,11046,27,N3,Unidade da Federação,Alagoas,201808,59.93741,74.18519
7167,PMS - Número-índice (2022=100),Número-índice,11046,27,N3,Unidade da Federação,Alagoas,201809,60.44486,71.41962
7167,PMS - Número-índice (2022=100),Número-índice,11046,27,N3,Unidade da Federação,Alagoas,201810,63.83365,76.04538
7167,PMS - Número-índice (2022=100),Número-índice,11046,27,N3,Unidade da Federação,Alagoas,201811,62.29153,72.34350
7167,PMS - Número-índice (2022=100),Número-índice,11046,27,N3,Unidade da Federação,Alagoas,201812,73.94994,80.42451
7167,PMS - Número-índice (2022=100),Número-índice,11046,27,N3,Unidade da Federação,Alagoas,201901,97.18947,107.16039
7167,PMS - Número-índice (2022=100),Número-índice,11046,27,N3,Unidade da Federação,Alagoas,201902,62.88175,72.52057
7167,PMS - Número-índice (2022=100),Número-índice,11046,27,N3,Unidade da Federação,Alagoas,201903,65.69684,77.14374
7167,PMS - Número-índice (2022=100),Número-índice,11046,27,N3,Unidade da Federação,Alagoas,201904,59.35216,67.38244
7167,PMS - Número-índice (2022=100),Número-índice,11046,27,N3,Unidade da Federação,Alagoas,201905,55.52859,66.21401
7167,PMS - Número-índice (2022=100),Número-índice,11046,27,N3,Unidade da Federação,Alagoas,201906,49.44446,57.18069
7167,PMS - Número-índice (2022=100),Número-índice,11046,27,N3,Unidade da Federação,Alagoas,201907,71.32866,80.84974
7167,PMS - Número-índice (2022=100),Número-índice,11046,27,N3,Unidade da Federação,Alagoas,201908,62.50519,74.03312
7167,PMS - Número-índice (2022=100),Número-índice,11046,27,N3,Unidade da Federação,Alagoas,201909,58.20667,69.62406
7167,PMS - Número-índice (2022=100),Número-índice,11046,27,N3,Unidade da Federação,Alagoas,201910,65.44739,77.43279
7167,PMS - Número-índice (2022=100),Número-índice,11046,27,N3,Unidade da Federação,Alagoas,201911,65.44535,75.37556
7167,PMS - Número-índice (2022=100),Número-índice,11046,27,N3,Unidade da Federação,Alagoas,201912,68.96408,76.27527
7167,PMS - Número-índice (2022=100),Número-índice,11046,27,N3,Unidade da Federação,Alagoas,202001,103.94847,117.66966
7167,PMS - Número-índice (2022=100),Número-índice,11046,27,N3,Unidade da Federação,Alagoas,202002,73.19341,85.37644
7167,PMS - Número-índice (2022=100),Número-índice,11046,27,N3,Unidade da Federação,Alagoas,202003,49.45460,60.69218
7167,PMS - Número-índice (2022=100),Número-índice,11046,27,N3,Unidade da Federação,Alagoas,202004,11.20737,12.85835
7167,PMS - Número-índice (2022=100),Número-índice,11046,27,N3,Unidade da Federação,Alagoas,202005,8.84085,10.40812
7167,PMS - Número-índice (2022=100),Número-índice,11046,27,N3,Unidade da Federação,Alagoas,202006,9.78941,11.60534
7167,PMS - Número-índice (2022=100),Número-índice,11046,27,N3,Unidade da Federação,Alagoas,202007,14.68944,17.67093
7167,PMS - Número-índice (2022=100),Número-índice,11046,27,N3,Unidade da Federação,Alagoas,202008,19.63130,23.41221
7167,PMS - Número-índice (2022=100),Número-índice,11046,27,N3,Unidade da Federação,Alagoas,202009,32.56590,41.95520
7167,PMS - Número-índice (2022=100),Número-índice,11046,27,N3,Unidade da Federação,Alagoas,202010,45.02279,54.71262
7167,PMS - Número-índice (2022=100),Número-índice,11046,27,N3,Unidade da Federação,Alagoas,202011,53.16547,64.96052
7167,PMS - Número-índice (2022=100),Número-índice,11046,27,N3,Unidade da Federação,Alagoas,202012,69.20824,75.57679
7167,PMS - Número-índice (2022=100),Número-índice,11046,27,N3,Unidade da Federação,Alagoas,202101,84.15287,99.23491
7167,PMS - Número-índice (2022=100),Número-índice,11046,27,N3,Unidade da Federação,Alagoas,202102,56.13443,67.14670
7167,PMS - Número-índice (2022=100),Número-índice,11046,27,N3,Unidade da Federação,Alagoas,202103,43.97543,54.43984
7167,PMS - Número-índice (2022=100),Número-índice,11046,27,N3,Unidade da Federação,Alagoas,202104,29.26886,35.54008
7167,PMS - Número-índice (2022=100),Número-índice,11046,27,N3,Unidade da Federação,Alagoas,202105,39.89738,51.37184
7167,PMS - Número-índice (2022=100),Número-índice,11046,27,N3,Unidade da Federação,Alagoas,202106,42.72844,55.55090
7167,PMS - Número-índice (2022=100),Número-índice,11046,27,N3,Unidade da Federação,Alagoas,202107,67.12562,82.70446
7167,PMS - Número-índice (2022=100),Número-índice,11046,27,N3,Unidade da Federação,Alagoas,202108,64.94191,81.26245
7167,PMS - Número-índice (2022=100),Número-índice,11046,27,N3,Unidade da Federação,Alagoas,202109,60.87426,70.37882
7167,PMS - Número-índice (2022=100),Número-índice,11046,27,N3,Unidade da Federação,Alagoas,202110,81.69508,83.60251
7167,PMS - Número-índice (2022=100),Número-índice,11046,27,N3,Unidade da Federação,Alagoas,202111,85.60040,88.16503
7167,PMS - Número-índice (2022=100),Número-índice,11046,27,N3,Unidade da Federação,Alagoas,202112,97.77238,101.30856
7167,PMS - Número-índice (2022=100),Número-índice,11046,27,N3,Unidade da Federação,Alagoas,202201,127.79741,133.94056
7167,PMS - Número-índice (2022=100),Número-índice,11046,27,N3,Unidade da Federação,Alagoas,202202,87.69116,93.32443
7167,PMS - Número-índice (2022=100),Número-índice,11046,27,N3,Unidade da Federação,Alagoas,202203,93.73140,101.03380
7167,PMS - Número-índice (2022=100),Número-índice,11046,27,N3,Unidade da Federação,Alagoas,202204,89.92192,96.02539
7167,PMS - Número-índice (2022=100),Número-índice,11046,27,N3,Unidade da Federação,Alagoas,202205,88.81515,89.98604
7167,PMS - Número-índice (2022=100),Número-índice,11046,27,N3,Unidade da Federação,Alagoas,202206,77.16073,78.39017
7167,PMS - Número-índice (2022=100),Número-índice,11046,27,N3,Unidade da Federação,Alagoas,202207,103.47931,102.52125
7167,PMS - Número-índice (2022=100),Número-índice,11046,27,N3,Unidade da Federação,Alagoas,202208,95.32538,95.02018
7167,PMS - Número-índice (2022=100),Número-índice,11046,27,N3,Unidade da Federação,Alagoas,202209,100.88685,101.26308
7167,PMS - Número-índice (2022=100),Número-índice,11046,27,N3,Unidade da Federação,Alagoas,202210,111.96159,102.28080
7167,PMS - Número-índice (2022=100),Número-índice,11046,27,N3,Unidade da Federação,Alagoas,202211,107.33889,98.58487
7167,PMS - Número-índice (2022=100),Número-índice,11046,27,N3,Unidade da Federação,Alagoas,202212,115.89021,107.62944
7167,PMS - Número-índice (2022=100),Número-índice,11046,27,N3,Unidade da Federação,Alagoas,202301,154.28664,135.58222
7167,PMS - Número-índice (2022=100),Número-índice,11046,27,N3,Unidade da Federação,Alagoas,202302,115.30548,106.46522
7167,PMS - Número-índice (2022=100),Número-índice,11046,27,N3,Unidade da Federação,Alagoas,202303,114.79526,106.75535
7167,PMS - Número-índice (2022=100),Número-índice,11046,27,N3,Unidade da Federação,Alagoas,202304,99.95143,91.40946
7167,PMS - Número-índice (2022=100),Número-índice,11046,27,N3,Unidade da Federação,Alagoas,202305,104.34806,99.82136
7167,PMS - Número-índice (2022=100),Número-índice,11046,27,N3,Unidade da Federação,Alagoas,202306,98.15486,94.26292
7167,PMS - Número-índice (2022=100),Número-índice,11046,27,N3,Unidade da Federação,Alagoas,202307,118.28605,109.96547
7167,PMS - Número-índice (2022=100),Número-índice,11046,27,N3,Unidade da Federação,Alagoas,202308,101.56216,94.77331
7167,PMS - Número-índice (2022=100),Número-índice,11046,27,N3,Unidade da Federação,Alagoas,202309,111.57452,102.21982
7167,PMS - Número-índice (2022=100),Número-índice,11046,27,N3,Unidade da Federação,Alagoas,202310,119.79181,103.93557
7167,PMS - Número-índice (2022=100),Número-índice,11046,27,N3,Unidade da Federação,Alagoas,202311,103.86828,86.29251
7167,PMS - Número-índice (2022=100),Número-índice,11046,27,N3,Unidade da Federação,Alagoas,202312,138.18625,115.23741
7167,PMS - Número-índice (2022=100),Número-índice,11046,27,N3,Unidade da Federação,Alagoas,202401,168.88985,137.06721
7167,PMS - Número-índice (2022=100),Número-índice,11046,27,N3,Unidade da Federação,Alagoas,202402,119.77832,100.27404
7167,PMS - Número-índice (2022=100),Número-índice,11046,27,N3,Unidade da Federação,Alagoas,202403,115.27043,100.52914
7167,PMS - Número-índice (2022=100),Número-índice,11046,27,N3,Unidade da Federação,Alagoas,202404,100.45207,90.04765
7167,PMS - Número-índice (2022=100),Número-índice,11046,27,N3,Unidade da Federação,Alagoas,202405,102.22471,92.05951
7167,PMS - Número-índice (2022=100),Número-índice,11046,27,N3,Unidade da Federação,Alagoas,202406,96.60992,87.10239
7167,PMS - Número-índice (2022=100),Número-índice,11046,27,N3,Unidade da Federação,Alagoas,202407,127.24504,108.06906
7167,PMS - Número-índice (2022=100),Número-índice,11046,27,N3,Unidade da Federação,Alagoas,202408,108.87036,95.01687
7167,PMS - Número-índice (2022=100),Número-índice,11046,27,N3,Unidade da Federação,Alagoas,202409,109.65036,92.63260
7167,PMS - Número-índice (2022=100),Número-índice,11046,29,N3,Unidade da Federação,Bahia,201101,57.84488,110.13467
7167,PMS - Número-índice (2022=100),Número-índice,11046,29,N3,Unidade da Federação,Bahia,201102,44.25680,86.92897
7167,PMS - Número-índice (2022=100),Número-índice,11046,29,N3,Unidade da Federação,Bahia,201103,47.32398,88.77999
7167,PMS - Número-índice (2022=100),Número-índice,11046,29,N3,Unidade da Federação,Bahia,201104,43.30345,81.52822
7167,PMS - Número-índice (2022=100),Número-índice,11046,29,N3,Unidade da Federação,Bahia,201105,40.81399,78.57406
7167,PMS - Número-índice (2022=100),Número-índice,11046,29,N3,Unidade da Federação,Bahia,201106,40.35258,74.81715
7167,PMS - Número-índice (2022=100),Número-índice,11046,29,N3,Unidade da Federação,Bahia,201107,48.97194,89.31177
7167,PMS - Número-índice (2022=100),Número-índice,11046,29,N3,Unidade da Federação,Bahia,201108,44.13443,80.46719
7167,PMS - Número-índice (2022=100),Número-índice,11046,29,N3,Unidade da Federação,Bahia,201109,43.24587,75.62449
7167,PMS - Número-índice (2022=100),Número-índice,11046,29,N3,Unidade da Federação,Bahia,201110,44.31175,75.35916
7167,PMS - Número-índice (2022=100),Número-índice,11046,29,N3,Unidade da Federação,Bahia,201111,45.91623,76.81814
7167,PMS - Número-índice (2022=100),Número-índice,11046,29,N3,Unidade da Federação,Bahia,201112,54.70171,91.42169
7167,PMS - Número-índice (2022=100),Número-índice,11046,29,N3,Unidade da Federação,Bahia,201201,64.49790,104.46781
7167,PMS - Número-índice (2022=100),Número-índice,11046,29,N3,Unidade da Federação,Bahia,201202,50.09369,82.73588
7167,PMS - Número-índice (2022=100),Número-índice,11046,29,N3,Unidade da Federação,Bahia,201203,48.54021,80.09500
7167,PMS - Número-índice (2022=100),Número-índice,11046,29,N3,Unidade da Federação,Bahia,201204,46.59543,76.96279
7167,PMS - Número-índice (2022=100),Número-índice,11046,29,N3,Unidade da Federação,Bahia,201205,44.38271,74.79306
7167,PMS - Número-índice (2022=100),Número-índice,11046,29,N3,Unidade da Federação,Bahia,201206,44.43961,72.64411
7167,PMS - Número-índice (2022=100),Número-índice,11046,29,N3,Unidade da Federação,Bahia,201207,54.14037,85.95960
7167,PMS - Número-índice (2022=100),Número-índice,11046,29,N3,Unidade da Federação,Bahia,201208,47.11836,76.33824
7167,PMS - Número-índice (2022=100),Número-índice,11046,29,N3,Unidade da Federação,Bahia,201209,47.40039,77.00860
7167,PMS - Número-índice (2022=100),Número-índice,11046,29,N3,Unidade da Federação,Bahia,201210,51.20099,82.41084
7167,PMS - Número-índice (2022=100),Número-índice,11046,29,N3,Unidade da Federação,Bahia,201211,53.65691,83.95728
7167,PMS - Número-índice (2022=100),Número-índice,11046,29,N3,Unidade da Federação,Bahia,201212,62.26720,95.00552
7167,PMS - Número-índice (2022=100),Número-índice,11046,29,N3,Unidade da Federação,Bahia,201301,74.15342,107.00366
7167,PMS - Número-índice (2022=100),Número-índice,11046,29,N3,Unidade da Federação,Bahia,201302,57.51499,84.58623
7167,PMS - Número-índice (2022=100),Número-índice,11046,29,N3,Unidade da Federação,Bahia,201303,56.75322,87.95836
7167,PMS - Número-índice (2022=100),Número-índice,11046,29,N3,Unidade da Federação,Bahia,201304,52.51569,84.28154
7167,PMS - Número-índice (2022=100),Número-índice,11046,29,N3,Unidade da Federação,Bahia,201305,49.07551,80.15462
7167,PMS - Número-índice (2022=100),Número-índice,11046,29,N3,Unidade da Federação,Bahia,201306,49.66131,77.87074
7167,PMS - Número-índice (2022=100),Número-índice,11046,29,N3,Unidade da Federação,Bahia,201307,61.05907,96.50251
7167,PMS - Número-índice (2022=100),Número-índice,11046,29,N3,Unidade da Federação,Bahia,201308,54.49009,86.75551
7167,PMS - Número-índice (2022=100),Número-índice,11046,29,N3,Unidade da Federação,Bahia,201309,52.80613,81.01385
7167,PMS - Número-índice (2022=100),Número-índice,11046,29,N3,Unidade da Federação,Bahia,201310,57.25005,88.67434
7167,PMS - Número-índice (2022=100),Número-índice,11046,29,N3,Unidade da Federação,Bahia,201311,56.91858,86.44210
7167,PMS - Número-índice (2022=100),Número-índice,11046,29,N3,Unidade da Federação,Bahia,201312,69.44027,99.61319
7167,PMS - Número-índice (2022=100),Número-índice,11046,29,N3,Unidade da Federação,Bahia,201401,82.43286,119.77464
7167,PMS - Número-índice (2022=100),Número-índice,11046,29,N3,Unidade da Federação,Bahia,201402,60.58901,98.13712
7167,PMS - Número-índice (2022=100),Número-índice,11046,29,N3,Unidade da Federação,Bahia,201403,64.02980,96.23744
7167,PMS - Número-índice (2022=100),Número-índice,11046,29,N3,Unidade da Federação,Bahia,201404,59.48890,91.00255
7167,PMS - Número-índice (2022=100),Número-índice,11046,29,N3,Unidade da Federação,Bahia,201405,56.22631,90.44057
7167,PMS - Número-índice (2022=100),Número-índice,11046,29,N3,Unidade da Federação,Bahia,201406,60.31999,85.29391
7167,PMS - Número-índice (2022=100),Número-índice,11046,29,N3,Unidade da Federação,Bahia,201407,64.96065,105.92809
7167,PMS - Número-índice (2022=100),Número-índice,11046,29,N3,Unidade da Federação,Bahia,201408,59.19151,94.35515
7167,PMS - Número-índice (2022=100),Número-índice,11046,29,N3,Unidade da Federação,Bahia,201409,58.86639,90.12509
7167,PMS - Número-índice (2022=100),Número-índice,11046,29,N3,Unidade da Federação,Bahia,201410,60.68645,92.67208
7167,PMS - Número-índice (2022=100),Número-índice,11046,29,N3,Unidade da Federação,Bahia,201411,59.03930,90.36397
7167,PMS - Número-índice (2022=100),Número-índice,11046,29,N3,Unidade da Federação,Bahia,201412,73.30699,100.12997
7167,PMS - Número-índice (2022=100),Número-índice,11046,29,N3,Unidade da Federação,Bahia,201501,85.62731,114.75161
7167,PMS - Número-índice (2022=100),Número-índice,11046,29,N3,Unidade da Federação,Bahia,201502,71.45708,101.39013
7167,PMS - Número-índice (2022=100),Número-índice,11046,29,N3,Unidade da Federação,Bahia,201503,63.94185,94.95333
7167,PMS - Número-índice (2022=100),Número-índice,11046,29,N3,Unidade da Federação,Bahia,201504,61.37133,90.44460
7167,PMS - Número-índice (2022=100),Número-índice,11046,29,N3,Unidade da Federação,Bahia,201505,57.28248,89.71914
7167,PMS - Número-índice (2022=100),Número-índice,11046,29,N3,Unidade da Federação,Bahia,201506,57.16093,80.78048
7167,PMS - Número-índice (2022=100),Número-índice,11046,29,N3,Unidade da Federação,Bahia,201507,67.14291,95.27937
7167,PMS - Número-índice (2022=100),Número-índice,11046,29,N3,Unidade da Federação,Bahia,201508,61.52436,92.69979
7167,PMS - Número-índice (2022=100),Número-índice,11046,29,N3,Unidade da Federação,Bahia,201509,57.81653,84.98917
7167,PMS - Número-índice (2022=100),Número-índice,11046,29,N3,Unidade da Federação,Bahia,201510,65.25284,94.43423
7167,PMS - Número-índice (2022=100),Número-índice,11046,29,N3,Unidade da Federação,Bahia,201511,61.70736,85.24948
7167,PMS - Número-índice (2022=100),Número-índice,11046,29,N3,Unidade da Federação,Bahia,201512,75.14744,97.25050
7167,PMS - Número-índice (2022=100),Número-índice,11046,29,N3,Unidade da Federação,Bahia,201601,90.75130,114.94679
7167,PMS - Número-índice (2022=100),Número-índice,11046,29,N3,Unidade da Federação,Bahia,201602,74.69988,100.99579
7167,PMS - Número-índice (2022=100),Número-índice,11046,29,N3,Unidade da Federação,Bahia,201603,64.99791,89.13098
7167,PMS - Número-índice (2022=100),Número-índice,11046,29,N3,Unidade da Federação,Bahia,201604,58.04087,80.47073
7167,PMS - Número-índice (2022=100),Número-índice,11046,29,N3,Unidade da Federação,Bahia,201605,52.57471,72.98740
7167,PMS - Número-índice (2022=100),Número-índice,11046,29,N3,Unidade da Federação,Bahia,201606,50.59520,69.89513
7167,PMS - Número-índice (2022=100),Número-índice,11046,29,N3,Unidade da Federação,Bahia,201607,64.34154,88.15958
7167,PMS - Número-índice (2022=100),Número-índice,11046,29,N3,Unidade da Federação,Bahia,201608,55.03315,75.93486
7167,PMS - Número-índice (2022=100),Número-índice,11046,29,N3,Unidade da Federação,Bahia,201609,56.68881,78.17566
7167,PMS - Número-índice (2022=100),Número-índice,11046,29,N3,Unidade da Federação,Bahia,201610,60.58438,80.64262
7167,PMS - Número-índice (2022=100),Número-índice,11046,29,N3,Unidade da Federação,Bahia,201611,62.63667,84.45224
7167,PMS - Número-índice (2022=100),Número-índice,11046,29,N3,Unidade da Federação,Bahia,201612,74.32616,94.92975
7167,PMS - Número-índice (2022=100),Número-índice,11046,29,N3,Unidade da Federação,Bahia,201701,101.12167,124.60861
7167,PMS - Número-índice (2022=100),Número-índice,11046,29,N3,Unidade da Federação,Bahia,201702,76.69331,97.03806
7167,PMS - Número-índice (2022=100),Número-índice,11046,29,N3,Unidade da Federação,Bahia,201703,73.07006,93.39749
7167,PMS - Número-índice (2022=100),Número-índice,11046,29,N3,Unidade da Federação,Bahia,201704,63.68232,79.57965
7167,PMS - Número-índice (2022=100),Número-índice,11046,29,N3,Unidade da Federação,Bahia,201705,57.00948,73.03591
7167,PMS - Número-índice (2022=100),Número-índice,11046,29,N3,Unidade da Federação,Bahia,201706,57.87450,72.85550
7167,PMS - Número-índice (2022=100),Número-índice,11046,29,N3,Unidade da Federação,Bahia,201707,69.55668,88.21384
7167,PMS - Número-índice (2022=100),Número-índice,11046,29,N3,Unidade da Federação,Bahia,201708,60.17283,75.78379
7167,PMS - Número-índice (2022=100),Número-índice,11046,29,N3,Unidade da Federação,Bahia,201709,62.15458,76.76127
7167,PMS - Número-índice (2022=100),Número-índice,11046,29,N3,Unidade da Federação,Bahia,201710,66.98081,82.80788
7167,PMS - Número-índice (2022=100),Número-índice,11046,29,N3,Unidade da Federação,Bahia,201711,65.44490,82.60208
7167,PMS - Número-índice (2022=100),Número-índice,11046,29,N3,Unidade da Federação,Bahia,201712,83.60730,102.35204
7167,PMS - Número-índice (2022=100),Número-índice,11046,29,N3,Unidade da Federação,Bahia,201801,105.17789,127.07074
7167,PMS - Número-índice (2022=100),Número-índice,11046,29,N3,Unidade da Federação,Bahia,201802,75.63997,89.21786
7167,PMS - Número-índice (2022=100),Número-índice,11046,29,N3,Unidade da Federação,Bahia,201803,69.31544,84.23116
7167,PMS - Número-índice (2022=100),Número-índice,11046,29,N3,Unidade da Federação,Bahia,201804,65.45087,79.46844
7167,PMS - Número-índice (2022=100),Número-índice,11046,29,N3,Unidade da Federação,Bahia,201805,55.17783,67.42872
7167,PMS - Número-índice (2022=100),Número-índice,11046,29,N3,Unidade da Federação,Bahia,201806,54.62010,66.71266
7167,PMS - Número-índice (2022=100),Número-índice,11046,29,N3,Unidade da Federação,Bahia,201807,71.54218,83.98932
7167,PMS - Número-índice (2022=100),Número-índice,11046,29,N3,Unidade da Federação,Bahia,201808,64.62008,80.22187
7167,PMS - Número-índice (2022=100),Número-índice,11046,29,N3,Unidade da Federação,Bahia,201809,66.14447,80.68352
7167,PMS - Número-índice (2022=100),Número-índice,11046,29,N3,Unidade da Federação,Bahia,201810,70.77398,85.02825
7167,PMS - Número-índice (2022=100),Número-índice,11046,29,N3,Unidade da Federação,Bahia,201811,73.55965,87.98356
7167,PMS - Número-índice (2022=100),Número-índice,11046,29,N3,Unidade da Federação,Bahia,201812,89.02558,101.09081
7167,PMS - Número-índice (2022=100),Número-índice,11046,29,N3,Unidade da Federação,Bahia,201901,108.25044,121.47239
7167,PMS - Número-índice (2022=100),Número-índice,11046,29,N3,Unidade da Federação,Bahia,201902,75.72114,87.53515
7167,PMS - Número-índice (2022=100),Número-índice,11046,29,N3,Unidade da Federação,Bahia,201903,79.40308,90.78074
7167,PMS - Número-índice (2022=100),Número-índice,11046,29,N3,Unidade da Federação,Bahia,201904,68.77616,77.66656
7167,PMS - Número-índice (2022=100),Número-índice,11046,29,N3,Unidade da Federação,Bahia,201905,63.83089,73.69634
7167,PMS - Número-índice (2022=100),Número-índice,11046,29,N3,Unidade da Federação,Bahia,201906,64.24707,71.41224
7167,PMS - Número-índice (2022=100),Número-índice,11046,29,N3,Unidade da Federação,Bahia,201907,79.67771,89.02936
7167,PMS - Número-índice (2022=100),Número-índice,11046,29,N3,Unidade da Federação,Bahia,201908,71.91064,82.48712
7167,PMS - Número-índice (2022=100),Número-índice,11046,29,N3,Unidade da Federação,Bahia,201909,67.79240,78.50144
7167,PMS - Número-índice (2022=100),Número-índice,11046,29,N3,Unidade da Federação,Bahia,201910,75.57880,87.46679
7167,PMS - Número-índice (2022=100),Número-índice,11046,29,N3,Unidade da Federação,Bahia,201911,76.56031,87.39785
7167,PMS - Número-índice (2022=100),Número-índice,11046,29,N3,Unidade da Federação,Bahia,201912,91.08093,101.62526
7167,PMS - Número-índice (2022=100),Número-índice,11046,29,N3,Unidade da Federação,Bahia,202001,111.90709,121.82257
7167,PMS - Número-índice (2022=100),Número-índice,11046,29,N3,Unidade da Federação,Bahia,202002,86.84992,96.48455
7167,PMS - Número-índice (2022=100),Número-índice,11046,29,N3,Unidade da Federação,Bahia,202003,57.17891,65.90055
7167,PMS - Número-índice (2022=100),Número-índice,11046,29,N3,Unidade da Federação,Bahia,202004,18.05435,21.07115
7167,PMS - Número-índice (2022=100),Número-índice,11046,29,N3,Unidade da Federação,Bahia,202005,17.35239,20.51722
7167,PMS - Número-índice (2022=100),Número-índice,11046,29,N3,Unidade da Federação,Bahia,202006,17.18992,20.75173
7167,PMS - Número-índice (2022=100),Número-índice,11046,29,N3,Unidade da Federação,Bahia,202007,19.57664,24.27446
7167,PMS - Número-índice (2022=100),Número-índice,11046,29,N3,Unidade da Federação,Bahia,202008,26.85565,33.30050
7167,PMS - Número-índice (2022=100),Número-índice,11046,29,N3,Unidade da Federação,Bahia,202009,35.05001,43.27571
7167,PMS - Número-índice (2022=100),Número-índice,11046,29,N3,Unidade da Federação,Bahia,202010,49.92623,59.61706
7167,PMS - Número-índice (2022=100),Número-índice,11046,29,N3,Unidade da Federação,Bahia,202011,56.46824,67.63720
7167,PMS - Número-índice (2022=100),Número-índice,11046,29,N3,Unidade da Federação,Bahia,202012,72.96204,84.63182
7167,PMS - Número-índice (2022=100),Número-índice,11046,29,N3,Unidade da Federação,Bahia,202101,86.95227,102.98705
7167,PMS - Número-índice (2022=100),Número-índice,11046,29,N3,Unidade da Federação,Bahia,202102,59.46372,69.87138
7167,PMS - Número-índice (2022=100),Número-índice,11046,29,N3,Unidade da Federação,Bahia,202103,46.90586,57.91209
7167,PMS - Número-índice (2022=100),Número-índice,11046,29,N3,Unidade da Federação,Bahia,202104,39.79617,47.04769
7167,PMS - Número-índice (2022=100),Número-índice,11046,29,N3,Unidade da Federação,Bahia,202105,48.13119,61.00589
7167,PMS - Número-índice (2022=100),Número-índice,11046,29,N3,Unidade da Federação,Bahia,202106,51.56573,65.01068
7167,PMS - Número-índice (2022=100),Número-índice,11046,29,N3,Unidade da Federação,Bahia,202107,74.30194,90.08034
7167,PMS - Número-índice (2022=100),Número-índice,11046,29,N3,Unidade da Federação,Bahia,202108,68.91523,83.63530
7167,PMS - Número-índice (2022=100),Número-índice,11046,29,N3,Unidade da Federação,Bahia,202109,77.71848,88.69376
7167,PMS - Número-índice (2022=100),Número-índice,11046,29,N3,Unidade da Federação,Bahia,202110,88.73467,93.84656
7167,PMS - Número-índice (2022=100),Número-índice,11046,29,N3,Unidade da Federação,Bahia,202111,91.06035,98.64139
7167,PMS - Número-índice (2022=100),Número-índice,11046,29,N3,Unidade da Federação,Bahia,202112,108.89034,113.68527
7167,PMS - Número-índice (2022=100),Número-índice,11046,29,N3,Unidade da Federação,Bahia,202201,121.67840,125.00019
7167,PMS - Número-índice (2022=100),Número-índice,11046,29,N3,Unidade da Federação,Bahia,202202,86.15393,92.03439
7167,PMS - Número-índice (2022=100),Número-índice,11046,29,N3,Unidade da Federação,Bahia,202203,92.07026,96.05064
7167,PMS - Número-índice (2022=100),Número-índice,11046,29,N3,Unidade da Federação,Bahia,202204,92.67279,96.79919
7167,PMS - Número-índice (2022=100),Número-índice,11046,29,N3,Unidade da Federação,Bahia,202205,87.09516,88.67453
7167,PMS - Número-índice (2022=100),Número-índice,11046,29,N3,Unidade da Federação,Bahia,202206,84.14242,81.23622
7167,PMS - Número-índice (2022=100),Número-índice,11046,29,N3,Unidade da Federação,Bahia,202207,106.57651,102.73060
7167,PMS - Número-índice (2022=100),Número-índice,11046,29,N3,Unidade da Federação,Bahia,202208,96.64462,95.07735
7167,PMS - Número-índice (2022=100),Número-índice,11046,29,N3,Unidade da Federação,Bahia,202209,96.10820,95.93695
7167,PMS - Número-índice (2022=100),Número-índice,11046,29,N3,Unidade da Federação,Bahia,202210,106.18886,104.65508
7167,PMS - Número-índice (2022=100),Número-índice,11046,29,N3,Unidade da Federação,Bahia,202211,107.14468,103.28952
7167,PMS - Número-índice (2022=100),Número-índice,11046,29,N3,Unidade da Federação,Bahia,202212,123.52416,118.51536
7167,PMS - Número-índice (2022=100),Número-índice,11046,29,N3,Unidade da Federação,Bahia,202301,155.76586,143.43524
7167,PMS - Número-índice (2022=100),Número-índice,11046,29,N3,Unidade da Federação,Bahia,202302,118.00936,111.39990
7167,PMS - Número-índice (2022=100),Número-índice,11046,29,N3,Unidade da Federação,Bahia,202303,107.54787,107.19898
7167,PMS - Número-índice (2022=100),Número-índice,11046,29,N3,Unidade da Federação,Bahia,202304,101.25138,95.76817
7167,PMS - Número-índice (2022=100),Número-índice,11046,29,N3,Unidade da Federação,Bahia,202305,96.67311,100.57423
7167,PMS - Número-índice (2022=100),Número-índice,11046,29,N3,Unidade da Federação,Bahia,202306,94.24533,93.37222
7167,PMS - Número-índice (2022=100),Número-índice,11046,29,N3,Unidade da Federação,Bahia,202307,132.45345,124.70268
7167,PMS - Número-índice (2022=100),Número-índice,11046,29,N3,Unidade da Federação,Bahia,202308,106.08574,107.17218
7167,PMS - Número-índice (2022=100),Número-índice,11046,29,N3,Unidade da Federação,Bahia,202309,114.20082,113.70430
7167,PMS - Número-índice (2022=100),Número-índice,11046,29,N3,Unidade da Federação,Bahia,202310,122.11351,115.01421
7167,PMS - Número-índice (2022=100),Número-índice,11046,29,N3,Unidade da Federação,Bahia,202311,117.70343,104.80958
7167,PMS - Número-índice (2022=100),Número-índice,11046,29,N3,Unidade da Federação,Bahia,202312,141.79783,118.59701
7167,PMS - Número-índice (2022=100),Número-índice,11046,29,N3,Unidade da Federação,Bahia,202401,175.58500,144.57198
7167,PMS - Número-índice (2022=100),Número-índice,11046,29,N3,Unidade da Federação,Bahia,202402,136.16809,116.65516
7167,PMS - Número-índice (2022=100),Número-índice,11046,29,N3,Unidade da Federação,Bahia,202403,139.54760,123.80414
7167,PMS - Número-índice (2022=100),Número-índice,11046,29,N3,Unidade da Federação,Bahia,202404,114.74964,107.91364
7167,PMS - Número-índice (2022=100),Número-índice,11046,29,N3,Unidade da Federação,Bahia,202405,112.87807,107.10977
7167,PMS - Número-índice (2022=100),Número-índice,11046,29,N3,Unidade da Federação,Bahia,202406,117.05822,111.79686
7167,PMS - Número-índice (2022=100),Número-índice,11046,29,N3,Unidade da Federação,Bahia,202407,141.50397,126.31790
7167,PMS - Número-índice (2022=100),Número-índice,11046,29,N3,Unidade da Federação,Bahia,202408,129.14429,118.41179
7167,PMS - Número-índice (2022=100),Número-índice,11046,29,N3,Unidade da Federação,Bahia,202409,128.61796,112.96288
7167,PMS - Número-índice (2022=100),Número-índice,11046,31,N3,Unidade da Federação,Minas Gerais,201101,44.12214,78.75757
7167,PMS - Número-índice (2022=100),Número-índice,11046,31,N3,Unidade da Federação,Minas Gerais,201102,39.40523,71.51961
7167,PMS - Número-índice (2022=100),Número-índice,11046,31,N3,Unidade da Federação,Minas Gerais,201103,42.65947,73.82496
7167,PMS - Número-índice (2022=100),Número-índice,11046,31,N3,Unidade da Federação,Minas Gerais,201104,43.66280,75.89366
7167,PMS - Número-índice (2022=100),Número-índice,11046,31,N3,Unidade da Federação,Minas Gerais,201105,44.51344,79.06916
7167,PMS - Número-índice (2022=100),Número-índice,11046,31,N3,Unidade da Federação,Minas Gerais,201106,45.23245,78.38444
7167,PMS - Número-índice (2022=100),Número-índice,11046,31,N3,Unidade da Federação,Minas Gerais,201107,49.03696,84.44877
7167,PMS - Número-índice (2022=100),Número-índice,11046,31,N3,Unidade da Federação,Minas Gerais,201108,47.30625,82.88300
7167,PMS - Número-índice (2022=100),Número-índice,11046,31,N3,Unidade da Federação,Minas Gerais,201109,47.64888,80.40258
7167,PMS - Número-índice (2022=100),Número-índice,11046,31,N3,Unidade da Federação,Minas Gerais,201110,49.38555,80.85145
7167,PMS - Número-índice (2022=100),Número-índice,11046,31,N3,Unidade da Federação,Minas Gerais,201111,50.32739,81.81893
7167,PMS - Número-índice (2022=100),Número-índice,11046,31,N3,Unidade da Federação,Minas Gerais,201112,55.80577,91.10076
7167,PMS - Número-índice (2022=100),Número-índice,11046,31,N3,Unidade da Federação,Minas Gerais,201201,51.35771,81.01492
7167,PMS - Número-índice (2022=100),Número-índice,11046,31,N3,Unidade da Federação,Minas Gerais,201202,45.83307,73.12410
7167,PMS - Número-índice (2022=100),Número-índice,11046,31,N3,Unidade da Federação,Minas Gerais,201203,49.09797,78.14744
7167,PMS - Número-índice (2022=100),Número-índice,11046,31,N3,Unidade da Federação,Minas Gerais,201204,49.04797,77.05167
7167,PMS - Número-índice (2022=100),Número-índice,11046,31,N3,Unidade da Federação,Minas Gerais,201205,49.29950,78.33869
7167,PMS - Número-índice (2022=100),Número-índice,11046,31,N3,Unidade da Federação,Minas Gerais,201206,50.63151,79.73486
7167,PMS - Número-índice (2022=100),Número-índice,11046,31,N3,Unidade da Federação,Minas Gerais,201207,56.86670,88.84531
7167,PMS - Número-índice (2022=100),Número-índice,11046,31,N3,Unidade da Federação,Minas Gerais,201208,53.22740,83.31287
7167,PMS - Número-índice (2022=100),Número-índice,11046,31,N3,Unidade da Federação,Minas Gerais,201209,51.30139,79.37016
7167,PMS - Número-índice (2022=100),Número-índice,11046,31,N3,Unidade da Federação,Minas Gerais,201210,53.85604,81.29228
7167,PMS - Número-índice (2022=100),Número-índice,11046,31,N3,Unidade da Federação,Minas Gerais,201211,54.52316,80.46565
7167,PMS - Número-índice (2022=100),Número-índice,11046,31,N3,Unidade da Federação,Minas Gerais,201212,60.83138,88.75708
7167,PMS - Número-índice (2022=100),Número-índice,11046,31,N3,Unidade da Federação,Minas Gerais,201301,56.35825,79.46553
7167,PMS - Número-índice (2022=100),Número-índice,11046,31,N3,Unidade da Federação,Minas Gerais,201302,47.98736,68.54198
7167,PMS - Número-índice (2022=100),Número-índice,11046,31,N3,Unidade da Federação,Minas Gerais,201303,53.59829,77.72297
7167,PMS - Número-índice (2022=100),Número-índice,11046,31,N3,Unidade da Federação,Minas Gerais,201304,52.77527,77.01300
7167,PMS - Número-índice (2022=100),Número-índice,11046,31,N3,Unidade da Federação,Minas Gerais,201305,54.55579,79.48562
7167,PMS - Número-índice (2022=100),Número-índice,11046,31,N3,Unidade da Federação,Minas Gerais,201306,53.65202,77.45944
7167,PMS - Número-índice (2022=100),Número-índice,11046,31,N3,Unidade da Federação,Minas Gerais,201307,61.21894,88.12142
7167,PMS - Número-índice (2022=100),Número-índice,11046,31,N3,Unidade da Federação,Minas Gerais,201308,57.14343,82.89567
7167,PMS - Número-índice (2022=100),Número-índice,11046,31,N3,Unidade da Federação,Minas Gerais,201309,57.62265,82.20350
7167,PMS - Número-índice (2022=100),Número-índice,11046,31,N3,Unidade da Federação,Minas Gerais,201310,60.60182,85.42780
7167,PMS - Número-índice (2022=100),Número-índice,11046,31,N3,Unidade da Federação,Minas Gerais,201311,57.80992,80.51889
7167,PMS - Número-índice (2022=100),Número-índice,11046,31,N3,Unidade da Federação,Minas Gerais,201312,63.83276,87.66313
7167,PMS - Número-índice (2022=100),Número-índice,11046,31,N3,Unidade da Federação,Minas Gerais,201401,58.43403,80.76648
7167,PMS - Número-índice (2022=100),Número-índice,11046,31,N3,Unidade da Federação,Minas Gerais,201402,53.38293,79.71488
7167,PMS - Número-índice (2022=100),Número-índice,11046,31,N3,Unidade da Federação,Minas Gerais,201403,56.35987,79.32396
7167,PMS - Número-índice (2022=100),Número-índice,11046,31,N3,Unidade da Federação,Minas Gerais,201404,59.88980,82.72118
7167,PMS - Número-índice (2022=100),Número-índice,11046,31,N3,Unidade da Federação,Minas Gerais,201405,58.98786,85.10981
7167,PMS - Número-índice (2022=100),Número-índice,11046,31,N3,Unidade da Federação,Minas Gerais,201406,59.80981,80.75014
7167,PMS - Número-índice (2022=100),Número-índice,11046,31,N3,Unidade da Federação,Minas Gerais,201407,63.10193,92.41135
7167,PMS - Número-índice (2022=100),Número-índice,11046,31,N3,Unidade da Federação,Minas Gerais,201408,60.17632,86.29717
7167,PMS - Número-índice (2022=100),Número-índice,11046,31,N3,Unidade da Federação,Minas Gerais,201409,60.22206,84.60494
7167,PMS - Número-índice (2022=100),Número-índice,11046,31,N3,Unidade da Federação,Minas Gerais,201410,61.33471,84.24557
7167,PMS - Número-índice (2022=100),Número-índice,11046,31,N3,Unidade da Federação,Minas Gerais,201411,59.42654,82.64302
7167,PMS - Número-índice (2022=100),Número-índice,11046,31,N3,Unidade da Federação,Minas Gerais,201412,67.35998,87.95654
7167,PMS - Número-índice (2022=100),Número-índice,11046,31,N3,Unidade da Federação,Minas Gerais,201501,60.74602,80.02867
7167,PMS - Número-índice (2022=100),Número-índice,11046,31,N3,Unidade da Federação,Minas Gerais,201502,51.59015,72.14786
7167,PMS - Número-índice (2022=100),Número-índice,11046,31,N3,Unidade da Federação,Minas Gerais,201503,54.08537,76.41132
7167,PMS - Número-índice (2022=100),Número-índice,11046,31,N3,Unidade da Federação,Minas Gerais,201504,55.10594,76.13544
7167,PMS - Número-índice (2022=100),Número-índice,11046,31,N3,Unidade da Federação,Minas Gerais,201505,56.37702,82.30847
7167,PMS - Número-índice (2022=100),Número-índice,11046,31,N3,Unidade da Federação,Minas Gerais,201506,54.98645,77.19811
7167,PMS - Número-índice (2022=100),Número-índice,11046,31,N3,Unidade da Federação,Minas Gerais,201507,62.20289,86.33149
7167,PMS - Número-índice (2022=100),Número-índice,11046,31,N3,Unidade da Federação,Minas Gerais,201508,57.33772,84.89051
7167,PMS - Número-índice (2022=100),Número-índice,11046,31,N3,Unidade da Federação,Minas Gerais,201509,57.26310,80.37070
7167,PMS - Número-índice (2022=100),Número-índice,11046,31,N3,Unidade da Federação,Minas Gerais,201510,59.44974,83.64827
7167,PMS - Número-índice (2022=100),Número-índice,11046,31,N3,Unidade da Federação,Minas Gerais,201511,57.82556,82.60628
7167,PMS - Número-índice (2022=100),Número-índice,11046,31,N3,Unidade da Federação,Minas Gerais,201512,64.59791,84.39977
7167,PMS - Número-índice (2022=100),Número-índice,11046,31,N3,Unidade da Federação,Minas Gerais,201601,59.53014,77.33577
7167,PMS - Número-índice (2022=100),Número-índice,11046,31,N3,Unidade da Federação,Minas Gerais,201602,51.82451,69.51151
7167,PMS - Número-índice (2022=100),Número-índice,11046,31,N3,Unidade da Federação,Minas Gerais,201603,55.41707,75.81086
7167,PMS - Número-índice (2022=100),Número-índice,11046,31,N3,Unidade da Federação,Minas Gerais,201604,54.09968,73.20257
7167,PMS - Número-índice (2022=100),Número-índice,11046,31,N3,Unidade da Federação,Minas Gerais,201605,54.18824,73.40308
7167,PMS - Número-índice (2022=100),Número-índice,11046,31,N3,Unidade da Federação,Minas Gerais,201606,51.42149,69.55550
7167,PMS - Número-índice (2022=100),Número-índice,11046,31,N3,Unidade da Federação,Minas Gerais,201607,59.63560,78.16198
7167,PMS - Número-índice (2022=100),Número-índice,11046,31,N3,Unidade da Federação,Minas Gerais,201608,55.41054,71.79921
7167,PMS - Número-índice (2022=100),Número-índice,11046,31,N3,Unidade da Federação,Minas Gerais,201609,54.76323,72.69787
7167,PMS - Número-índice (2022=100),Número-índice,11046,31,N3,Unidade da Federação,Minas Gerais,201610,57.08346,74.13862
7167,PMS - Número-índice (2022=100),Número-índice,11046,31,N3,Unidade da Federação,Minas Gerais,201611,56.89351,73.99200
7167,PMS - Número-índice (2022=100),Número-índice,11046,31,N3,Unidade da Federação,Minas Gerais,201612,63.92247,80.01082
7167,PMS - Número-índice (2022=100),Número-índice,11046,31,N3,Unidade da Federação,Minas Gerais,201701,67.62882,80.46404
7167,PMS - Número-índice (2022=100),Número-índice,11046,31,N3,Unidade da Federação,Minas Gerais,201702,59.55198,71.35522
7167,PMS - Número-índice (2022=100),Número-índice,11046,31,N3,Unidade da Federação,Minas Gerais,201703,65.21634,77.67974
7167,PMS - Número-índice (2022=100),Número-índice,11046,31,N3,Unidade da Federação,Minas Gerais,201704,61.13643,70.51158
7167,PMS - Número-índice (2022=100),Número-índice,11046,31,N3,Unidade da Federação,Minas Gerais,201705,60.00443,70.20371
7167,PMS - Número-índice (2022=100),Número-índice,11046,31,N3,Unidade da Federação,Minas Gerais,201706,61.03979,70.78111
7167,PMS - Número-índice (2022=100),Número-índice,11046,31,N3,Unidade da Federação,Minas Gerais,201707,66.96964,77.37403
7167,PMS - Número-índice (2022=100),Número-índice,11046,31,N3,Unidade da Federação,Minas Gerais,201708,61.62962,72.76944
7167,PMS - Número-índice (2022=100),Número-índice,11046,31,N3,Unidade da Federação,Minas Gerais,201709,63.33055,73.27231
7167,PMS - Número-índice (2022=100),Número-índice,11046,31,N3,Unidade da Federação,Minas Gerais,201710,66.26039,76.18041
7167,PMS - Número-índice (2022=100),Número-índice,11046,31,N3,Unidade da Federação,Minas Gerais,201711,64.14776,75.68947
7167,PMS - Número-índice (2022=100),Número-índice,11046,31,N3,Unidade da Federação,Minas Gerais,201712,77.12163,88.19822
7167,PMS - Número-índice (2022=100),Número-índice,11046,31,N3,Unidade da Federação,Minas Gerais,201801,72.77577,84.54751
7167,PMS - Número-índice (2022=100),Número-índice,11046,31,N3,Unidade da Federação,Minas Gerais,201802,59.92483,68.65312
7167,PMS - Número-índice (2022=100),Número-índice,11046,31,N3,Unidade da Federação,Minas Gerais,201803,64.44571,74.71784
7167,PMS - Número-índice (2022=100),Número-índice,11046,31,N3,Unidade da Federação,Minas Gerais,201804,64.06530,74.69921
7167,PMS - Número-índice (2022=100),Número-índice,11046,31,N3,Unidade da Federação,Minas Gerais,201805,63.15942,74.08544
7167,PMS - Número-índice (2022=100),Número-índice,11046,31,N3,Unidade da Federação,Minas Gerais,201806,61.30809,71.06289
7167,PMS - Número-índice (2022=100),Número-índice,11046,31,N3,Unidade da Federação,Minas Gerais,201807,70.87444,78.17502
7167,PMS - Número-índice (2022=100),Número-índice,11046,31,N3,Unidade da Federação,Minas Gerais,201808,66.58762,76.24323
7167,PMS - Número-índice (2022=100),Número-índice,11046,31,N3,Unidade da Federação,Minas Gerais,201809,66.57083,75.32237
7167,PMS - Número-índice (2022=100),Número-índice,11046,31,N3,Unidade da Federação,Minas Gerais,201810,68.79719,76.93369
7167,PMS - Número-índice (2022=100),Número-índice,11046,31,N3,Unidade da Federação,Minas Gerais,201811,68.70809,76.95923
7167,PMS - Número-índice (2022=100),Número-índice,11046,31,N3,Unidade da Federação,Minas Gerais,201812,79.19926,85.00980
7167,PMS - Número-índice (2022=100),Número-índice,11046,31,N3,Unidade da Federação,Minas Gerais,201901,75.22225,82.57517
7167,PMS - Número-índice (2022=100),Número-índice,11046,31,N3,Unidade da Federação,Minas Gerais,201902,62.12794,68.58568
7167,PMS - Número-índice (2022=100),Número-índice,11046,31,N3,Unidade da Federação,Minas Gerais,201903,68.34148,74.32543
7167,PMS - Número-índice (2022=100),Número-índice,11046,31,N3,Unidade da Federação,Minas Gerais,201904,68.24537,73.76206
7167,PMS - Número-índice (2022=100),Número-índice,11046,31,N3,Unidade da Federação,Minas Gerais,201905,69.16270,78.24474
7167,PMS - Número-índice (2022=100),Número-índice,11046,31,N3,Unidade da Federação,Minas Gerais,201906,68.99854,74.78574
7167,PMS - Número-índice (2022=100),Número-índice,11046,31,N3,Unidade da Federação,Minas Gerais,201907,78.68927,82.58488
7167,PMS - Número-índice (2022=100),Número-índice,11046,31,N3,Unidade da Federação,Minas Gerais,201908,72.13264,77.52409
7167,PMS - Número-índice (2022=100),Número-índice,11046,31,N3,Unidade da Federação,Minas Gerais,201909,71.36162,78.61754
7167,PMS - Número-índice (2022=100),Número-índice,11046,31,N3,Unidade da Federação,Minas Gerais,201910,75.01833,80.62224
7167,PMS - Número-índice (2022=100),Número-índice,11046,31,N3,Unidade da Federação,Minas Gerais,201911,74.62492,80.25260
7167,PMS - Número-índice (2022=100),Número-índice,11046,31,N3,Unidade da Federação,Minas Gerais,201912,87.09500,90.27253
7167,PMS - Número-índice (2022=100),Número-índice,11046,31,N3,Unidade da Federação,Minas Gerais,202001,80.75844,84.42834
7167,PMS - Número-índice (2022=100),Número-índice,11046,31,N3,Unidade da Federação,Minas Gerais,202002,66.39011,68.62264
7167,PMS - Número-índice (2022=100),Número-índice,11046,31,N3,Unidade da Federação,Minas Gerais,202003,49.77014,53.30700
7167,PMS - Número-índice (2022=100),Número-índice,11046,31,N3,Unidade da Federação,Minas Gerais,202004,23.72635,26.62629
7167,PMS - Número-índice (2022=100),Número-índice,11046,31,N3,Unidade da Federação,Minas Gerais,202005,27.02804,30.49653
7167,PMS - Número-índice (2022=100),Número-índice,11046,31,N3,Unidade da Federação,Minas Gerais,202006,30.04225,34.69731
7167,PMS - Número-índice (2022=100),Número-índice,11046,31,N3,Unidade da Federação,Minas Gerais,202007,33.06461,38.38780
7167,PMS - Número-índice (2022=100),Número-índice,11046,31,N3,Unidade da Federação,Minas Gerais,202008,39.07298,45.30785
7167,PMS - Número-índice (2022=100),Número-índice,11046,31,N3,Unidade da Federação,Minas Gerais,202009,44.18563,51.11796
7167,PMS - Número-índice (2022=100),Número-índice,11046,31,N3,Unidade da Federação,Minas Gerais,202010,52.89501,58.54498
7167,PMS - Número-índice (2022=100),Número-índice,11046,31,N3,Unidade da Federação,Minas Gerais,202011,51.57559,55.76454
7167,PMS - Número-índice (2022=100),Número-índice,11046,31,N3,Unidade da Federação,Minas Gerais,202012,60.49623,62.62723
7167,PMS - Número-índice (2022=100),Número-índice,11046,31,N3,Unidade da Federação,Minas Gerais,202101,52.89034,56.89494
7167,PMS - Número-índice (2022=100),Número-índice,11046,31,N3,Unidade da Federação,Minas Gerais,202102,46.49620,49.98547
7167,PMS - Número-índice (2022=100),Número-índice,11046,31,N3,Unidade da Federação,Minas Gerais,202103,41.72775,46.22471
7167,PMS - Número-índice (2022=100),Número-índice,11046,31,N3,Unidade da Federação,Minas Gerais,202104,38.30243,41.27339
7167,PMS - Número-índice (2022=100),Número-índice,11046,31,N3,Unidade da Federação,Minas Gerais,202105,48.68568,55.08977
7167,PMS - Número-índice (2022=100),Número-índice,11046,31,N3,Unidade da Federação,Minas Gerais,202106,61.03688,69.71876
7167,PMS - Número-índice (2022=100),Número-índice,11046,31,N3,Unidade da Federação,Minas Gerais,202107,69.24885,74.52451
7167,PMS - Número-índice (2022=100),Número-índice,11046,31,N3,Unidade da Federação,Minas Gerais,202108,69.82403,75.49366
7167,PMS - Número-índice (2022=100),Número-índice,11046,31,N3,Unidade da Federação,Minas Gerais,202109,72.87518,77.14697
7167,PMS - Número-índice (2022=100),Número-índice,11046,31,N3,Unidade da Federação,Minas Gerais,202110,79.21236,80.28430
7167,PMS - Número-índice (2022=100),Número-índice,11046,31,N3,Unidade da Federação,Minas Gerais,202111,80.35511,82.75197
7167,PMS - Número-índice (2022=100),Número-índice,11046,31,N3,Unidade da Federação,Minas Gerais,202112,95.79662,93.75238
7167,PMS - Número-índice (2022=100),Número-índice,11046,31,N3,Unidade da Federação,Minas Gerais,202201,84.39947,85.00119
7167,PMS - Número-índice (2022=100),Número-índice,11046,31,N3,Unidade da Federação,Minas Gerais,202202,75.98177,81.57729
7167,PMS - Número-índice (2022=100),Número-índice,11046,31,N3,Unidade da Federação,Minas Gerais,202203,88.00482,92.46589
7167,PMS - Número-índice (2022=100),Número-índice,11046,31,N3,Unidade da Federação,Minas Gerais,202204,91.37346,96.03889
7167,PMS - Número-índice (2022=100),Número-índice,11046,31,N3,Unidade da Federação,Minas Gerais,202205,94.02976,99.26440
7167,PMS - Número-índice (2022=100),Número-índice,11046,31,N3,Unidade da Federação,Minas Gerais,202206,97.00474,100.03676
7167,PMS - Número-índice (2022=100),Número-índice,11046,31,N3,Unidade da Federação,Minas Gerais,202207,106.53034,103.42082
7167,PMS - Número-índice (2022=100),Número-índice,11046,31,N3,Unidade da Federação,Minas Gerais,202208,107.99763,106.32790
7167,PMS - Número-índice (2022=100),Número-índice,11046,31,N3,Unidade da Federação,Minas Gerais,202209,106.64958,103.05376
7167,PMS - Número-índice (2022=100),Número-índice,11046,31,N3,Unidade da Federação,Minas Gerais,202210,111.90219,106.07666
7167,PMS - Número-índice (2022=100),Número-índice,11046,31,N3,Unidade da Federação,Minas Gerais,202211,107.56688,104.64039
7167,PMS - Número-índice (2022=100),Número-índice,11046,31,N3,Unidade da Federação,Minas Gerais,202212,128.55936,122.09604
7167,PMS - Número-índice (2022=100),Número-índice,11046,31,N3,Unidade da Federação,Minas Gerais,202301,112.68988,105.84842
7167,PMS - Número-índice (2022=100),Número-índice,11046,31,N3,Unidade da Federação,Minas Gerais,202302,105.23170,102.04043
7167,PMS - Número-índice (2022=100),Número-índice,11046,31,N3,Unidade da Federação,Minas Gerais,202303,116.98594,114.04346
7167,PMS - Número-índice (2022=100),Número-índice,11046,31,N3,Unidade da Federação,Minas Gerais,202304,116.73873,107.33125
7167,PMS - Número-índice (2022=100),Número-índice,11046,31,N3,Unidade da Federação,Minas Gerais,202305,121.66764,117.57863
7167,PMS - Número-índice (2022=100),Número-índice,11046,31,N3,Unidade da Federação,Minas Gerais,202306,123.34288,117.68830
7167,PMS - Número-índice (2022=100),Número-índice,11046,31,N3,Unidade da Federação,Minas Gerais,202307,134.61913,122.13994
7167,PMS - Número-índice (2022=100),Número-índice,11046,31,N3,Unidade da Federação,Minas Gerais,202308,125.44302,118.64211
7167,PMS - Número-índice (2022=100),Número-índice,11046,31,N3,Unidade da Federação,Minas Gerais,202309,128.47353,122.29544
7167,PMS - Número-índice (2022=100),Número-índice,11046,31,N3,Unidade da Federação,Minas Gerais,202310,131.21747,122.83328
7167,PMS - Número-índice (2022=100),Número-índice,11046,31,N3,Unidade da Federação,Minas Gerais,202311,130.95865,117.08788
7167,PMS - Número-índice (2022=100),Número-índice,11046,31,N3,Unidade da Federação,Minas Gerais,202312,151.31245,127.92032
7167,PMS - Número-índice (2022=100),Número-índice,11046,31,N3,Unidade da Federação,Minas Gerais,202401,140.15993,118.34751
7167,PMS - Número-índice (2022=100),Número-índice,11046,31,N3,Unidade da Federação,Minas Gerais,202402,127.29046,108.27379
7167,PMS - Número-índice (2022=100),Número-índice,11046,31,N3,Unidade da Federação,Minas Gerais,202403,136.46496,118.39660
7167,PMS - Número-índice (2022=100),Número-índice,11046,31,N3,Unidade da Federação,Minas Gerais,202404,135.98605,123.77590
7167,PMS - Número-índice (2022=100),Número-índice,11046,31,N3,Unidade da Federação,Minas Gerais,202405,141.16372,127.10915
7167,PMS - Número-índice (2022=100),Número-índice,11046,31,N3,Unidade da Federação,Minas Gerais,202406,142.93483,128.61660
7167,PMS - Número-índice (2022=100),Número-índice,11046,31,N3,Unidade da Federação,Minas Gerais,202407,157.87347,135.10599
7167,PMS - Número-índice (2022=100),Número-índice,11046,31,N3,Unidade da Federação,Minas Gerais,202408,147.69184,130.11691
7167,PMS - Número-índice (2022=100),Número-índice,11046,31,N3,Unidade da Federação,Minas Gerais,202409,152.38127,129.67751
7167,PMS - Número-índice (2022=100),Número-índice,11046,32,N3,Unidade da Federação,Espírito Santo,201101,56.69158,121.23267
7167,PMS - Número-índice (2022=100),Número-índice,11046,32,N3,Unidade da Federação,Espírito Santo,201102,46.43341,102.88224
7167,PMS - Número-índice (2022=100),Número-índice,11046,32,N3,Unidade da Federação,Espírito Santo,201103,52.47384,106.59585
7167,PMS - Número-índice (2022=100),Número-índice,11046,32,N3,Unidade da Federação,Espírito Santo,201104,50.73644,105.85988
7167,PMS - Número-índice (2022=100),Número-índice,11046,32,N3,Unidade da Federação,Espírito Santo,201105,49.37182,106.67385
7167,PMS - Número-índice (2022=100),Número-índice,11046,32,N3,Unidade da Federação,Espírito Santo,201106,49.97049,103.11353
7167,PMS - Número-índice (2022=100),Número-índice,11046,32,N3,Unidade da Federação,Espírito Santo,201107,54.74674,112.85757
7167,PMS - Número-índice (2022=100),Número-índice,11046,32,N3,Unidade da Federação,Espírito Santo,201108,52.10495,109.07861
7167,PMS - Número-índice (2022=100),Número-índice,11046,32,N3,Unidade da Federação,Espírito Santo,201109,51.59208,99.68744
7167,PMS - Número-índice (2022=100),Número-índice,11046,32,N3,Unidade da Federação,Espírito Santo,201110,52.25768,97.09829
7167,PMS - Número-índice (2022=100),Número-índice,11046,32,N3,Unidade da Federação,Espírito Santo,201111,52.69078,95.43563
7167,PMS - Número-índice (2022=100),Número-índice,11046,32,N3,Unidade da Federação,Espírito Santo,201112,63.03900,115.14012
7167,PMS - Número-índice (2022=100),Número-índice,11046,32,N3,Unidade da Federação,Espírito Santo,201201,62.13010,106.99751
7167,PMS - Número-índice (2022=100),Número-índice,11046,32,N3,Unidade da Federação,Espírito Santo,201202,53.37265,93.54273
7167,PMS - Número-índice (2022=100),Número-índice,11046,32,N3,Unidade da Federação,Espírito Santo,201203,53.49375,94.09236
7167,PMS - Número-índice (2022=100),Número-índice,11046,32,N3,Unidade da Federação,Espírito Santo,201204,54.69116,95.33343
7167,PMS - Número-índice (2022=100),Número-índice,11046,32,N3,Unidade da Federação,Espírito Santo,201205,55.80049,101.81655
7167,PMS - Número-índice (2022=100),Número-índice,11046,32,N3,Unidade da Federação,Espírito Santo,201206,56.44912,101.24392
7167,PMS - Número-índice (2022=100),Número-índice,11046,32,N3,Unidade da Federação,Espírito Santo,201207,60.25854,107.25702
7167,PMS - Número-índice (2022=100),Número-índice,11046,32,N3,Unidade da Federação,Espírito Santo,201208,54.87432,98.91024
7167,PMS - Número-índice (2022=100),Número-índice,11046,32,N3,Unidade da Federação,Espírito Santo,201209,58.88946,103.60520
7167,PMS - Número-índice (2022=100),Número-índice,11046,32,N3,Unidade da Federação,Espírito Santo,201210,58.04360,102.55145
7167,PMS - Número-índice (2022=100),Número-índice,11046,32,N3,Unidade da Federação,Espírito Santo,201211,60.71852,103.61851
7167,PMS - Número-índice (2022=100),Número-índice,11046,32,N3,Unidade da Federação,Espírito Santo,201212,69.68833,115.70533
7167,PMS - Número-índice (2022=100),Número-índice,11046,32,N3,Unidade da Federação,Espírito Santo,201301,64.74215,103.67117
7167,PMS - Número-índice (2022=100),Número-índice,11046,32,N3,Unidade da Federação,Espírito Santo,201302,55.39385,89.72112
7167,PMS - Número-índice (2022=100),Número-índice,11046,32,N3,Unidade da Federação,Espírito Santo,201303,56.02737,96.05667
7167,PMS - Número-índice (2022=100),Número-índice,11046,32,N3,Unidade da Federação,Espírito Santo,201304,58.36804,102.05874
7167,PMS - Número-índice (2022=100),Número-índice,11046,32,N3,Unidade da Federação,Espírito Santo,201305,59.61268,103.60123
7167,PMS - Número-índice (2022=100),Número-índice,11046,32,N3,Unidade da Federação,Espírito Santo,201306,57.81157,98.72636
7167,PMS - Número-índice (2022=100),Número-índice,11046,32,N3,Unidade da Federação,Espírito Santo,201307,64.47718,110.19657
7167,PMS - Número-índice (2022=100),Número-índice,11046,32,N3,Unidade da Federação,Espírito Santo,201308,62.71254,108.52829
7167,PMS - Número-índice (2022=100),Número-índice,11046,32,N3,Unidade da Federação,Espírito Santo,201309,61.03108,102.05602
7167,PMS - Número-índice (2022=100),Número-índice,11046,32,N3,Unidade da Federação,Espírito Santo,201310,63.66090,104.52891
7167,PMS - Número-índice (2022=100),Número-índice,11046,32,N3,Unidade da Federação,Espírito Santo,201311,66.02154,106.09296
7167,PMS - Número-índice (2022=100),Número-índice,11046,32,N3,Unidade da Federação,Espírito Santo,201312,70.91858,110.90456
7167,PMS - Número-índice (2022=100),Número-índice,11046,32,N3,Unidade da Federação,Espírito Santo,201401,73.54501,116.15868
7167,PMS - Número-índice (2022=100),Número-índice,11046,32,N3,Unidade da Federação,Espírito Santo,201402,62.26894,102.22455
7167,PMS - Número-índice (2022=100),Número-índice,11046,32,N3,Unidade da Federação,Espírito Santo,201403,65.09827,99.74599
7167,PMS - Número-índice (2022=100),Número-índice,11046,32,N3,Unidade da Federação,Espírito Santo,201404,68.65941,105.23238
7167,PMS - Número-índice (2022=100),Número-índice,11046,32,N3,Unidade da Federação,Espírito Santo,201405,66.34132,108.69129
7167,PMS - Número-índice (2022=100),Número-índice,11046,32,N3,Unidade da Federação,Espírito Santo,201406,59.93261,88.89882
7167,PMS - Número-índice (2022=100),Número-índice,11046,32,N3,Unidade da Federação,Espírito Santo,201407,63.39247,106.27937
7167,PMS - Número-índice (2022=100),Número-índice,11046,32,N3,Unidade da Federação,Espírito Santo,201408,66.16365,111.30005
7167,PMS - Número-índice (2022=100),Número-índice,11046,32,N3,Unidade da Federação,Espírito Santo,201409,70.76242,111.97224
7167,PMS - Número-índice (2022=100),Número-índice,11046,32,N3,Unidade da Federação,Espírito Santo,201410,67.63056,105.55188
7167,PMS - Número-índice (2022=100),Número-índice,11046,32,N3,Unidade da Federação,Espírito Santo,201411,66.97224,104.35841
7167,PMS - Número-índice (2022=100),Número-índice,11046,32,N3,Unidade da Federação,Espírito Santo,201412,75.56213,111.02188
7167,PMS - Número-índice (2022=100),Número-índice,11046,32,N3,Unidade da Federação,Espírito Santo,201501,77.41792,109.80209
7167,PMS - Número-índice (2022=100),Número-índice,11046,32,N3,Unidade da Federação,Espírito Santo,201502,61.29007,88.87368
7167,PMS - Número-índice (2022=100),Número-índice,11046,32,N3,Unidade da Federação,Espírito Santo,201503,59.98038,90.07482
7167,PMS - Número-índice (2022=100),Número-índice,11046,32,N3,Unidade da Federação,Espírito Santo,201504,64.98836,95.12684
7167,PMS - Número-índice (2022=100),Número-índice,11046,32,N3,Unidade da Federação,Espírito Santo,201505,61.65597,98.79825
7167,PMS - Número-índice (2022=100),Número-índice,11046,32,N3,Unidade da Federação,Espírito Santo,201506,58.93184,88.82427
7167,PMS - Número-índice (2022=100),Número-índice,11046,32,N3,Unidade da Federação,Espírito Santo,201507,66.34568,99.74558
7167,PMS - Número-índice (2022=100),Número-índice,11046,32,N3,Unidade da Federação,Espírito Santo,201508,63.32806,101.57959
7167,PMS - Número-índice (2022=100),Número-índice,11046,32,N3,Unidade da Federação,Espírito Santo,201509,64.15391,98.42137
7167,PMS - Número-índice (2022=100),Número-índice,11046,32,N3,Unidade da Federação,Espírito Santo,201510,69.44806,103.61194
7167,PMS - Número-índice (2022=100),Número-índice,11046,32,N3,Unidade da Federação,Espírito Santo,201511,63.08345,93.91437
7167,PMS - Número-índice (2022=100),Número-índice,11046,32,N3,Unidade da Federação,Espírito Santo,201512,71.04582,99.97309
7167,PMS - Número-índice (2022=100),Número-índice,11046,32,N3,Unidade da Federação,Espírito Santo,201601,77.94152,103.91990
7167,PMS - Número-índice (2022=100),Número-índice,11046,32,N3,Unidade da Federação,Espírito Santo,201602,62.44757,87.47205
7167,PMS - Número-índice (2022=100),Número-índice,11046,32,N3,Unidade da Federação,Espírito Santo,201603,61.23528,88.91278
7167,PMS - Número-índice (2022=100),Número-índice,11046,32,N3,Unidade da Federação,Espírito Santo,201604,60.94014,89.77092
7167,PMS - Número-índice (2022=100),Número-índice,11046,32,N3,Unidade da Federação,Espírito Santo,201605,58.82443,90.13366
7167,PMS - Número-índice (2022=100),Número-índice,11046,32,N3,Unidade da Federação,Espírito Santo,201606,56.74806,86.29089
7167,PMS - Número-índice (2022=100),Número-índice,11046,32,N3,Unidade da Federação,Espírito Santo,201607,67.22331,96.62057
7167,PMS - Número-índice (2022=100),Número-índice,11046,32,N3,Unidade da Federação,Espírito Santo,201608,60.80701,82.22705
7167,PMS - Número-índice (2022=100),Número-índice,11046,32,N3,Unidade da Federação,Espírito Santo,201609,58.87007,84.21611
7167,PMS - Número-índice (2022=100),Número-índice,11046,32,N3,Unidade da Federação,Espírito Santo,201610,61.30148,88.38924
7167,PMS - Número-índice (2022=100),Número-índice,11046,32,N3,Unidade da Federação,Espírito Santo,201611,60.14514,86.47443
7167,PMS - Número-índice (2022=100),Número-índice,11046,32,N3,Unidade da Federação,Espírito Santo,201612,68.44491,94.21116
7167,PMS - Número-índice (2022=100),Número-índice,11046,32,N3,Unidade da Federação,Espírito Santo,201701,74.56428,95.15807
7167,PMS - Número-índice (2022=100),Número-índice,11046,32,N3,Unidade da Federação,Espírito Santo,201702,56.99409,72.49809
7167,PMS - Número-índice (2022=100),Número-índice,11046,32,N3,Unidade da Federação,Espírito Santo,201703,60.72535,77.82908
7167,PMS - Número-índice (2022=100),Número-índice,11046,32,N3,Unidade da Federação,Espírito Santo,201704,62.78233,76.43288
7167,PMS - Número-índice (2022=100),Número-índice,11046,32,N3,Unidade da Federação,Espírito Santo,201705,64.04626,81.16198
7167,PMS - Número-índice (2022=100),Número-índice,11046,32,N3,Unidade da Federação,Espírito Santo,201706,65.19037,81.49326
7167,PMS - Número-índice (2022=100),Número-índice,11046,32,N3,Unidade da Federação,Espírito Santo,201707,71.51169,89.33991
7167,PMS - Número-índice (2022=100),Número-índice,11046,32,N3,Unidade da Federação,Espírito Santo,201708,70.32259,91.35822
7167,PMS - Número-índice (2022=100),Número-índice,11046,32,N3,Unidade da Federação,Espírito Santo,201709,71.26840,88.08702
7167,PMS - Número-índice (2022=100),Número-índice,11046,32,N3,Unidade da Federação,Espírito Santo,201710,73.83228,90.66846
7167,PMS - Número-índice (2022=100),Número-índice,11046,32,N3,Unidade da Federação,Espírito Santo,201711,70.20687,88.92870
7167,PMS - Número-índice (2022=100),Número-índice,11046,32,N3,Unidade da Federação,Espírito Santo,201712,86.72550,104.72741
7167,PMS - Número-índice (2022=100),Número-índice,11046,32,N3,Unidade da Federação,Espírito Santo,201801,88.58697,105.77200
7167,PMS - Número-índice (2022=100),Número-índice,11046,32,N3,Unidade da Federação,Espírito Santo,201802,67.60669,80.74592
7167,PMS - Número-índice (2022=100),Número-índice,11046,32,N3,Unidade da Federação,Espírito Santo,201803,75.84617,94.14296
7167,PMS - Número-índice (2022=100),Número-índice,11046,32,N3,Unidade da Federação,Espírito Santo,201804,72.16578,89.73406
7167,PMS - Número-índice (2022=100),Número-índice,11046,32,N3,Unidade da Federação,Espírito Santo,201805,71.29675,89.33679
7167,PMS - Número-índice (2022=100),Número-índice,11046,32,N3,Unidade da Federação,Espírito Santo,201806,68.39530,89.15981
7167,PMS - Número-índice (2022=100),Número-índice,11046,32,N3,Unidade da Federação,Espírito Santo,201807,76.83336,90.49499
7167,PMS - Número-índice (2022=100),Número-índice,11046,32,N3,Unidade da Federação,Espírito Santo,201808,75.37372,95.59348
7167,PMS - Número-índice (2022=100),Número-índice,11046,32,N3,Unidade da Federação,Espírito Santo,201809,74.44534,90.33518
7167,PMS - Número-índice (2022=100),Número-índice,11046,32,N3,Unidade da Federação,Espírito Santo,201810,75.76322,91.41169
7167,PMS - Número-índice (2022=100),Número-índice,11046,32,N3,Unidade da Federação,Espírito Santo,201811,75.96249,90.78759
7167,PMS - Número-índice (2022=100),Número-índice,11046,32,N3,Unidade da Federação,Espírito Santo,201812,93.51115,103.62729
7167,PMS - Número-índice (2022=100),Número-índice,11046,32,N3,Unidade da Federação,Espírito Santo,201901,96.13582,106.30953
7167,PMS - Número-índice (2022=100),Número-índice,11046,32,N3,Unidade da Federação,Espírito Santo,201902,74.44041,86.62091
7167,PMS - Número-índice (2022=100),Número-índice,11046,32,N3,Unidade da Federação,Espírito Santo,201903,80.00265,92.54502
7167,PMS - Número-índice (2022=100),Número-índice,11046,32,N3,Unidade da Federação,Espírito Santo,201904,74.72988,85.46777
7167,PMS - Número-índice (2022=100),Número-índice,11046,32,N3,Unidade da Federação,Espírito Santo,201905,74.50823,90.25835
7167,PMS - Número-índice (2022=100),Número-índice,11046,32,N3,Unidade da Federação,Espírito Santo,201906,77.32775,91.41047
7167,PMS - Número-índice (2022=100),Número-índice,11046,32,N3,Unidade da Federação,Espírito Santo,201907,87.27296,99.22370
7167,PMS - Número-índice (2022=100),Número-índice,11046,32,N3,Unidade da Federação,Espírito Santo,201908,83.97608,98.31387
7167,PMS - Número-índice (2022=100),Número-índice,11046,32,N3,Unidade da Federação,Espírito Santo,201909,82.26761,98.03121
7167,PMS - Número-índice (2022=100),Número-índice,11046,32,N3,Unidade da Federação,Espírito Santo,201910,82.14743,96.11650
7167,PMS - Número-índice (2022=100),Número-índice,11046,32,N3,Unidade da Federação,Espírito Santo,201911,82.32927,95.91330
7167,PMS - Número-índice (2022=100),Número-índice,11046,32,N3,Unidade da Federação,Espírito Santo,201912,91.89200,103.10943
7167,PMS - Número-índice (2022=100),Número-índice,11046,32,N3,Unidade da Federação,Espírito Santo,202001,89.71865,100.45004
7167,PMS - Número-índice (2022=100),Número-índice,11046,32,N3,Unidade da Federação,Espírito Santo,202002,72.82940,84.10533
7167,PMS - Número-índice (2022=100),Número-índice,11046,32,N3,Unidade da Federação,Espírito Santo,202003,54.09128,64.91178
7167,PMS - Número-índice (2022=100),Número-índice,11046,32,N3,Unidade da Federação,Espírito Santo,202004,26.23478,31.78590
7167,PMS - Número-índice (2022=100),Número-índice,11046,32,N3,Unidade da Federação,Espírito Santo,202005,27.83582,34.79088
7167,PMS - Número-índice (2022=100),Número-índice,11046,32,N3,Unidade da Federação,Espírito Santo,202006,30.06968,40.28614
7167,PMS - Número-índice (2022=100),Número-índice,11046,32,N3,Unidade da Federação,Espírito Santo,202007,34.14854,46.35012
7167,PMS - Número-índice (2022=100),Número-índice,11046,32,N3,Unidade da Federação,Espírito Santo,202008,42.22135,57.32151
7167,PMS - Número-índice (2022=100),Número-índice,11046,32,N3,Unidade da Federação,Espírito Santo,202009,49.20093,65.06536
7167,PMS - Número-índice (2022=100),Número-índice,11046,32,N3,Unidade da Federação,Espírito Santo,202010,60.30466,73.71008
7167,PMS - Número-índice (2022=100),Número-índice,11046,32,N3,Unidade da Federação,Espírito Santo,202011,59.55653,71.10453
7167,PMS - Número-índice (2022=100),Número-índice,11046,32,N3,Unidade da Federação,Espírito Santo,202012,67.85067,77.59783
7167,PMS - Número-índice (2022=100),Número-índice,11046,32,N3,Unidade da Federação,Espírito Santo,202101,69.58486,82.65938
7167,PMS - Número-índice (2022=100),Número-índice,11046,32,N3,Unidade da Federação,Espírito Santo,202102,57.71255,69.18506
7167,PMS - Número-índice (2022=100),Número-índice,11046,32,N3,Unidade da Federação,Espírito Santo,202103,50.43042,61.75072
7167,PMS - Número-índice (2022=100),Número-índice,11046,32,N3,Unidade da Federação,Espírito Santo,202104,39.24851,46.12061
7167,PMS - Número-índice (2022=100),Número-índice,11046,32,N3,Unidade da Federação,Espírito Santo,202105,55.37775,67.00546
7167,PMS - Número-índice (2022=100),Número-índice,11046,32,N3,Unidade da Federação,Espírito Santo,202106,61.28096,75.14780
7167,PMS - Número-índice (2022=100),Número-índice,11046,32,N3,Unidade da Federação,Espírito Santo,202107,72.50994,83.17431
7167,PMS - Número-índice (2022=100),Número-índice,11046,32,N3,Unidade da Federação,Espírito Santo,202108,74.72213,87.37167
7167,PMS - Número-índice (2022=100),Número-índice,11046,32,N3,Unidade da Federação,Espírito Santo,202109,82.16645,92.00066
7167,PMS - Número-índice (2022=100),Número-índice,11046,32,N3,Unidade da Federação,Espírito Santo,202110,88.59105,94.72895
7167,PMS - Número-índice (2022=100),Número-índice,11046,32,N3,Unidade da Federação,Espírito Santo,202111,86.07440,91.93565
7167,PMS - Número-índice (2022=100),Número-índice,11046,32,N3,Unidade da Federação,Espírito Santo,202112,102.20763,105.41168
7167,PMS - Número-índice (2022=100),Número-índice,11046,32,N3,Unidade da Federação,Espírito Santo,202201,98.58095,105.59336
7167,PMS - Número-índice (2022=100),Número-índice,11046,32,N3,Unidade da Federação,Espírito Santo,202202,79.90266,85.72078
7167,PMS - Número-índice (2022=100),Número-índice,11046,32,N3,Unidade da Federação,Espírito Santo,202203,95.82919,103.67494
7167,PMS - Número-índice (2022=100),Número-índice,11046,32,N3,Unidade da Federação,Espírito Santo,202204,97.67319,103.01201
7167,PMS - Número-índice (2022=100),Número-índice,11046,32,N3,Unidade da Federação,Espírito Santo,202205,96.82131,96.75544
7167,PMS - Número-índice (2022=100),Número-índice,11046,32,N3,Unidade da Federação,Espírito Santo,202206,91.47111,91.22973
7167,PMS - Número-índice (2022=100),Número-índice,11046,32,N3,Unidade da Federação,Espírito Santo,202207,106.55238,103.30893
7167,PMS - Número-índice (2022=100),Número-índice,11046,32,N3,Unidade da Federação,Espírito Santo,202208,102.73313,101.99675
7167,PMS - Número-índice (2022=100),Número-índice,11046,32,N3,Unidade da Federação,Espírito Santo,202209,102.54004,96.17613
7167,PMS - Número-índice (2022=100),Número-índice,11046,32,N3,Unidade da Federação,Espírito Santo,202210,107.13315,100.82274
7167,PMS - Número-índice (2022=100),Número-índice,11046,32,N3,Unidade da Federação,Espírito Santo,202211,104.05934,100.29214
7167,PMS - Número-índice (2022=100),Número-índice,11046,32,N3,Unidade da Federação,Espírito Santo,202212,116.70355,111.41704
7167,PMS - Número-índice (2022=100),Número-índice,11046,32,N3,Unidade da Federação,Espírito Santo,202301,116.07500,108.39052
7167,PMS - Número-índice (2022=100),Número-índice,11046,32,N3,Unidade da Federação,Espírito Santo,202302,100.11974,97.44704
7167,PMS - Número-índice (2022=100),Número-índice,11046,32,N3,Unidade da Federação,Espírito Santo,202303,107.31360,104.59488
7167,PMS - Número-índice (2022=100),Número-índice,11046,32,N3,Unidade da Federação,Espírito Santo,202304,109.74831,102.11214
7167,PMS - Número-índice (2022=100),Número-índice,11046,32,N3,Unidade da Federação,Espírito Santo,202305,103.89957,105.19871
7167,PMS - Número-índice (2022=100),Número-índice,11046,32,N3,Unidade da Federação,Espírito Santo,202306,106.02376,103.10576
7167,PMS - Número-índice (2022=100),Número-índice,11046,32,N3,Unidade da Federação,Espírito Santo,202307,111.34903,102.82407
7167,PMS - Número-índice (2022=100),Número-índice,11046,32,N3,Unidade da Federação,Espírito Santo,202308,106.40930,103.00271
7167,PMS - Número-índice (2022=100),Número-índice,11046,32,N3,Unidade da Federação,Espírito Santo,202309,107.10015,99.86814
7167,PMS - Número-índice (2022=100),Número-índice,11046,32,N3,Unidade da Federação,Espírito Santo,202310,108.53897,96.46353
7167,PMS - Número-índice (2022=100),Número-índice,11046,32,N3,Unidade da Federação,Espírito Santo,202311,112.62299,95.47768
7167,PMS - Número-índice (2022=100),Número-índice,11046,32,N3,Unidade da Federação,Espírito Santo,202312,116.53260,96.02444
7167,PMS - Número-índice (2022=100),Número-índice,11046,32,N3,Unidade da Federação,Espírito Santo,202401,118.92082,98.33276
7167,PMS - Número-índice (2022=100),Número-índice,11046,32,N3,Unidade da Federação,Espírito Santo,202402,99.96299,84.82030
7167,PMS - Número-índice (2022=100),Número-índice,11046,32,N3,Unidade da Federação,Espírito Santo,202403,102.40050,90.28811
7167,PMS - Número-índice (2022=100),Número-índice,11046,32,N3,Unidade da Federação,Espírito Santo,202404,103.62048,92.33453
7167,PMS - Número-índice (2022=100),Número-índice,11046,32,N3,Unidade da Federação,Espírito Santo,202405,106.84484,95.51905
7167,PMS - Número-índice (2022=100),Número-índice,11046,32,N3,Unidade da Federação,Espírito Santo,202406,111.49507,101.16356
7167,PMS - Número-índice (2022=100),Número-índice,11046,32,N3,Unidade da Federação,Espírito Santo,202407,120.24749,104.26067
7167,PMS - Número-índice (2022=100),Número-índice,11046,32,N3,Unidade da Federação,Espírito Santo,202408,113.75463,101.10095
7167,PMS - Número-índice (2022=100),Número-índice,11046,32,N3,Unidade da Federação,Espírito Santo,202409,113.04256,98.11730
7167,PMS - Número-índice (2022=100),Número-índice,11046,33,N3,Unidade da Federação,Rio de Janeiro,201101,76.04702,156.66271
7167,PMS - Número-índice (2022=100),Número-índice,11046,33,N3,Unidade da Federação,Rio de Janeiro,201102,64.73934,136.90053
7167,PMS - Número-índice (2022=100),Número-índice,11046,33,N3,Unidade da Federação,Rio de Janeiro,201103,72.94243,143.80777
7167,PMS - Número-índice (2022=100),Número-índice,11046,33,N3,Unidade da Federação,Rio de Janeiro,201104,70.90467,142.28546
7167,PMS - Número-índice (2022=100),Número-índice,11046,33,N3,Unidade da Federação,Rio de Janeiro,201105,71.50556,147.16899
7167,PMS - Número-índice (2022=100),Número-índice,11046,33,N3,Unidade da Federação,Rio de Janeiro,201106,71.59872,142.00422
7167,PMS - Número-índice (2022=100),Número-índice,11046,33,N3,Unidade da Federação,Rio de Janeiro,201107,78.36554,154.61098
7167,PMS - Número-índice (2022=100),Número-índice,11046,33,N3,Unidade da Federação,Rio de Janeiro,201108,75.98309,151.45356
7167,PMS - Número-índice (2022=100),Número-índice,11046,33,N3,Unidade da Federação,Rio de Janeiro,201109,74.65664,140.59583
7167,PMS - Número-índice (2022=100),Número-índice,11046,33,N3,Unidade da Federação,Rio de Janeiro,201110,77.56579,140.82343
7167,PMS - Número-índice (2022=100),Número-índice,11046,33,N3,Unidade da Federação,Rio de Janeiro,201111,79.18166,140.91105
7167,PMS - Número-índice (2022=100),Número-índice,11046,33,N3,Unidade da Federação,Rio de Janeiro,201112,89.68153,159.52872
7167,PMS - Número-índice (2022=100),Número-índice,11046,33,N3,Unidade da Federação,Rio de Janeiro,201201,85.62601,144.07465
7167,PMS - Número-índice (2022=100),Número-índice,11046,33,N3,Unidade da Federação,Rio de Janeiro,201202,78.33489,133.21100
7167,PMS - Número-índice (2022=100),Número-índice,11046,33,N3,Unidade da Federação,Rio de Janeiro,201203,81.04805,137.91620
7167,PMS - Número-índice (2022=100),Número-índice,11046,33,N3,Unidade da Federação,Rio de Janeiro,201204,80.19759,135.90686
7167,PMS - Número-índice (2022=100),Número-índice,11046,33,N3,Unidade da Federação,Rio de Janeiro,201205,79.28726,139.33682
7167,PMS - Número-índice (2022=100),Número-índice,11046,33,N3,Unidade da Federação,Rio de Janeiro,201206,83.61178,144.80314
7167,PMS - Número-índice (2022=100),Número-índice,11046,33,N3,Unidade da Federação,Rio de Janeiro,201207,85.64711,146.27390
7167,PMS - Número-índice (2022=100),Número-índice,11046,33,N3,Unidade da Federação,Rio de Janeiro,201208,83.36552,144.43688
7167,PMS - Número-índice (2022=100),Número-índice,11046,33,N3,Unidade da Federação,Rio de Janeiro,201209,82.89062,141.40966
7167,PMS - Número-índice (2022=100),Número-índice,11046,33,N3,Unidade da Federação,Rio de Janeiro,201210,86.29628,145.98795
7167,PMS - Número-índice (2022=100),Número-índice,11046,33,N3,Unidade da Federação,Rio de Janeiro,201211,88.95695,146.64229
7167,PMS - Número-índice (2022=100),Número-índice,11046,33,N3,Unidade da Federação,Rio de Janeiro,201212,101.19463,159.23224
7167,PMS - Número-índice (2022=100),Número-índice,11046,33,N3,Unidade da Federação,Rio de Janeiro,201301,96.13419,147.99219
7167,PMS - Número-índice (2022=100),Número-índice,11046,33,N3,Unidade da Federação,Rio de Janeiro,201302,85.54408,131.98346
7167,PMS - Número-índice (2022=100),Número-índice,11046,33,N3,Unidade da Federação,Rio de Janeiro,201303,90.16804,146.53418
7167,PMS - Número-índice (2022=100),Número-índice,11046,33,N3,Unidade da Federação,Rio de Janeiro,201304,84.66399,140.41756
7167,PMS - Número-índice (2022=100),Número-índice,11046,33,N3,Unidade da Federação,Rio de Janeiro,201305,84.30551,139.06069
7167,PMS - Número-índice (2022=100),Número-índice,11046,33,N3,Unidade da Federação,Rio de Janeiro,201306,85.87514,138.60293
7167,PMS - Número-índice (2022=100),Número-índice,11046,33,N3,Unidade da Federação,Rio de Janeiro,201307,94.26405,151.23960
7167,PMS - Número-índice (2022=100),Número-índice,11046,33,N3,Unidade da Federação,Rio de Janeiro,201308,94.51196,153.57196
7167,PMS - Número-índice (2022=100),Número-índice,11046,33,N3,Unidade da Federação,Rio de Janeiro,201309,93.30632,147.48351
7167,PMS - Número-índice (2022=100),Número-índice,11046,33,N3,Unidade da Federação,Rio de Janeiro,201310,98.46540,152.23914
7167,PMS - Número-índice (2022=100),Número-índice,11046,33,N3,Unidade da Federação,Rio de Janeiro,201311,97.96967,148.31880
7167,PMS - Número-índice (2022=100),Número-índice,11046,33,N3,Unidade da Federação,Rio de Janeiro,201312,107.15326,156.42066
7167,PMS - Número-índice (2022=100),Número-índice,11046,33,N3,Unidade da Federação,Rio de Janeiro,201401,102.91755,152.54871
7167,PMS - Número-índice (2022=100),Número-índice,11046,33,N3,Unidade da Federação,Rio de Janeiro,201402,93.15994,142.99932
7167,PMS - Número-índice (2022=100),Número-índice,11046,33,N3,Unidade da Federação,Rio de Janeiro,201403,97.44258,139.73864
7167,PMS - Número-índice (2022=100),Número-índice,11046,33,N3,Unidade da Federação,Rio de Janeiro,201404,94.67334,135.75860
7167,PMS - Número-índice (2022=100),Número-índice,11046,33,N3,Unidade da Federação,Rio de Janeiro,201405,95.82916,146.40802
7167,PMS - Número-índice (2022=100),Número-índice,11046,33,N3,Unidade da Federação,Rio de Janeiro,201406,96.79592,130.72698
7167,PMS - Número-índice (2022=100),Número-índice,11046,33,N3,Unidade da Federação,Rio de Janeiro,201407,100.20473,153.57964
7167,PMS - Número-índice (2022=100),Número-índice,11046,33,N3,Unidade da Federação,Rio de Janeiro,201408,98.14020,151.91579
7167,PMS - Número-índice (2022=100),Número-índice,11046,33,N3,Unidade da Federação,Rio de Janeiro,201409,98.14693,144.33886
7167,PMS - Número-índice (2022=100),Número-índice,11046,33,N3,Unidade da Federação,Rio de Janeiro,201410,100.10248,145.63175
7167,PMS - Número-índice (2022=100),Número-índice,11046,33,N3,Unidade da Federação,Rio de Janeiro,201411,99.40927,144.36271
7167,PMS - Número-índice (2022=100),Número-índice,11046,33,N3,Unidade da Federação,Rio de Janeiro,201412,112.31942,149.66036
7167,PMS - Número-índice (2022=100),Número-índice,11046,33,N3,Unidade da Federação,Rio de Janeiro,201501,106.90126,140.40831
7167,PMS - Número-índice (2022=100),Número-índice,11046,33,N3,Unidade da Federação,Rio de Janeiro,201502,93.59026,127.66645
7167,PMS - Número-índice (2022=100),Número-índice,11046,33,N3,Unidade da Federação,Rio de Janeiro,201503,96.79444,136.94608
7167,PMS - Número-índice (2022=100),Número-índice,11046,33,N3,Unidade da Federação,Rio de Janeiro,201504,95.74144,131.49532
7167,PMS - Número-índice (2022=100),Número-índice,11046,33,N3,Unidade da Federação,Rio de Janeiro,201505,93.10629,142.75522
7167,PMS - Número-índice (2022=100),Número-índice,11046,33,N3,Unidade da Federação,Rio de Janeiro,201506,92.47902,130.55498
7167,PMS - Número-índice (2022=100),Número-índice,11046,33,N3,Unidade da Federação,Rio de Janeiro,201507,99.16313,139.79921
7167,PMS - Número-índice (2022=100),Número-índice,11046,33,N3,Unidade da Federação,Rio de Janeiro,201508,99.47286,151.67313
7167,PMS - Número-índice (2022=100),Número-índice,11046,33,N3,Unidade da Federação,Rio de Janeiro,201509,100.58110,144.60267
7167,PMS - Número-índice (2022=100),Número-índice,11046,33,N3,Unidade da Federação,Rio de Janeiro,201510,104.99268,146.86771
7167,PMS - Número-índice (2022=100),Número-índice,11046,33,N3,Unidade da Federação,Rio de Janeiro,201511,101.14255,140.75635
7167,PMS - Número-índice (2022=100),Número-índice,11046,33,N3,Unidade da Federação,Rio de Janeiro,201512,112.83914,144.92939
7167,PMS - Número-índice (2022=100),Número-índice,11046,33,N3,Unidade da Federação,Rio de Janeiro,201601,110.61056,138.07379
7167,PMS - Número-índice (2022=100),Número-índice,11046,33,N3,Unidade da Federação,Rio de Janeiro,201602,101.55619,134.03726
7167,PMS - Número-índice (2022=100),Número-índice,11046,33,N3,Unidade da Federação,Rio de Janeiro,201603,98.49724,134.92344
7167,PMS - Número-índice (2022=100),Número-índice,11046,33,N3,Unidade da Federação,Rio de Janeiro,201604,94.57808,132.13856
7167,PMS - Número-índice (2022=100),Número-índice,11046,33,N3,Unidade da Federação,Rio de Janeiro,201605,91.48871,132.63196
7167,PMS - Número-índice (2022=100),Número-índice,11046,33,N3,Unidade da Federação,Rio de Janeiro,201606,88.74073,127.56581
7167,PMS - Número-índice (2022=100),Número-índice,11046,33,N3,Unidade da Federação,Rio de Janeiro,201607,101.44684,136.96607
7167,PMS - Número-índice (2022=100),Número-índice,11046,33,N3,Unidade da Federação,Rio de Janeiro,201608,126.29540,150.14538
7167,PMS - Número-índice (2022=100),Número-índice,11046,33,N3,Unidade da Federação,Rio de Janeiro,201609,99.09364,131.43479
7167,PMS - Número-índice (2022=100),Número-índice,11046,33,N3,Unidade da Federação,Rio de Janeiro,201610,94.97981,128.28659
7167,PMS - Número-índice (2022=100),Número-índice,11046,33,N3,Unidade da Federação,Rio de Janeiro,201611,93.36243,125.52798
7167,PMS - Número-índice (2022=100),Número-índice,11046,33,N3,Unidade da Federação,Rio de Janeiro,201612,105.57862,134.29720
7167,PMS - Número-índice (2022=100),Número-índice,11046,33,N3,Unidade da Federação,Rio de Janeiro,201701,101.67284,124.13485
7167,PMS - Número-índice (2022=100),Número-índice,11046,33,N3,Unidade da Federação,Rio de Janeiro,201702,89.73057,108.78843
7167,PMS - Número-índice (2022=100),Número-índice,11046,33,N3,Unidade da Federação,Rio de Janeiro,201703,92.22424,114.23472
7167,PMS - Número-índice (2022=100),Número-índice,11046,33,N3,Unidade da Federação,Rio de Janeiro,201704,91.12390,106.95979
7167,PMS - Número-índice (2022=100),Número-índice,11046,33,N3,Unidade da Federação,Rio de Janeiro,201705,85.02069,103.45707
7167,PMS - Número-índice (2022=100),Número-índice,11046,33,N3,Unidade da Federação,Rio de Janeiro,201706,86.03699,102.20049
7167,PMS - Número-índice (2022=100),Número-índice,11046,33,N3,Unidade da Federação,Rio de Janeiro,201707,89.95224,106.52589
7167,PMS - Número-índice (2022=100),Número-índice,11046,33,N3,Unidade da Federação,Rio de Janeiro,201708,81.99428,101.57617
7167,PMS - Número-índice (2022=100),Número-índice,11046,33,N3,Unidade da Federação,Rio de Janeiro,201709,86.45586,103.48927
7167,PMS - Número-índice (2022=100),Número-índice,11046,33,N3,Unidade da Federação,Rio de Janeiro,201710,87.49696,102.73883
7167,PMS - Número-índice (2022=100),Número-índice,11046,33,N3,Unidade da Federação,Rio de Janeiro,201711,86.88641,105.00220
7167,PMS - Número-índice (2022=100),Número-índice,11046,33,N3,Unidade da Federação,Rio de Janeiro,201712,98.18729,113.49852
7167,PMS - Número-índice (2022=100),Número-índice,11046,33,N3,Unidade da Federação,Rio de Janeiro,201801,97.16866,114.04835
7167,PMS - Número-índice (2022=100),Número-índice,11046,33,N3,Unidade da Federação,Rio de Janeiro,201802,85.30204,100.15136
7167,PMS - Número-índice (2022=100),Número-índice,11046,33,N3,Unidade da Federação,Rio de Janeiro,201803,88.84035,106.82181
7167,PMS - Número-índice (2022=100),Número-índice,11046,33,N3,Unidade da Federação,Rio de Janeiro,201804,84.04423,100.62268
7167,PMS - Número-índice (2022=100),Número-índice,11046,33,N3,Unidade da Federação,Rio de Janeiro,201805,84.39639,101.46435
7167,PMS - Número-índice (2022=100),Número-índice,11046,33,N3,Unidade da Federação,Rio de Janeiro,201806,80.34063,99.36245
7167,PMS - Número-índice (2022=100),Número-índice,11046,33,N3,Unidade da Federação,Rio de Janeiro,201807,87.57314,98.92323
7167,PMS - Número-índice (2022=100),Número-índice,11046,33,N3,Unidade da Federação,Rio de Janeiro,201808,85.58252,104.90924
7167,PMS - Número-índice (2022=100),Número-índice,11046,33,N3,Unidade da Federação,Rio de Janeiro,201809,85.40717,100.27681
7167,PMS - Número-índice (2022=100),Número-índice,11046,33,N3,Unidade da Federação,Rio de Janeiro,201810,87.90770,102.74660
7167,PMS - Número-índice (2022=100),Número-índice,11046,33,N3,Unidade da Federação,Rio de Janeiro,201811,89.09494,103.46630
7167,PMS - Número-índice (2022=100),Número-índice,11046,33,N3,Unidade da Federação,Rio de Janeiro,201812,106.40121,115.95297
7167,PMS - Número-índice (2022=100),Número-índice,11046,33,N3,Unidade da Federação,Rio de Janeiro,201901,102.12670,113.78127
7167,PMS - Número-índice (2022=100),Número-índice,11046,33,N3,Unidade da Federação,Rio de Janeiro,201902,82.86570,94.74628
7167,PMS - Número-índice (2022=100),Número-índice,11046,33,N3,Unidade da Federação,Rio de Janeiro,201903,97.32011,110.72112
7167,PMS - Número-índice (2022=100),Número-índice,11046,33,N3,Unidade da Federação,Rio de Janeiro,201904,87.92143,98.43769
7167,PMS - Número-índice (2022=100),Número-índice,11046,33,N3,Unidade da Federação,Rio de Janeiro,201905,87.39259,102.50496
7167,PMS - Número-índice (2022=100),Número-índice,11046,33,N3,Unidade da Federação,Rio de Janeiro,201906,86.44981,99.32436
7167,PMS - Número-índice (2022=100),Número-índice,11046,33,N3,Unidade da Federação,Rio de Janeiro,201907,97.66524,107.69487
7167,PMS - Número-índice (2022=100),Número-índice,11046,33,N3,Unidade da Federação,Rio de Janeiro,201908,93.43066,105.88223
7167,PMS - Número-índice (2022=100),Número-índice,11046,33,N3,Unidade da Federação,Rio de Janeiro,201909,91.68260,104.68193
7167,PMS - Número-índice (2022=100),Número-índice,11046,33,N3,Unidade da Federação,Rio de Janeiro,201910,99.80990,112.68508
7167,PMS - Número-índice (2022=100),Número-índice,11046,33,N3,Unidade da Federação,Rio de Janeiro,201911,96.37346,108.23365
7167,PMS - Número-índice (2022=100),Número-índice,11046,33,N3,Unidade da Federação,Rio de Janeiro,201912,110.18102,122.09650
7167,PMS - Número-índice (2022=100),Número-índice,11046,33,N3,Unidade da Federação,Rio de Janeiro,202001,110.72026,124.99783
7167,PMS - Número-índice (2022=100),Número-índice,11046,33,N3,Unidade da Federação,Rio de Janeiro,202002,98.07838,112.76507
7167,PMS - Número-índice (2022=100),Número-índice,11046,33,N3,Unidade da Federação,Rio de Janeiro,202003,65.76684,76.29705
7167,PMS - Número-índice (2022=100),Número-índice,11046,33,N3,Unidade da Federação,Rio de Janeiro,202004,30.06248,33.60887
7167,PMS - Número-índice (2022=100),Número-índice,11046,33,N3,Unidade da Federação,Rio de Janeiro,202005,33.51412,40.32831
7167,PMS - Número-índice (2022=100),Número-índice,11046,33,N3,Unidade da Federação,Rio de Janeiro,202006,38.14093,48.90664
7167,PMS - Número-índice (2022=100),Número-índice,11046,33,N3,Unidade da Federação,Rio de Janeiro,202007,45.91053,58.05417
7167,PMS - Número-índice (2022=100),Número-índice,11046,33,N3,Unidade da Federação,Rio de Janeiro,202008,55.55410,69.95354
7167,PMS - Número-índice (2022=100),Número-índice,11046,33,N3,Unidade da Federação,Rio de Janeiro,202009,56.74039,72.06610
7167,PMS - Número-índice (2022=100),Número-índice,11046,33,N3,Unidade da Federação,Rio de Janeiro,202010,67.15520,79.02711
7167,PMS - Número-índice (2022=100),Número-índice,11046,33,N3,Unidade da Federação,Rio de Janeiro,202011,70.57915,82.20288
7167,PMS - Número-índice (2022=100),Número-índice,11046,33,N3,Unidade da Federação,Rio de Janeiro,202012,76.36673,86.11500
7167,PMS - Número-índice (2022=100),Número-índice,11046,33,N3,Unidade da Federação,Rio de Janeiro,202101,75.52049,89.70122
7167,PMS - Número-índice (2022=100),Número-índice,11046,33,N3,Unidade da Federação,Rio de Janeiro,202102,67.10214,79.47778
7167,PMS - Número-índice (2022=100),Número-índice,11046,33,N3,Unidade da Federação,Rio de Janeiro,202103,58.50648,70.78188
7167,PMS - Número-índice (2022=100),Número-índice,11046,33,N3,Unidade da Federação,Rio de Janeiro,202104,54.54819,62.46272
7167,PMS - Número-índice (2022=100),Número-índice,11046,33,N3,Unidade da Federação,Rio de Janeiro,202105,65.11766,76.92671
7167,PMS - Número-índice (2022=100),Número-índice,11046,33,N3,Unidade da Federação,Rio de Janeiro,202106,70.46487,85.61053
7167,PMS - Número-índice (2022=100),Número-índice,11046,33,N3,Unidade da Federação,Rio de Janeiro,202107,79.79800,90.75752
7167,PMS - Número-índice (2022=100),Número-índice,11046,33,N3,Unidade da Federação,Rio de Janeiro,202108,78.33445,90.73091
7167,PMS - Número-índice (2022=100),Número-índice,11046,33,N3,Unidade da Federação,Rio de Janeiro,202109,82.63687,92.32236
7167,PMS - Número-índice (2022=100),Número-índice,11046,33,N3,Unidade da Federação,Rio de Janeiro,202110,89.72223,95.98916
7167,PMS - Número-índice (2022=100),Número-índice,11046,33,N3,Unidade da Federação,Rio de Janeiro,202111,91.28930,97.48951
7167,PMS - Número-índice (2022=100),Número-índice,11046,33,N3,Unidade da Federação,Rio de Janeiro,202112,98.03580,101.52432
7167,PMS - Número-índice (2022=100),Número-índice,11046,33,N3,Unidade da Federação,Rio de Janeiro,202201,92.47655,101.87106
7167,PMS - Número-índice (2022=100),Número-índice,11046,33,N3,Unidade da Federação,Rio de Janeiro,202202,80.59240,86.91197
7167,PMS - Número-índice (2022=100),Número-índice,11046,33,N3,Unidade da Federação,Rio de Janeiro,202203,92.61761,100.80826
7167,PMS - Número-índice (2022=100),Número-índice,11046,33,N3,Unidade da Federação,Rio de Janeiro,202204,93.31235,99.85593
7167,PMS - Número-índice (2022=100),Número-índice,11046,33,N3,Unidade da Federação,Rio de Janeiro,202205,97.14995,95.62456
7167,PMS - Número-índice (2022=100),Número-índice,11046,33,N3,Unidade da Federação,Rio de Janeiro,202206,94.58777,92.11398
7167,PMS - Número-índice (2022=100),Número-índice,11046,33,N3,Unidade da Federação,Rio de Janeiro,202207,105.13598,101.07894
7167,PMS - Número-índice (2022=100),Número-índice,11046,33,N3,Unidade da Federação,Rio de Janeiro,202208,101.50340,100.23153
7167,PMS - Número-índice (2022=100),Número-índice,11046,33,N3,Unidade da Federação,Rio de Janeiro,202209,106.95872,102.48731
7167,PMS - Número-índice (2022=100),Número-índice,11046,33,N3,Unidade da Federação,Rio de Janeiro,202210,108.03244,101.22433
7167,PMS - Número-índice (2022=100),Número-índice,11046,33,N3,Unidade da Federação,Rio de Janeiro,202211,106.46725,102.20208
7167,PMS - Número-índice (2022=100),Número-índice,11046,33,N3,Unidade da Federação,Rio de Janeiro,202212,121.16560,115.59006
7167,PMS - Número-índice (2022=100),Número-índice,11046,33,N3,Unidade da Federação,Rio de Janeiro,202301,117.52660,109.05373
7167,PMS - Número-índice (2022=100),Número-índice,11046,33,N3,Unidade da Federação,Rio de Janeiro,202302,107.19905,98.16194
7167,PMS - Número-índice (2022=100),Número-índice,11046,33,N3,Unidade da Federação,Rio de Janeiro,202303,110.27531,102.17673
7167,PMS - Número-índice (2022=100),Número-índice,11046,33,N3,Unidade da Federação,Rio de Janeiro,202304,116.11970,106.26422
7167,PMS - Número-índice (2022=100),Número-índice,11046,33,N3,Unidade da Federação,Rio de Janeiro,202305,111.69911,109.04182
7167,PMS - Número-índice (2022=100),Número-índice,11046,33,N3,Unidade da Federação,Rio de Janeiro,202306,111.13611,104.92274
7167,PMS - Número-índice (2022=100),Número-índice,11046,33,N3,Unidade da Federação,Rio de Janeiro,202307,123.61213,115.26977
7167,PMS - Número-índice (2022=100),Número-índice,11046,33,N3,Unidade da Federação,Rio de Janeiro,202308,115.46257,113.00139
7167,PMS - Número-índice (2022=100),Número-índice,11046,33,N3,Unidade da Federação,Rio de Janeiro,202309,132.63679,126.13612
7167,PMS - Número-índice (2022=100),Número-índice,11046,33,N3,Unidade da Federação,Rio de Janeiro,202310,124.00037,113.71504
7167,PMS - Número-índice (2022=100),Número-índice,11046,33,N3,Unidade da Federação,Rio de Janeiro,202311,129.73120,112.84781
7167,PMS - Número-índice (2022=100),Número-índice,11046,33,N3,Unidade da Federação,Rio de Janeiro,202312,149.31109,127.14421
7167,PMS - Número-índice (2022=100),Número-índice,11046,33,N3,Unidade da Federação,Rio de Janeiro,202401,131.91999,112.56757
7167,PMS - Número-índice (2022=100),Número-índice,11046,33,N3,Unidade da Federação,Rio de Janeiro,202402,118.67009,101.94245
7167,PMS - Número-índice (2022=100),Número-índice,11046,33,N3,Unidade da Federação,Rio de Janeiro,202403,129.50980,113.84781
7167,PMS - Número-índice (2022=100),Número-índice,11046,33,N3,Unidade da Federação,Rio de Janeiro,202404,114.25261,105.50544
7167,PMS - Número-índice (2022=100),Número-índice,11046,33,N3,Unidade da Federação,Rio de Janeiro,202405,119.68965,110.15997
7167,PMS - Número-índice (2022=100),Número-índice,11046,33,N3,Unidade da Federação,Rio de Janeiro,202406,120.62966,116.56129
7167,PMS - Número-índice (2022=100),Número-índice,11046,33,N3,Unidade da Federação,Rio de Janeiro,202407,132.80047,120.39371
7167,PMS - Número-índice (2022=100),Número-índice,11046,33,N3,Unidade da Federação,Rio de Janeiro,202408,125.07528,114.76380
7167,PMS - Número-índice (2022=100),Número-índice,11046,33,N3,Unidade da Federação,Rio de Janeiro,202409,153.47053,138.18014
7167,PMS - Número-índice (2022=100),Número-índice,11046,35,N3,Unidade da Federação,São Paulo,201101,51.59441,106.13562
7167,PMS - Número-índice (2022=100),Número-índice,11046,35,N3,Unidade da Federação,São Paulo,201102,44.59312,93.47910
7167,PMS - Número-índice (2022=100),Número-índice,11046,35,N3,Unidade da Federação,São Paulo,201103,48.19041,96.91734
7167,PMS - Número-índice (2022=100),Número-índice,11046,35,N3,Unidade da Federação,São Paulo,201104,50.19095,104.18124
7167,PMS - Número-índice (2022=100),Número-índice,11046,35,N3,Unidade da Federação,São Paulo,201105,47.90298,102.19109
7167,PMS - Número-índice (2022=100),Número-índice,11046,35,N3,Unidade da Federação,São Paulo,201106,49.33038,101.76183
7167,PMS - Número-índice (2022=100),Número-índice,11046,35,N3,Unidade da Federação,São Paulo,201107,53.64264,108.29531
7167,PMS - Número-índice (2022=100),Número-índice,11046,35,N3,Unidade da Federação,São Paulo,201108,50.68170,102.69570
7167,PMS - Número-índice (2022=100),Número-índice,11046,35,N3,Unidade da Federação,São Paulo,201109,51.54668,98.93260
7167,PMS - Número-índice (2022=100),Número-índice,11046,35,N3,Unidade da Federação,São Paulo,201110,53.98484,100.80509
7167,PMS - Número-índice (2022=100),Número-índice,11046,35,N3,Unidade da Federação,São Paulo,201111,55.52362,102.13423
7167,PMS - Número-índice (2022=100),Número-índice,11046,35,N3,Unidade da Federação,São Paulo,201112,63.45540,116.25218
7167,PMS - Número-índice (2022=100),Número-índice,11046,35,N3,Unidade da Federação,São Paulo,201201,59.12915,104.58865
7167,PMS - Número-índice (2022=100),Número-índice,11046,35,N3,Unidade da Federação,São Paulo,201202,51.10842,91.90926
7167,PMS - Número-índice (2022=100),Número-índice,11046,35,N3,Unidade da Federação,São Paulo,201203,54.56458,98.36539
7167,PMS - Número-índice (2022=100),Número-índice,11046,35,N3,Unidade da Federação,São Paulo,201204,51.34311,91.41917
7167,PMS - Número-índice (2022=100),Número-índice,11046,35,N3,Unidade da Federação,São Paulo,201205,51.62393,94.48186
7167,PMS - Número-índice (2022=100),Número-índice,11046,35,N3,Unidade da Federação,São Paulo,201206,51.96133,93.91425
7167,PMS - Número-índice (2022=100),Número-índice,11046,35,N3,Unidade da Federação,São Paulo,201207,54.85292,98.74435
7167,PMS - Número-índice (2022=100),Número-índice,11046,35,N3,Unidade da Federação,São Paulo,201208,55.94700,102.09690
7167,PMS - Número-índice (2022=100),Número-índice,11046,35,N3,Unidade da Federação,São Paulo,201209,55.26194,98.95145
7167,PMS - Número-índice (2022=100),Número-índice,11046,35,N3,Unidade da Federação,São Paulo,201210,57.08473,102.24663
7167,PMS - Número-índice (2022=100),Número-índice,11046,35,N3,Unidade da Federação,São Paulo,201211,60.48541,104.46913
7167,PMS - Número-índice (2022=100),Número-índice,11046,35,N3,Unidade da Federação,São Paulo,201212,71.78463,117.88874
7167,PMS - Número-índice (2022=100),Número-índice,11046,35,N3,Unidade da Federação,São Paulo,201301,65.04194,105.22821
7167,PMS - Número-índice (2022=100),Número-índice,11046,35,N3,Unidade da Federação,São Paulo,201302,55.14803,91.25360
7167,PMS - Número-índice (2022=100),Número-índice,11046,35,N3,Unidade da Federação,São Paulo,201303,61.02225,103.91055
7167,PMS - Número-índice (2022=100),Número-índice,11046,35,N3,Unidade da Federação,São Paulo,201304,58.49410,100.17767
7167,PMS - Número-índice (2022=100),Número-índice,11046,35,N3,Unidade da Federação,São Paulo,201305,58.82851,103.00785
7167,PMS - Número-índice (2022=100),Número-índice,11046,35,N3,Unidade da Federação,São Paulo,201306,58.90403,99.30443
7167,PMS - Número-índice (2022=100),Número-índice,11046,35,N3,Unidade da Federação,São Paulo,201307,65.05770,107.95032
7167,PMS - Número-índice (2022=100),Número-índice,11046,35,N3,Unidade da Federação,São Paulo,201308,62.95823,103.54294
7167,PMS - Número-índice (2022=100),Número-índice,11046,35,N3,Unidade da Federação,São Paulo,201309,62.18471,98.56064
7167,PMS - Número-índice (2022=100),Número-índice,11046,35,N3,Unidade da Federação,São Paulo,201310,65.58892,104.50681
7167,PMS - Número-índice (2022=100),Número-índice,11046,35,N3,Unidade da Federação,São Paulo,201311,68.39889,106.94973
7167,PMS - Número-índice (2022=100),Número-índice,11046,35,N3,Unidade da Federação,São Paulo,201312,79.56631,120.00249
7167,PMS - Número-índice (2022=100),Número-índice,11046,35,N3,Unidade da Federação,São Paulo,201401,73.11666,112.88507
7167,PMS - Número-índice (2022=100),Número-índice,11046,35,N3,Unidade da Federação,São Paulo,201402,64.62966,101.24874
7167,PMS - Número-índice (2022=100),Número-índice,11046,35,N3,Unidade da Federação,São Paulo,201403,67.17872,100.97921
7167,PMS - Número-índice (2022=100),Número-índice,11046,35,N3,Unidade da Federação,São Paulo,201404,65.84515,98.74523
7167,PMS - Número-índice (2022=100),Número-índice,11046,35,N3,Unidade da Federação,São Paulo,201405,65.25071,104.19964
7167,PMS - Número-índice (2022=100),Número-índice,11046,35,N3,Unidade da Federação,São Paulo,201406,62.47028,91.57727
7167,PMS - Número-índice (2022=100),Número-índice,11046,35,N3,Unidade da Federação,São Paulo,201407,65.13584,102.23906
7167,PMS - Número-índice (2022=100),Número-índice,11046,35,N3,Unidade da Federação,São Paulo,201408,68.89248,106.61331
7167,PMS - Número-índice (2022=100),Número-índice,11046,35,N3,Unidade da Federação,São Paulo,201409,69.35574,103.14691
7167,PMS - Número-índice (2022=100),Número-índice,11046,35,N3,Unidade da Federação,São Paulo,201410,70.76202,105.15830
7167,PMS - Número-índice (2022=100),Número-índice,11046,35,N3,Unidade da Federação,São Paulo,201411,70.24223,105.16093
7167,PMS - Número-índice (2022=100),Número-índice,11046,35,N3,Unidade da Federação,São Paulo,201412,85.43872,118.77513
7167,PMS - Número-índice (2022=100),Número-índice,11046,35,N3,Unidade da Federação,São Paulo,201501,83.15275,114.61630
7167,PMS - Número-índice (2022=100),Número-índice,11046,35,N3,Unidade da Federação,São Paulo,201502,68.62757,100.54114
7167,PMS - Número-índice (2022=100),Número-índice,11046,35,N3,Unidade da Federação,São Paulo,201503,70.64545,106.40297
7167,PMS - Número-índice (2022=100),Número-índice,11046,35,N3,Unidade da Federação,São Paulo,201504,68.75004,101.96012
7167,PMS - Número-índice (2022=100),Número-índice,11046,35,N3,Unidade da Federação,São Paulo,201505,66.54439,106.57476
7167,PMS - Número-índice (2022=100),Número-índice,11046,35,N3,Unidade da Federação,São Paulo,201506,66.49601,97.52174
7167,PMS - Número-índice (2022=100),Número-índice,11046,35,N3,Unidade da Federação,São Paulo,201507,69.44822,102.73506
7167,PMS - Número-índice (2022=100),Número-índice,11046,35,N3,Unidade da Federação,São Paulo,201508,69.55809,109.85769
7167,PMS - Número-índice (2022=100),Número-índice,11046,35,N3,Unidade da Federação,São Paulo,201509,67.47100,98.70881
7167,PMS - Número-índice (2022=100),Número-índice,11046,35,N3,Unidade da Federação,São Paulo,201510,73.59505,104.86493
7167,PMS - Número-índice (2022=100),Número-índice,11046,35,N3,Unidade da Federação,São Paulo,201511,70.05677,102.65683
7167,PMS - Número-índice (2022=100),Número-índice,11046,35,N3,Unidade da Federação,São Paulo,201512,87.05215,119.98872
7167,PMS - Número-índice (2022=100),Número-índice,11046,35,N3,Unidade da Federação,São Paulo,201601,84.60786,116.72039
7167,PMS - Número-índice (2022=100),Número-índice,11046,35,N3,Unidade da Federação,São Paulo,201602,70.63636,100.19551
7167,PMS - Número-índice (2022=100),Número-índice,11046,35,N3,Unidade da Federação,São Paulo,201603,71.75407,105.61978
7167,PMS - Número-índice (2022=100),Número-índice,11046,35,N3,Unidade da Federação,São Paulo,201604,68.87522,99.68124
7167,PMS - Número-índice (2022=100),Número-índice,11046,35,N3,Unidade da Federação,São Paulo,201605,64.29836,97.16391
7167,PMS - Número-índice (2022=100),Número-índice,11046,35,N3,Unidade da Federação,São Paulo,201606,65.05060,100.39677
7167,PMS - Número-índice (2022=100),Número-índice,11046,35,N3,Unidade da Federação,São Paulo,201607,73.91057,107.62276
7167,PMS - Número-índice (2022=100),Número-índice,11046,35,N3,Unidade da Federação,São Paulo,201608,68.85100,102.68745
7167,PMS - Número-índice (2022=100),Número-índice,11046,35,N3,Unidade da Federação,São Paulo,201609,69.54120,104.67946
7167,PMS - Número-índice (2022=100),Número-índice,11046,35,N3,Unidade da Federação,São Paulo,201610,74.08390,107.43936
7167,PMS - Número-índice (2022=100),Número-índice,11046,35,N3,Unidade da Federação,São Paulo,201611,72.30764,106.24829
7167,PMS - Número-índice (2022=100),Número-índice,11046,35,N3,Unidade da Federação,São Paulo,201612,92.26894,128.79364
7167,PMS - Número-índice (2022=100),Número-índice,11046,35,N3,Unidade da Federação,São Paulo,201701,76.65954,98.21501
7167,PMS - Número-índice (2022=100),Número-índice,11046,35,N3,Unidade da Federação,São Paulo,201702,67.20718,88.87549
7167,PMS - Número-índice (2022=100),Número-índice,11046,35,N3,Unidade da Federação,São Paulo,201703,73.42401,99.19368
7167,PMS - Número-índice (2022=100),Número-índice,11046,35,N3,Unidade da Federação,São Paulo,201704,72.82591,95.76701
7167,PMS - Número-índice (2022=100),Número-índice,11046,35,N3,Unidade da Federação,São Paulo,201705,72.88083,98.12277
7167,PMS - Número-índice (2022=100),Número-índice,11046,35,N3,Unidade da Federação,São Paulo,201706,74.28117,97.52376
7167,PMS - Número-índice (2022=100),Número-índice,11046,35,N3,Unidade da Federação,São Paulo,201707,79.89280,104.08657
7167,PMS - Número-índice (2022=100),Número-índice,11046,35,N3,Unidade da Federação,São Paulo,201708,73.65626,100.13808
7167,PMS - Número-índice (2022=100),Número-índice,11046,35,N3,Unidade da Federação,São Paulo,201709,76.68178,98.74597
7167,PMS - Número-índice (2022=100),Número-índice,11046,35,N3,Unidade da Federação,São Paulo,201710,77.42361,99.22630
7167,PMS - Número-índice (2022=100),Número-índice,11046,35,N3,Unidade da Federação,São Paulo,201711,76.21184,98.16314
7167,PMS - Número-índice (2022=100),Número-índice,11046,35,N3,Unidade da Federação,São Paulo,201712,89.70272,108.94235
7167,PMS - Número-índice (2022=100),Número-índice,11046,35,N3,Unidade da Federação,São Paulo,201801,79.79179,98.22049
7167,PMS - Número-índice (2022=100),Número-índice,11046,35,N3,Unidade da Federação,São Paulo,201802,68.10343,84.28996
7167,PMS - Número-índice (2022=100),Número-índice,11046,35,N3,Unidade da Federação,São Paulo,201803,80.20424,101.94434
7167,PMS - Número-índice (2022=100),Número-índice,11046,35,N3,Unidade da Federação,São Paulo,201804,76.76952,98.59617
7167,PMS - Número-índice (2022=100),Número-índice,11046,35,N3,Unidade da Federação,São Paulo,201805,73.63486,101.65930
7167,PMS - Número-índice (2022=100),Número-índice,11046,35,N3,Unidade da Federação,São Paulo,201806,75.79916,104.61967
7167,PMS - Número-índice (2022=100),Número-índice,11046,35,N3,Unidade da Federação,São Paulo,201807,88.08932,110.03208
7167,PMS - Número-índice (2022=100),Número-índice,11046,35,N3,Unidade da Federação,São Paulo,201808,83.59909,110.15830
7167,PMS - Número-índice (2022=100),Número-índice,11046,35,N3,Unidade da Federação,São Paulo,201809,83.92411,108.18316
7167,PMS - Número-índice (2022=100),Número-índice,11046,35,N3,Unidade da Federação,São Paulo,201810,86.16746,109.64196
7167,PMS - Número-índice (2022=100),Número-índice,11046,35,N3,Unidade da Federação,São Paulo,201811,85.07881,105.76688
7167,PMS - Número-índice (2022=100),Número-índice,11046,35,N3,Unidade da Federação,São Paulo,201812,100.61051,114.73666
7167,PMS - Número-índice (2022=100),Número-índice,11046,35,N3,Unidade da Federação,São Paulo,201901,94.83231,109.69443
7167,PMS - Número-índice (2022=100),Número-índice,11046,35,N3,Unidade da Federação,São Paulo,201902,78.71476,96.72368
7167,PMS - Número-índice (2022=100),Número-índice,11046,35,N3,Unidade da Federação,São Paulo,201903,88.94779,106.07186
7167,PMS - Número-índice (2022=100),Número-índice,11046,35,N3,Unidade da Federação,São Paulo,201904,87.17632,103.65245
7167,PMS - Número-índice (2022=100),Número-índice,11046,35,N3,Unidade da Federação,São Paulo,201905,87.17694,110.17432
7167,PMS - Número-índice (2022=100),Número-índice,11046,35,N3,Unidade da Federação,São Paulo,201906,86.90024,106.95963
7167,PMS - Número-índice (2022=100),Número-índice,11046,35,N3,Unidade da Federação,São Paulo,201907,98.17739,115.89415
7167,PMS - Número-índice (2022=100),Número-índice,11046,35,N3,Unidade da Federação,São Paulo,201908,85.80114,105.21611
7167,PMS - Número-índice (2022=100),Número-índice,11046,35,N3,Unidade da Federação,São Paulo,201909,90.82374,110.19353
7167,PMS - Número-índice (2022=100),Número-índice,11046,35,N3,Unidade da Federação,São Paulo,201910,94.26944,114.55562
7167,PMS - Número-índice (2022=100),Número-índice,11046,35,N3,Unidade da Federação,São Paulo,201911,93.31024,110.83429
7167,PMS - Número-índice (2022=100),Número-índice,11046,35,N3,Unidade da Federação,São Paulo,201912,108.34536,122.57039
7167,PMS - Número-índice (2022=100),Número-índice,11046,35,N3,Unidade da Federação,São Paulo,202001,97.44766,110.71402
7167,PMS - Número-índice (2022=100),Número-índice,11046,35,N3,Unidade da Federação,São Paulo,202002,86.68029,100.95089
7167,PMS - Número-índice (2022=100),Número-índice,11046,35,N3,Unidade da Federação,São Paulo,202003,63.05582,76.19115
7167,PMS - Número-índice (2022=100),Número-índice,11046,35,N3,Unidade da Federação,São Paulo,202004,29.09963,35.52489
7167,PMS - Número-índice (2022=100),Número-índice,11046,35,N3,Unidade da Federação,São Paulo,202005,29.70905,37.28017
7167,PMS - Número-índice (2022=100),Número-índice,11046,35,N3,Unidade da Federação,São Paulo,202006,33.14708,43.10954
7167,PMS - Número-índice (2022=100),Número-índice,11046,35,N3,Unidade da Federação,São Paulo,202007,38.15797,49.81180
7167,PMS - Número-índice (2022=100),Número-índice,11046,35,N3,Unidade da Federação,São Paulo,202008,42.41537,55.54070
7167,PMS - Número-índice (2022=100),Número-índice,11046,35,N3,Unidade da Federação,São Paulo,202009,47.58865,61.91428
7167,PMS - Número-índice (2022=100),Número-índice,11046,35,N3,Unidade da Federação,São Paulo,202010,56.36115,68.00921
7167,PMS - Número-índice (2022=100),Número-índice,11046,35,N3,Unidade da Federação,São Paulo,202011,59.11583,71.85077
7167,PMS - Número-índice (2022=100),Número-índice,11046,35,N3,Unidade da Federação,São Paulo,202012,68.38323,77.03927
7167,PMS - Número-índice (2022=100),Número-índice,11046,35,N3,Unidade da Federação,São Paulo,202101,58.80879,68.84147
7167,PMS - Número-índice (2022=100),Número-índice,11046,35,N3,Unidade da Federação,São Paulo,202102,51.98878,61.30995
7167,PMS - Número-índice (2022=100),Número-índice,11046,35,N3,Unidade da Federação,São Paulo,202103,45.36725,54.89829
7167,PMS - Número-índice (2022=100),Número-índice,11046,35,N3,Unidade da Federação,São Paulo,202104,44.78379,53.05443
7167,PMS - Número-índice (2022=100),Número-índice,11046,35,N3,Unidade da Federação,São Paulo,202105,54.65569,69.06364
7167,PMS - Número-índice (2022=100),Número-índice,11046,35,N3,Unidade da Federação,São Paulo,202106,55.52033,72.95476
7167,PMS - Número-índice (2022=100),Número-índice,11046,35,N3,Unidade da Federação,São Paulo,202107,64.32198,77.59232
7167,PMS - Número-índice (2022=100),Número-índice,11046,35,N3,Unidade da Federação,São Paulo,202108,64.22132,77.11143
7167,PMS - Número-índice (2022=100),Número-índice,11046,35,N3,Unidade da Federação,São Paulo,202109,67.60768,76.28688
7167,PMS - Número-índice (2022=100),Número-índice,11046,35,N3,Unidade da Federação,São Paulo,202110,76.66328,80.46154
7167,PMS - Número-índice (2022=100),Número-índice,11046,35,N3,Unidade da Federação,São Paulo,202111,81.83891,86.93122
7167,PMS - Número-índice (2022=100),Número-índice,11046,35,N3,Unidade da Federação,São Paulo,202112,102.29784,103.88732
7167,PMS - Número-índice (2022=100),Número-índice,11046,35,N3,Unidade da Federação,São Paulo,202201,86.57629,95.54156
7167,PMS - Número-índice (2022=100),Número-índice,11046,35,N3,Unidade da Federação,São Paulo,202202,73.56389,83.06304
7167,PMS - Número-índice (2022=100),Número-índice,11046,35,N3,Unidade da Federação,São Paulo,202203,89.51864,102.01767
7167,PMS - Número-índice (2022=100),Número-índice,11046,35,N3,Unidade da Federação,São Paulo,202204,89.44160,96.76644
7167,PMS - Número-índice (2022=100),Número-índice,11046,35,N3,Unidade da Federação,São Paulo,202205,96.31855,99.49360
7167,PMS - Número-índice (2022=100),Número-índice,11046,35,N3,Unidade da Federação,São Paulo,202206,94.65206,94.93730
7167,PMS - Número-índice (2022=100),Número-índice,11046,35,N3,Unidade da Federação,São Paulo,202207,108.84881,104.72942
7167,PMS - Número-índice (2022=100),Número-índice,11046,35,N3,Unidade da Federação,São Paulo,202208,104.86323,102.68834
7167,PMS - Número-índice (2022=100),Número-índice,11046,35,N3,Unidade da Federação,São Paulo,202209,107.57459,102.75504
7167,PMS - Número-índice (2022=100),Número-índice,11046,35,N3,Unidade da Federação,São Paulo,202210,110.02411,99.85587
7167,PMS - Número-índice (2022=100),Número-índice,11046,35,N3,Unidade da Federação,São Paulo,202211,109.03966,101.17186
7167,PMS - Número-índice (2022=100),Número-índice,11046,35,N3,Unidade da Federação,São Paulo,202212,129.57856,116.97988
7167,PMS - Número-índice (2022=100),Número-índice,11046,35,N3,Unidade da Federação,São Paulo,202301,122.42583,111.29517
7167,PMS - Número-índice (2022=100),Número-índice,11046,35,N3,Unidade da Federação,São Paulo,202302,99.41365,92.39324
7167,PMS - Número-índice (2022=100),Número-índice,11046,35,N3,Unidade da Federação,São Paulo,202303,114.91247,106.48535
7167,PMS - Número-índice (2022=100),Número-índice,11046,35,N3,Unidade da Federação,São Paulo,202304,108.15799,98.34892
7167,PMS - Número-índice (2022=100),Número-índice,11046,35,N3,Unidade da Federação,São Paulo,202305,110.55373,106.36906
7167,PMS - Número-índice (2022=100),Número-índice,11046,35,N3,Unidade da Federação,São Paulo,202306,110.08538,102.62048
7167,PMS - Número-índice (2022=100),Número-índice,11046,35,N3,Unidade da Federação,São Paulo,202307,125.18755,115.48745
7167,PMS - Número-índice (2022=100),Número-índice,11046,35,N3,Unidade da Federação,São Paulo,202308,110.60307,105.62564
7167,PMS - Número-índice (2022=100),Número-índice,11046,35,N3,Unidade da Federação,São Paulo,202309,115.27971,105.40259
7167,PMS - Número-índice (2022=100),Número-índice,11046,35,N3,Unidade da Federação,São Paulo,202310,123.48556,108.25787
7167,PMS - Número-índice (2022=100),Número-índice,11046,35,N3,Unidade da Federação,São Paulo,202311,128.39138,107.61912
7167,PMS - Número-índice (2022=100),Número-índice,11046,35,N3,Unidade da Federação,São Paulo,202312,150.60833,122.92721
7167,PMS - Número-índice (2022=100),Número-índice,11046,35,N3,Unidade da Federação,São Paulo,202401,136.67425,112.99637
7167,PMS - Número-índice (2022=100),Número-índice,11046,35,N3,Unidade da Federação,São Paulo,202402,111.57347,93.50764
7167,PMS - Número-índice (2022=100),Número-índice,11046,35,N3,Unidade da Federação,São Paulo,202403,123.65534,106.04487
7167,PMS - Número-índice (2022=100),Número-índice,11046,35,N3,Unidade da Federação,São Paulo,202404,115.85188,101.68245
7167,PMS - Número-índice (2022=100),Número-índice,11046,35,N3,Unidade da Federação,São Paulo,202405,121.42275,105.23542
7167,PMS - Número-índice (2022=100),Número-índice,11046,35,N3,Unidade da Federação,São Paulo,202406,122.64893,107.75353
7167,PMS - Número-índice (2022=100),Número-índice,11046,35,N3,Unidade da Federação,São Paulo,202407,137.87815,115.82663
7167,PMS - Número-índice (2022=100),Número-índice,11046,35,N3,Unidade da Federação,São Paulo,202408,127.47118,109.43199
7167,PMS - Número-índice (2022=100),Número-índice,11046,35,N3,Unidade da Federação,São Paulo,202409,126.14747,106.83836
7167,PMS - Número-índice (2022=100),Número-índice,11046,41,N3,Unidade da Federação,Paraná,201101,56.79502,121.99455
7167,PMS - Número-índice (2022=100),Número-índice,11046,41,N3,Unidade da Federação,Paraná,201102,51.66771,114.07529
7167,PMS - Número-índice (2022=100),Número-índice,11046,41,N3,Unidade da Federação,Paraná,201103,57.13505,113.82136
7167,PMS - Número-índice (2022=100),Número-índice,11046,41,N3,Unidade da Federação,Paraná,201104,56.20547,112.30716
7167,PMS - Número-índice (2022=100),Número-índice,11046,41,N3,Unidade da Federação,Paraná,201105,58.60874,120.79309
7167,PMS - Número-índice (2022=100),Número-índice,11046,41,N3,Unidade da Federação,Paraná,201106,57.80851,115.90821
7167,PMS - Número-índice (2022=100),Número-índice,11046,41,N3,Unidade da Federação,Paraná,201107,63.53142,122.96532
7167,PMS - Número-índice (2022=100),Número-índice,11046,41,N3,Unidade da Federação,Paraná,201108,61.16640,121.53759
7167,PMS - Número-índice (2022=100),Número-índice,11046,41,N3,Unidade da Federação,Paraná,201109,61.33431,114.75711
7167,PMS - Número-índice (2022=100),Número-índice,11046,41,N3,Unidade da Federação,Paraná,201110,63.13098,114.82464
7167,PMS - Número-índice (2022=100),Número-índice,11046,41,N3,Unidade da Federação,Paraná,201111,66.34045,120.34787
7167,PMS - Número-índice (2022=100),Número-índice,11046,41,N3,Unidade da Federação,Paraná,201112,74.97530,135.04214
7167,PMS - Número-índice (2022=100),Número-índice,11046,41,N3,Unidade da Federação,Paraná,201201,63.83879,112.84313
7167,PMS - Número-índice (2022=100),Número-índice,11046,41,N3,Unidade da Federação,Paraná,201202,59.22693,105.08861
7167,PMS - Número-índice (2022=100),Número-índice,11046,41,N3,Unidade da Federação,Paraná,201203,62.70568,108.86144
7167,PMS - Número-índice (2022=100),Número-índice,11046,41,N3,Unidade da Federação,Paraná,201204,63.55223,110.48132
7167,PMS - Número-índice (2022=100),Número-índice,11046,41,N3,Unidade da Federação,Paraná,201205,63.17858,110.04718
7167,PMS - Número-índice (2022=100),Número-índice,11046,41,N3,Unidade da Federação,Paraná,201206,65.61768,115.10981
7167,PMS - Número-índice (2022=100),Número-índice,11046,41,N3,Unidade da Federação,Paraná,201207,73.05287,126.84289
7167,PMS - Número-índice (2022=100),Número-índice,11046,41,N3,Unidade da Federação,Paraná,201208,66.49396,115.92216
7167,PMS - Número-índice (2022=100),Número-índice,11046,41,N3,Unidade da Federação,Paraná,201209,66.91110,116.28409
7167,PMS - Número-índice (2022=100),Número-índice,11046,41,N3,Unidade da Federação,Paraná,201210,72.94269,123.24686
7167,PMS - Número-índice (2022=100),Número-índice,11046,41,N3,Unidade da Federação,Paraná,201211,76.66391,124.46660
7167,PMS - Número-índice (2022=100),Número-índice,11046,41,N3,Unidade da Federação,Paraná,201212,82.18676,131.49884
7167,PMS - Número-índice (2022=100),Número-índice,11046,41,N3,Unidade da Federação,Paraná,201301,71.04432,112.94562
7167,PMS - Número-índice (2022=100),Número-índice,11046,41,N3,Unidade da Federação,Paraná,201302,61.11649,97.61653
7167,PMS - Número-índice (2022=100),Número-índice,11046,41,N3,Unidade da Federação,Paraná,201303,69.55554,113.13953
7167,PMS - Número-índice (2022=100),Número-índice,11046,41,N3,Unidade da Federação,Paraná,201304,70.58768,116.61561
7167,PMS - Número-índice (2022=100),Número-índice,11046,41,N3,Unidade da Federação,Paraná,201305,72.13390,119.72902
7167,PMS - Número-índice (2022=100),Número-índice,11046,41,N3,Unidade da Federação,Paraná,201306,71.10793,118.40479
7167,PMS - Número-índice (2022=100),Número-índice,11046,41,N3,Unidade da Federação,Paraná,201307,82.09650,135.59951
7167,PMS - Número-índice (2022=100),Número-índice,11046,41,N3,Unidade da Federação,Paraná,201308,78.76994,128.28969
7167,PMS - Número-índice (2022=100),Número-índice,11046,41,N3,Unidade da Federação,Paraná,201309,75.24068,121.21572
7167,PMS - Número-índice (2022=100),Número-índice,11046,41,N3,Unidade da Federação,Paraná,201310,81.33786,129.91794
7167,PMS - Número-índice (2022=100),Número-índice,11046,41,N3,Unidade da Federação,Paraná,201311,82.75043,131.68024
7167,PMS - Número-índice (2022=100),Número-índice,11046,41,N3,Unidade da Federação,Paraná,201312,92.46053,141.78171
7167,PMS - Número-índice (2022=100),Número-índice,11046,41,N3,Unidade da Federação,Paraná,201401,79.55759,125.27654
7167,PMS - Número-índice (2022=100),Número-índice,11046,41,N3,Unidade da Federação,Paraná,201402,72.02440,120.07964
7167,PMS - Número-índice (2022=100),Número-índice,11046,41,N3,Unidade da Federação,Paraná,201403,77.26627,119.73028
7167,PMS - Número-índice (2022=100),Número-índice,11046,41,N3,Unidade da Federação,Paraná,201404,78.57112,119.52527
7167,PMS - Número-índice (2022=100),Número-índice,11046,41,N3,Unidade da Federação,Paraná,201405,79.92639,126.51822
7167,PMS - Número-índice (2022=100),Número-índice,11046,41,N3,Unidade da Federação,Paraná,201406,74.53511,109.13122
7167,PMS - Número-índice (2022=100),Número-índice,11046,41,N3,Unidade da Federação,Paraná,201407,80.42419,128.62946
7167,PMS - Número-índice (2022=100),Número-índice,11046,41,N3,Unidade da Federação,Paraná,201408,83.67757,129.64230
7167,PMS - Número-índice (2022=100),Número-índice,11046,41,N3,Unidade da Federação,Paraná,201409,82.16826,120.08333
7167,PMS - Número-índice (2022=100),Número-índice,11046,41,N3,Unidade da Federação,Paraná,201410,81.97519,122.31593
7167,PMS - Número-índice (2022=100),Número-índice,11046,41,N3,Unidade da Federação,Paraná,201411,84.39496,125.41883
7167,PMS - Número-índice (2022=100),Número-índice,11046,41,N3,Unidade da Federação,Paraná,201412,90.58129,125.85626
7167,PMS - Número-índice (2022=100),Número-índice,11046,41,N3,Unidade da Federação,Paraná,201501,81.84574,117.00174
7167,PMS - Número-índice (2022=100),Número-índice,11046,41,N3,Unidade da Federação,Paraná,201502,74.84528,110.89652
7167,PMS - Número-índice (2022=100),Número-índice,11046,41,N3,Unidade da Federação,Paraná,201503,78.27516,120.68637
7167,PMS - Número-índice (2022=100),Número-índice,11046,41,N3,Unidade da Federação,Paraná,201504,80.47169,117.77309
7167,PMS - Número-índice (2022=100),Número-índice,11046,41,N3,Unidade da Federação,Paraná,201505,77.98998,119.24022
7167,PMS - Número-índice (2022=100),Número-índice,11046,41,N3,Unidade da Federação,Paraná,201506,75.26784,108.70743
7167,PMS - Número-índice (2022=100),Número-índice,11046,41,N3,Unidade da Federação,Paraná,201507,84.31606,121.47177
7167,PMS - Número-índice (2022=100),Número-índice,11046,41,N3,Unidade da Federação,Paraná,201508,82.00151,126.58152
7167,PMS - Número-índice (2022=100),Número-índice,11046,41,N3,Unidade da Federação,Paraná,201509,80.12074,115.94576
7167,PMS - Número-índice (2022=100),Número-índice,11046,41,N3,Unidade da Federação,Paraná,201510,81.82670,119.87923
7167,PMS - Número-índice (2022=100),Número-índice,11046,41,N3,Unidade da Federação,Paraná,201511,80.26029,117.67059
7167,PMS - Número-índice (2022=100),Número-índice,11046,41,N3,Unidade da Federação,Paraná,201512,92.26930,123.53916
7167,PMS - Número-índice (2022=100),Número-índice,11046,41,N3,Unidade da Federação,Paraná,201601,83.70330,113.33939
7167,PMS - Número-índice (2022=100),Número-índice,11046,41,N3,Unidade da Federação,Paraná,201602,75.37174,103.22659
7167,PMS - Número-índice (2022=100),Número-índice,11046,41,N3,Unidade da Federação,Paraná,201603,77.67047,108.18685
7167,PMS - Número-índice (2022=100),Número-índice,11046,41,N3,Unidade da Federação,Paraná,201604,74.93779,102.91432
7167,PMS - Número-índice (2022=100),Número-índice,11046,41,N3,Unidade da Federação,Paraná,201605,75.61058,107.82732
7167,PMS - Número-índice (2022=100),Número-índice,11046,41,N3,Unidade da Federação,Paraná,201606,71.77930,106.09333
7167,PMS - Número-índice (2022=100),Número-índice,11046,41,N3,Unidade da Federação,Paraná,201607,84.16831,118.73319
7167,PMS - Número-índice (2022=100),Número-índice,11046,41,N3,Unidade da Federação,Paraná,201608,77.40805,112.36104
7167,PMS - Número-índice (2022=100),Número-índice,11046,41,N3,Unidade da Federação,Paraná,201609,76.70895,107.61120
7167,PMS - Número-índice (2022=100),Número-índice,11046,41,N3,Unidade da Federação,Paraná,201610,82.23979,116.41645
7167,PMS - Número-índice (2022=100),Número-índice,11046,41,N3,Unidade da Federação,Paraná,201611,84.57856,119.76453
7167,PMS - Número-índice (2022=100),Número-índice,11046,41,N3,Unidade da Federação,Paraná,201612,94.16763,121.08545
7167,PMS - Número-índice (2022=100),Número-índice,11046,41,N3,Unidade da Federação,Paraná,201701,86.10360,108.35830
7167,PMS - Número-índice (2022=100),Número-índice,11046,41,N3,Unidade da Federação,Paraná,201702,77.22727,98.07344
7167,PMS - Número-índice (2022=100),Número-índice,11046,41,N3,Unidade da Federação,Paraná,201703,86.48185,110.42679
7167,PMS - Número-índice (2022=100),Número-índice,11046,41,N3,Unidade da Federação,Paraná,201704,84.77456,105.29974
7167,PMS - Número-índice (2022=100),Número-índice,11046,41,N3,Unidade da Federação,Paraná,201705,88.38827,110.87758
7167,PMS - Número-índice (2022=100),Número-índice,11046,41,N3,Unidade da Federação,Paraná,201706,88.37038,110.07603
7167,PMS - Número-índice (2022=100),Número-índice,11046,41,N3,Unidade da Federação,Paraná,201707,101.15728,124.98555
7167,PMS - Número-índice (2022=100),Número-índice,11046,41,N3,Unidade da Federação,Paraná,201708,94.16062,120.17078
7167,PMS - Número-índice (2022=100),Número-índice,11046,41,N3,Unidade da Federação,Paraná,201709,95.74753,118.58463
7167,PMS - Número-índice (2022=100),Número-índice,11046,41,N3,Unidade da Federação,Paraná,201710,95.72640,117.14945
7167,PMS - Número-índice (2022=100),Número-índice,11046,41,N3,Unidade da Federação,Paraná,201711,97.53819,123.24584
7167,PMS - Número-índice (2022=100),Número-índice,11046,41,N3,Unidade da Federação,Paraná,201712,106.10200,129.32972
7167,PMS - Número-índice (2022=100),Número-índice,11046,41,N3,Unidade da Federação,Paraná,201801,89.17892,111.00268
7167,PMS - Número-índice (2022=100),Número-índice,11046,41,N3,Unidade da Federação,Paraná,201802,76.88554,95.30942
7167,PMS - Número-índice (2022=100),Número-índice,11046,41,N3,Unidade da Federação,Paraná,201803,85.63364,106.72809
7167,PMS - Número-índice (2022=100),Número-índice,11046,41,N3,Unidade da Federação,Paraná,201804,85.48404,105.62480
7167,PMS - Número-índice (2022=100),Número-índice,11046,41,N3,Unidade da Federação,Paraná,201805,84.84568,106.73993
7167,PMS - Número-índice (2022=100),Número-índice,11046,41,N3,Unidade da Federação,Paraná,201806,78.88310,98.66033
7167,PMS - Número-índice (2022=100),Número-índice,11046,41,N3,Unidade da Federação,Paraná,201807,95.31660,112.92280
7167,PMS - Número-índice (2022=100),Número-índice,11046,41,N3,Unidade da Federação,Paraná,201808,89.84155,112.13537
7167,PMS - Número-índice (2022=100),Número-índice,11046,41,N3,Unidade da Federação,Paraná,201809,89.77042,106.37839
7167,PMS - Número-índice (2022=100),Número-índice,11046,41,N3,Unidade da Federação,Paraná,201810,93.08349,109.65154
7167,PMS - Número-índice (2022=100),Número-índice,11046,41,N3,Unidade da Federação,Paraná,201811,95.96617,113.29584
7167,PMS - Número-índice (2022=100),Número-índice,11046,41,N3,Unidade da Federação,Paraná,201812,103.49668,116.46855
7167,PMS - Número-índice (2022=100),Número-índice,11046,41,N3,Unidade da Federação,Paraná,201901,93.10116,108.86694
7167,PMS - Número-índice (2022=100),Número-índice,11046,41,N3,Unidade da Federação,Paraná,201902,81.34427,97.10103
7167,PMS - Número-índice (2022=100),Número-índice,11046,41,N3,Unidade da Federação,Paraná,201903,87.49419,102.86313
7167,PMS - Número-índice (2022=100),Número-índice,11046,41,N3,Unidade da Federação,Paraná,201904,89.18953,103.17267
7167,PMS - Número-índice (2022=100),Número-índice,11046,41,N3,Unidade da Federação,Paraná,201905,87.74741,105.37621
7167,PMS - Número-índice (2022=100),Número-índice,11046,41,N3,Unidade da Federação,Paraná,201906,85.24938,98.00210
7167,PMS - Número-índice (2022=100),Número-índice,11046,41,N3,Unidade da Federação,Paraná,201907,96.90847,107.40902
7167,PMS - Número-índice (2022=100),Número-índice,11046,41,N3,Unidade da Federação,Paraná,201908,88.70558,100.41177
7167,PMS - Número-índice (2022=100),Número-índice,11046,41,N3,Unidade da Federação,Paraná,201909,86.65152,98.24883
7167,PMS - Número-índice (2022=100),Número-índice,11046,41,N3,Unidade da Federação,Paraná,201910,95.55849,108.45265
7167,PMS - Número-índice (2022=100),Número-índice,11046,41,N3,Unidade da Federação,Paraná,201911,96.45387,109.10064
7167,PMS - Número-índice (2022=100),Número-índice,11046,41,N3,Unidade da Federação,Paraná,201912,106.89196,116.36173
7167,PMS - Número-índice (2022=100),Número-índice,11046,41,N3,Unidade da Federação,Paraná,202001,100.66932,114.85865
7167,PMS - Número-índice (2022=100),Número-índice,11046,41,N3,Unidade da Federação,Paraná,202002,86.66092,100.02879
7167,PMS - Número-índice (2022=100),Número-índice,11046,41,N3,Unidade da Federação,Paraná,202003,63.80870,74.60740
7167,PMS - Número-índice (2022=100),Número-índice,11046,41,N3,Unidade da Federação,Paraná,202004,28.09200,31.81416
7167,PMS - Número-índice (2022=100),Número-índice,11046,41,N3,Unidade da Federação,Paraná,202005,35.14277,39.83508
7167,PMS - Número-índice (2022=100),Número-índice,11046,41,N3,Unidade da Federação,Paraná,202006,36.92770,43.67636
7167,PMS - Número-índice (2022=100),Número-índice,11046,41,N3,Unidade da Federação,Paraná,202007,39.93082,48.63178
7167,PMS - Número-índice (2022=100),Número-índice,11046,41,N3,Unidade da Federação,Paraná,202008,50.11225,61.04094
7167,PMS - Número-índice (2022=100),Número-índice,11046,41,N3,Unidade da Federação,Paraná,202009,54.41825,66.35308
7167,PMS - Número-índice (2022=100),Número-índice,11046,41,N3,Unidade da Federação,Paraná,202010,66.35532,77.54491
7167,PMS - Número-índice (2022=100),Número-índice,11046,41,N3,Unidade da Federação,Paraná,202011,68.51856,79.62678
7167,PMS - Número-índice (2022=100),Número-índice,11046,41,N3,Unidade da Federação,Paraná,202012,78.53996,87.90510
7167,PMS - Número-índice (2022=100),Número-índice,11046,41,N3,Unidade da Federação,Paraná,202101,68.74173,81.90300
7167,PMS - Número-índice (2022=100),Número-índice,11046,41,N3,Unidade da Federação,Paraná,202102,59.94707,69.67803
7167,PMS - Número-índice (2022=100),Número-índice,11046,41,N3,Unidade da Federação,Paraná,202103,47.81401,54.82981
7167,PMS - Número-índice (2022=100),Número-índice,11046,41,N3,Unidade da Federação,Paraná,202104,54.45684,60.00689
7167,PMS - Número-índice (2022=100),Número-índice,11046,41,N3,Unidade da Federação,Paraná,202105,59.44075,69.59747
7167,PMS - Número-índice (2022=100),Número-índice,11046,41,N3,Unidade da Federação,Paraná,202106,60.54879,72.98642
7167,PMS - Número-índice (2022=100),Número-índice,11046,41,N3,Unidade da Federação,Paraná,202107,70.03946,79.33950
7167,PMS - Número-índice (2022=100),Número-índice,11046,41,N3,Unidade da Federação,Paraná,202108,70.16238,79.82683
7167,PMS - Número-índice (2022=100),Número-índice,11046,41,N3,Unidade da Federação,Paraná,202109,73.66609,81.87171
7167,PMS - Número-índice (2022=100),Número-índice,11046,41,N3,Unidade da Federação,Paraná,202110,81.00149,86.89390
7167,PMS - Número-índice (2022=100),Número-índice,11046,41,N3,Unidade da Federação,Paraná,202111,88.40273,94.82391
7167,PMS - Número-índice (2022=100),Número-índice,11046,41,N3,Unidade da Federação,Paraná,202112,103.82405,107.50872
7167,PMS - Número-índice (2022=100),Número-índice,11046,41,N3,Unidade da Federação,Paraná,202201,86.06427,95.59989
7167,PMS - Número-índice (2022=100),Número-índice,11046,41,N3,Unidade da Federação,Paraná,202202,74.03557,80.09307
7167,PMS - Número-índice (2022=100),Número-índice,11046,41,N3,Unidade da Federação,Paraná,202203,88.92255,94.11617
7167,PMS - Número-índice (2022=100),Número-índice,11046,41,N3,Unidade da Federação,Paraná,202204,95.32300,100.73212
7167,PMS - Número-índice (2022=100),Número-índice,11046,41,N3,Unidade da Federação,Paraná,202205,95.73790,97.49906
7167,PMS - Número-índice (2022=100),Número-índice,11046,41,N3,Unidade da Federação,Paraná,202206,96.17122,96.02540
7167,PMS - Número-índice (2022=100),Número-índice,11046,41,N3,Unidade da Federação,Paraná,202207,108.30513,106.24491
7167,PMS - Número-índice (2022=100),Número-índice,11046,41,N3,Unidade da Federação,Paraná,202208,101.64740,100.70052
7167,PMS - Número-índice (2022=100),Número-índice,11046,41,N3,Unidade da Federação,Paraná,202209,102.70962,98.67478
7167,PMS - Número-índice (2022=100),Número-índice,11046,41,N3,Unidade da Federação,Paraná,202210,106.72838,99.90278
7167,PMS - Número-índice (2022=100),Número-índice,11046,41,N3,Unidade da Federação,Paraná,202211,115.52192,109.72729
7167,PMS - Número-índice (2022=100),Número-índice,11046,41,N3,Unidade da Federação,Paraná,202212,128.83305,120.68401
7167,PMS - Número-índice (2022=100),Número-índice,11046,41,N3,Unidade da Federação,Paraná,202301,118.91399,109.92528
7167,PMS - Número-índice (2022=100),Número-índice,11046,41,N3,Unidade da Federação,Paraná,202302,104.63337,99.42299
7167,PMS - Número-índice (2022=100),Número-índice,11046,41,N3,Unidade da Federação,Paraná,202303,117.23707,112.16524
7167,PMS - Número-índice (2022=100),Número-índice,11046,41,N3,Unidade da Federação,Paraná,202304,114.28618,106.17784
7167,PMS - Número-índice (2022=100),Número-índice,11046,41,N3,Unidade da Federação,Paraná,202305,114.94961,110.95241
7167,PMS - Número-índice (2022=100),Número-índice,11046,41,N3,Unidade da Federação,Paraná,202306,114.60494,108.48987
7167,PMS - Número-índice (2022=100),Número-índice,11046,41,N3,Unidade da Federação,Paraná,202307,123.53939,113.05734
7167,PMS - Número-índice (2022=100),Número-índice,11046,41,N3,Unidade da Federação,Paraná,202308,120.08942,115.64781
7167,PMS - Número-índice (2022=100),Número-índice,11046,41,N3,Unidade da Federação,Paraná,202309,121.15118,114.24206
7167,PMS - Número-índice (2022=100),Número-índice,11046,41,N3,Unidade da Federação,Paraná,202310,127.21671,115.87679
7167,PMS - Número-índice (2022=100),Número-índice,11046,41,N3,Unidade da Federação,Paraná,202311,130.29518,112.94598
7167,PMS - Número-índice (2022=100),Número-índice,11046,41,N3,Unidade da Federação,Paraná,202312,141.41924,120.51086
7167,PMS - Número-índice (2022=100),Número-índice,11046,41,N3,Unidade da Federação,Paraná,202401,131.22904,113.57856
7167,PMS - Número-índice (2022=100),Número-índice,11046,41,N3,Unidade da Federação,Paraná,202402,116.28430,101.50721
7167,PMS - Número-índice (2022=100),Número-índice,11046,41,N3,Unidade da Federação,Paraná,202403,128.91556,116.85318
7167,PMS - Número-índice (2022=100),Número-índice,11046,41,N3,Unidade da Federação,Paraná,202404,126.27225,118.43631
7167,PMS - Número-índice (2022=100),Número-índice,11046,41,N3,Unidade da Federação,Paraná,202405,124.84991,114.26286
7167,PMS - Número-índice (2022=100),Número-índice,11046,41,N3,Unidade da Federação,Paraná,202406,123.59270,114.76574
7167,PMS - Número-índice (2022=100),Número-índice,11046,41,N3,Unidade da Federação,Paraná,202407,139.31691,121.65873
7167,PMS - Número-índice (2022=100),Número-índice,11046,41,N3,Unidade da Federação,Paraná,202408,133.85416,121.02777
7167,PMS - Número-índice (2022=100),Número-índice,11046,41,N3,Unidade da Federação,Paraná,202409,136.37651,120.73392
7167,PMS - Número-índice (2022=100),Número-índice,11046,42,N3,Unidade da Federação,Santa Catarina,201101,56.92370,121.89097
7167,PMS - Número-índice (2022=100),Número-índice,11046,42,N3,Unidade da Federação,Santa Catarina,201102,43.53958,95.52028
7167,PMS - Número-índice (2022=100),Número-índice,11046,42,N3,Unidade da Federação,Santa Catarina,201103,45.93571,91.78327
7167,PMS - Número-índice (2022=100),Número-índice,11046,42,N3,Unidade da Federação,Santa Catarina,201104,43.12567,86.31328
7167,PMS - Número-índice (2022=100),Número-índice,11046,42,N3,Unidade da Federação,Santa Catarina,201105,40.97777,84.30978
7167,PMS - Número-índice (2022=100),Número-índice,11046,42,N3,Unidade da Federação,Santa Catarina,201106,39.73874,79.45696
7167,PMS - Número-índice (2022=100),Número-índice,11046,42,N3,Unidade da Federação,Santa Catarina,201107,43.66970,84.48296
7167,PMS - Número-índice (2022=100),Número-índice,11046,42,N3,Unidade da Federação,Santa Catarina,201108,42.84016,84.68331
7167,PMS - Número-índice (2022=100),Número-índice,11046,42,N3,Unidade da Federação,Santa Catarina,201109,45.26875,84.56146
7167,PMS - Número-índice (2022=100),Número-índice,11046,42,N3,Unidade da Federação,Santa Catarina,201110,49.38416,89.35570
7167,PMS - Número-índice (2022=100),Número-índice,11046,42,N3,Unidade da Federação,Santa Catarina,201111,49.40449,89.31765
7167,PMS - Número-índice (2022=100),Número-índice,11046,42,N3,Unidade da Federação,Santa Catarina,201112,58.09969,104.95500
7167,PMS - Número-índice (2022=100),Número-índice,11046,42,N3,Unidade da Federação,Santa Catarina,201201,63.30884,111.67027
7167,PMS - Número-índice (2022=100),Número-índice,11046,42,N3,Unidade da Federação,Santa Catarina,201202,51.86699,92.20469
7167,PMS - Número-índice (2022=100),Número-índice,11046,42,N3,Unidade da Federação,Santa Catarina,201203,49.32267,85.93013
7167,PMS - Número-índice (2022=100),Número-índice,11046,42,N3,Unidade da Federação,Santa Catarina,201204,49.07523,85.15292
7167,PMS - Número-índice (2022=100),Número-índice,11046,42,N3,Unidade da Federação,Santa Catarina,201205,44.55109,77.52841
7167,PMS - Número-índice (2022=100),Número-índice,11046,42,N3,Unidade da Federação,Santa Catarina,201206,44.55056,77.93231
7167,PMS - Número-índice (2022=100),Número-índice,11046,42,N3,Unidade da Federação,Santa Catarina,201207,47.35175,82.26374
7167,PMS - Número-índice (2022=100),Número-índice,11046,42,N3,Unidade da Federação,Santa Catarina,201208,43.63172,75.75243
7167,PMS - Número-índice (2022=100),Número-índice,11046,42,N3,Unidade da Federação,Santa Catarina,201209,46.50158,80.70950
7167,PMS - Número-índice (2022=100),Número-índice,11046,42,N3,Unidade da Federação,Santa Catarina,201210,49.63736,83.89756
7167,PMS - Número-índice (2022=100),Número-índice,11046,42,N3,Unidade da Federação,Santa Catarina,201211,53.49628,87.38255
7167,PMS - Número-índice (2022=100),Número-índice,11046,42,N3,Unidade da Federação,Santa Catarina,201212,59.63917,96.68448
7167,PMS - Número-índice (2022=100),Número-índice,11046,42,N3,Unidade da Federação,Santa Catarina,201301,65.77205,103.36558
7167,PMS - Número-índice (2022=100),Número-índice,11046,42,N3,Unidade da Federação,Santa Catarina,201302,53.46085,84.89428
7167,PMS - Número-índice (2022=100),Número-índice,11046,42,N3,Unidade da Federação,Santa Catarina,201303,53.29855,86.41519
7167,PMS - Número-índice (2022=100),Número-índice,11046,42,N3,Unidade da Federação,Santa Catarina,201304,51.87368,85.23214
7167,PMS - Número-índice (2022=100),Número-índice,11046,42,N3,Unidade da Federação,Santa Catarina,201305,50.89266,84.00913
7167,PMS - Número-índice (2022=100),Número-índice,11046,42,N3,Unidade da Federação,Santa Catarina,201306,47.91378,79.26672
7167,PMS - Número-índice (2022=100),Número-índice,11046,42,N3,Unidade da Federação,Santa Catarina,201307,54.76861,90.00525
7167,PMS - Número-índice (2022=100),Número-índice,11046,42,N3,Unidade da Federação,Santa Catarina,201308,49.73577,80.54369
7167,PMS - Número-índice (2022=100),Número-índice,11046,42,N3,Unidade da Federação,Santa Catarina,201309,50.42457,80.78654
7167,PMS - Número-índice (2022=100),Número-índice,11046,42,N3,Unidade da Federação,Santa Catarina,201310,57.06560,90.57147
7167,PMS - Número-índice (2022=100),Número-índice,11046,42,N3,Unidade da Federação,Santa Catarina,201311,56.34327,89.19037
7167,PMS - Número-índice (2022=100),Número-índice,11046,42,N3,Unidade da Federação,Santa Catarina,201312,64.64229,99.66261
7167,PMS - Número-índice (2022=100),Número-índice,11046,42,N3,Unidade da Federação,Santa Catarina,201401,71.71711,112.01645
7167,PMS - Número-índice (2022=100),Número-índice,11046,42,N3,Unidade da Federação,Santa Catarina,201402,57.02999,93.36299
7167,PMS - Número-índice (2022=100),Número-índice,11046,42,N3,Unidade da Federação,Santa Catarina,201403,61.57999,94.57417
7167,PMS - Número-índice (2022=100),Número-índice,11046,42,N3,Unidade da Federação,Santa Catarina,201404,60.02635,90.54729
7167,PMS - Número-índice (2022=100),Número-índice,11046,42,N3,Unidade da Federação,Santa Catarina,201405,56.99415,88.74699
7167,PMS - Número-índice (2022=100),Número-índice,11046,42,N3,Unidade da Federação,Santa Catarina,201406,48.86640,71.04949
7167,PMS - Número-índice (2022=100),Número-índice,11046,42,N3,Unidade da Federação,Santa Catarina,201407,57.80660,90.42988
7167,PMS - Número-índice (2022=100),Número-índice,11046,42,N3,Unidade da Federação,Santa Catarina,201408,57.92478,88.56467
7167,PMS - Número-índice (2022=100),Número-índice,11046,42,N3,Unidade da Federação,Santa Catarina,201409,58.52487,84.75137
7167,PMS - Número-índice (2022=100),Número-índice,11046,42,N3,Unidade da Federação,Santa Catarina,201410,62.87609,92.90302
7167,PMS - Número-índice (2022=100),Número-índice,11046,42,N3,Unidade da Federação,Santa Catarina,201411,66.07647,97.08825
7167,PMS - Número-índice (2022=100),Número-índice,11046,42,N3,Unidade da Federação,Santa Catarina,201412,75.94728,105.41174
7167,PMS - Número-índice (2022=100),Número-índice,11046,42,N3,Unidade da Federação,Santa Catarina,201501,80.35350,113.53906
7167,PMS - Número-índice (2022=100),Número-índice,11046,42,N3,Unidade da Federação,Santa Catarina,201502,62.52154,91.87571
7167,PMS - Número-índice (2022=100),Número-índice,11046,42,N3,Unidade da Federação,Santa Catarina,201503,61.66982,93.81273
7167,PMS - Número-índice (2022=100),Número-índice,11046,42,N3,Unidade da Federação,Santa Catarina,201504,62.07552,90.07886
7167,PMS - Número-índice (2022=100),Número-índice,11046,42,N3,Unidade da Federação,Santa Catarina,201505,57.00468,85.64633
7167,PMS - Número-índice (2022=100),Número-índice,11046,42,N3,Unidade da Federação,Santa Catarina,201506,53.72839,75.91011
7167,PMS - Número-índice (2022=100),Número-índice,11046,42,N3,Unidade da Federação,Santa Catarina,201507,63.95778,90.36101
7167,PMS - Número-índice (2022=100),Número-índice,11046,42,N3,Unidade da Federação,Santa Catarina,201508,55.74230,83.08821
7167,PMS - Número-índice (2022=100),Número-índice,11046,42,N3,Unidade da Federação,Santa Catarina,201509,61.53279,87.01598
7167,PMS - Número-índice (2022=100),Número-índice,11046,42,N3,Unidade da Federação,Santa Catarina,201510,64.88059,92.57425
7167,PMS - Número-índice (2022=100),Número-índice,11046,42,N3,Unidade da Federação,Santa Catarina,201511,62.25230,89.19065
7167,PMS - Número-índice (2022=100),Número-índice,11046,42,N3,Unidade da Federação,Santa Catarina,201512,71.92747,95.44587
7167,PMS - Número-índice (2022=100),Número-índice,11046,42,N3,Unidade da Federação,Santa Catarina,201601,83.43681,112.00920
7167,PMS - Número-índice (2022=100),Número-índice,11046,42,N3,Unidade da Federação,Santa Catarina,201602,64.23040,87.03005
7167,PMS - Número-índice (2022=100),Número-índice,11046,42,N3,Unidade da Federação,Santa Catarina,201603,60.64807,82.74485
7167,PMS - Número-índice (2022=100),Número-índice,11046,42,N3,Unidade da Federação,Santa Catarina,201604,58.81285,78.54652
7167,PMS - Número-índice (2022=100),Número-índice,11046,42,N3,Unidade da Federação,Santa Catarina,201605,55.51014,76.75710
7167,PMS - Número-índice (2022=100),Número-índice,11046,42,N3,Unidade da Federação,Santa Catarina,201606,50.70477,71.44080
7167,PMS - Número-índice (2022=100),Número-índice,11046,42,N3,Unidade da Federação,Santa Catarina,201607,62.92736,86.56104
7167,PMS - Número-índice (2022=100),Número-índice,11046,42,N3,Unidade da Federação,Santa Catarina,201608,59.10405,82.30472
7167,PMS - Número-índice (2022=100),Número-índice,11046,42,N3,Unidade da Federação,Santa Catarina,201609,56.60132,77.09433
7167,PMS - Número-índice (2022=100),Número-índice,11046,42,N3,Unidade da Federação,Santa Catarina,201610,62.32613,86.01777
7167,PMS - Número-índice (2022=100),Número-índice,11046,42,N3,Unidade da Federação,Santa Catarina,201611,65.37936,89.52482
7167,PMS - Número-índice (2022=100),Número-índice,11046,42,N3,Unidade da Federação,Santa Catarina,201612,73.66934,94.05997
7167,PMS - Número-índice (2022=100),Número-índice,11046,42,N3,Unidade da Federação,Santa Catarina,201701,92.82809,118.04848
7167,PMS - Número-índice (2022=100),Número-índice,11046,42,N3,Unidade da Federação,Santa Catarina,201702,72.78599,93.60557
7167,PMS - Número-índice (2022=100),Número-índice,11046,42,N3,Unidade da Federação,Santa Catarina,201703,71.83901,91.51259
7167,PMS - Número-índice (2022=100),Número-índice,11046,42,N3,Unidade da Federação,Santa Catarina,201704,69.93299,85.89722
7167,PMS - Número-índice (2022=100),Número-índice,11046,42,N3,Unidade da Federação,Santa Catarina,201705,64.03129,80.59077
7167,PMS - Número-índice (2022=100),Número-índice,11046,42,N3,Unidade da Federação,Santa Catarina,201706,61.25819,75.37732
7167,PMS - Número-índice (2022=100),Número-índice,11046,42,N3,Unidade da Federação,Santa Catarina,201707,74.54350,93.16079
7167,PMS - Número-índice (2022=100),Número-índice,11046,42,N3,Unidade da Federação,Santa Catarina,201708,62.05167,78.59512
7167,PMS - Número-índice (2022=100),Número-índice,11046,42,N3,Unidade da Federação,Santa Catarina,201709,66.61517,82.60754
7167,PMS - Número-índice (2022=100),Número-índice,11046,42,N3,Unidade da Federação,Santa Catarina,201710,70.86610,87.18234
7167,PMS - Número-índice (2022=100),Número-índice,11046,42,N3,Unidade da Federação,Santa Catarina,201711,73.79861,94.33174
7167,PMS - Número-índice (2022=100),Número-índice,11046,42,N3,Unidade da Federação,Santa Catarina,201712,90.67980,113.08248
7167,PMS - Número-índice (2022=100),Número-índice,11046,42,N3,Unidade da Federação,Santa Catarina,201801,95.51262,121.64305
7167,PMS - Número-índice (2022=100),Número-índice,11046,42,N3,Unidade da Federação,Santa Catarina,201802,75.22758,95.08133
7167,PMS - Número-índice (2022=100),Número-índice,11046,42,N3,Unidade da Federação,Santa Catarina,201803,75.91257,96.03716
7167,PMS - Número-índice (2022=100),Número-índice,11046,42,N3,Unidade da Federação,Santa Catarina,201804,75.65081,95.01099
7167,PMS - Número-índice (2022=100),Número-índice,11046,42,N3,Unidade da Federação,Santa Catarina,201805,68.22930,86.88703
7167,PMS - Número-índice (2022=100),Número-índice,11046,42,N3,Unidade da Federação,Santa Catarina,201806,62.40157,77.22562
7167,PMS - Número-índice (2022=100),Número-índice,11046,42,N3,Unidade da Federação,Santa Catarina,201807,77.33951,91.29809
7167,PMS - Número-índice (2022=100),Número-índice,11046,42,N3,Unidade da Federação,Santa Catarina,201808,69.32739,85.18288
7167,PMS - Número-índice (2022=100),Número-índice,11046,42,N3,Unidade da Federação,Santa Catarina,201809,74.65350,87.67164
7167,PMS - Número-índice (2022=100),Número-índice,11046,42,N3,Unidade da Federação,Santa Catarina,201810,76.91471,90.98336
7167,PMS - Número-índice (2022=100),Número-índice,11046,42,N3,Unidade da Federação,Santa Catarina,201811,81.86245,96.88196
7167,PMS - Número-índice (2022=100),Número-índice,11046,42,N3,Unidade da Federação,Santa Catarina,201812,95.64945,112.53648
7167,PMS - Número-índice (2022=100),Número-índice,11046,42,N3,Unidade da Federação,Santa Catarina,201901,97.62963,115.62688
7167,PMS - Número-índice (2022=100),Número-índice,11046,42,N3,Unidade da Federação,Santa Catarina,201902,73.20473,87.98851
7167,PMS - Número-índice (2022=100),Número-índice,11046,42,N3,Unidade da Federação,Santa Catarina,201903,83.73075,99.47844
7167,PMS - Número-índice (2022=100),Número-índice,11046,42,N3,Unidade da Federação,Santa Catarina,201904,71.55333,82.80760
7167,PMS - Número-índice (2022=100),Número-índice,11046,42,N3,Unidade da Federação,Santa Catarina,201905,70.49712,83.17184
7167,PMS - Número-índice (2022=100),Número-índice,11046,42,N3,Unidade da Federação,Santa Catarina,201906,71.20515,81.53630
7167,PMS - Número-índice (2022=100),Número-índice,11046,42,N3,Unidade da Federação,Santa Catarina,201907,81.02526,91.27039
7167,PMS - Número-índice (2022=100),Número-índice,11046,42,N3,Unidade da Federação,Santa Catarina,201908,73.49924,82.69927
7167,PMS - Número-índice (2022=100),Número-índice,11046,42,N3,Unidade da Federação,Santa Catarina,201909,73.92015,83.79087
7167,PMS - Número-índice (2022=100),Número-índice,11046,42,N3,Unidade da Federação,Santa Catarina,201910,82.02631,93.19230
7167,PMS - Número-índice (2022=100),Número-índice,11046,42,N3,Unidade da Federação,Santa Catarina,201911,86.16789,97.08093
7167,PMS - Número-índice (2022=100),Número-índice,11046,42,N3,Unidade da Federação,Santa Catarina,201912,98.82765,111.85951
7167,PMS - Número-índice (2022=100),Número-índice,11046,42,N3,Unidade da Federação,Santa Catarina,202001,103.66741,120.12306
7167,PMS - Número-índice (2022=100),Número-índice,11046,42,N3,Unidade da Federação,Santa Catarina,202002,85.22857,99.65765
7167,PMS - Número-índice (2022=100),Número-índice,11046,42,N3,Unidade da Federação,Santa Catarina,202003,56.01643,65.60804
7167,PMS - Número-índice (2022=100),Número-índice,11046,42,N3,Unidade da Federação,Santa Catarina,202004,28.56948,30.27071
7167,PMS - Número-índice (2022=100),Número-índice,11046,42,N3,Unidade da Federação,Santa Catarina,202005,32.37998,37.08678
7167,PMS - Número-índice (2022=100),Número-índice,11046,42,N3,Unidade da Federação,Santa Catarina,202006,35.98552,42.62450
7167,PMS - Número-índice (2022=100),Número-índice,11046,42,N3,Unidade da Federação,Santa Catarina,202007,38.20947,46.12825
7167,PMS - Número-índice (2022=100),Número-índice,11046,42,N3,Unidade da Federação,Santa Catarina,202008,41.04710,49.27762
7167,PMS - Número-índice (2022=100),Número-índice,11046,42,N3,Unidade da Federação,Santa Catarina,202009,49.88405,60.15019
7167,PMS - Número-índice (2022=100),Número-índice,11046,42,N3,Unidade da Federação,Santa Catarina,202010,61.17232,72.77866
7167,PMS - Número-índice (2022=100),Número-índice,11046,42,N3,Unidade da Federação,Santa Catarina,202011,59.98238,70.19890
7167,PMS - Número-índice (2022=100),Número-índice,11046,42,N3,Unidade da Federação,Santa Catarina,202012,67.74739,78.51381
7167,PMS - Número-índice (2022=100),Número-índice,11046,42,N3,Unidade da Federação,Santa Catarina,202101,74.70256,89.60604
7167,PMS - Número-índice (2022=100),Número-índice,11046,42,N3,Unidade da Federação,Santa Catarina,202102,63.49847,76.46389
7167,PMS - Número-índice (2022=100),Número-índice,11046,42,N3,Unidade da Federação,Santa Catarina,202103,47.20729,54.82768
7167,PMS - Número-índice (2022=100),Número-índice,11046,42,N3,Unidade da Federação,Santa Catarina,202104,47.30088,54.76634
7167,PMS - Número-índice (2022=100),Número-índice,11046,42,N3,Unidade da Federação,Santa Catarina,202105,53.31996,62.34637
7167,PMS - Número-índice (2022=100),Número-índice,11046,42,N3,Unidade da Federação,Santa Catarina,202106,56.96815,67.37029
7167,PMS - Número-índice (2022=100),Número-índice,11046,42,N3,Unidade da Federação,Santa Catarina,202107,71.62211,81.69969
7167,PMS - Número-índice (2022=100),Número-índice,11046,42,N3,Unidade da Federação,Santa Catarina,202108,63.70138,74.79385
7167,PMS - Número-índice (2022=100),Número-índice,11046,42,N3,Unidade da Federação,Santa Catarina,202109,70.44557,79.80023
7167,PMS - Número-índice (2022=100),Número-índice,11046,42,N3,Unidade da Federação,Santa Catarina,202110,77.16781,84.75995
7167,PMS - Número-índice (2022=100),Número-índice,11046,42,N3,Unidade da Federação,Santa Catarina,202111,79.98414,87.24198
7167,PMS - Número-índice (2022=100),Número-índice,11046,42,N3,Unidade da Federação,Santa Catarina,202112,99.75567,105.04181
7167,PMS - Número-índice (2022=100),Número-índice,11046,42,N3,Unidade da Federação,Santa Catarina,202201,104.63596,113.43077
7167,PMS - Número-índice (2022=100),Número-índice,11046,42,N3,Unidade da Federação,Santa Catarina,202202,78.22530,85.71635
7167,PMS - Número-índice (2022=100),Número-índice,11046,42,N3,Unidade da Federação,Santa Catarina,202203,93.07057,99.60684
7167,PMS - Número-índice (2022=100),Número-índice,11046,42,N3,Unidade da Federação,Santa Catarina,202204,93.87454,98.74528
7167,PMS - Número-índice (2022=100),Número-índice,11046,42,N3,Unidade da Federação,Santa Catarina,202205,90.20373,91.83227
7167,PMS - Número-índice (2022=100),Número-índice,11046,42,N3,Unidade da Federação,Santa Catarina,202206,90.85362,90.65704
7167,PMS - Número-índice (2022=100),Número-índice,11046,42,N3,Unidade da Federação,Santa Catarina,202207,113.27438,110.74593
7167,PMS - Número-índice (2022=100),Número-índice,11046,42,N3,Unidade da Federação,Santa Catarina,202208,94.53185,92.52571
7167,PMS - Número-índice (2022=100),Número-índice,11046,42,N3,Unidade da Federação,Santa Catarina,202209,99.82393,95.37914
7167,PMS - Número-índice (2022=100),Número-índice,11046,42,N3,Unidade da Federação,Santa Catarina,202210,108.49407,101.43587
7167,PMS - Número-índice (2022=100),Número-índice,11046,42,N3,Unidade da Federação,Santa Catarina,202211,104.37128,98.45684
7167,PMS - Número-índice (2022=100),Número-índice,11046,42,N3,Unidade da Federação,Santa Catarina,202212,128.64078,121.46796
7167,PMS - Número-índice (2022=100),Número-índice,11046,42,N3,Unidade da Federação,Santa Catarina,202301,144.54344,133.30530
7167,PMS - Número-índice (2022=100),Número-índice,11046,42,N3,Unidade da Federação,Santa Catarina,202302,112.98581,106.13242
7167,PMS - Número-índice (2022=100),Número-índice,11046,42,N3,Unidade da Federação,Santa Catarina,202303,111.23193,105.73013
7167,PMS - Número-índice (2022=100),Número-índice,11046,42,N3,Unidade da Federação,Santa Catarina,202304,105.13513,98.00636
7167,PMS - Número-índice (2022=100),Número-índice,11046,42,N3,Unidade da Federação,Santa Catarina,202305,104.49559,99.67919
7167,PMS - Número-índice (2022=100),Número-índice,11046,42,N3,Unidade da Federação,Santa Catarina,202306,99.24803,93.48276
7167,PMS - Número-índice (2022=100),Número-índice,11046,42,N3,Unidade da Federação,Santa Catarina,202307,119.69860,109.53125
7167,PMS - Número-índice (2022=100),Número-índice,11046,42,N3,Unidade da Federação,Santa Catarina,202308,102.55192,97.54493
7167,PMS - Número-índice (2022=100),Número-índice,11046,42,N3,Unidade da Federação,Santa Catarina,202309,113.88546,106.25365
7167,PMS - Número-índice (2022=100),Número-índice,11046,42,N3,Unidade da Federação,Santa Catarina,202310,113.53430,102.99635
7167,PMS - Número-índice (2022=100),Número-índice,11046,42,N3,Unidade da Federação,Santa Catarina,202311,120.38246,105.13868
7167,PMS - Número-índice (2022=100),Número-índice,11046,42,N3,Unidade da Federação,Santa Catarina,202312,148.94485,129.11980
7167,PMS - Número-índice (2022=100),Número-índice,11046,42,N3,Unidade da Federação,Santa Catarina,202401,157.75681,136.94750
7167,PMS - Número-índice (2022=100),Número-índice,11046,42,N3,Unidade da Federação,Santa Catarina,202402,118.88638,104.53939
7167,PMS - Número-índice (2022=100),Número-índice,11046,42,N3,Unidade da Federação,Santa Catarina,202403,126.20970,113.99005
7167,PMS - Número-índice (2022=100),Número-índice,11046,42,N3,Unidade da Federação,Santa Catarina,202404,115.38966,106.97543
7167,PMS - Número-índice (2022=100),Número-índice,11046,42,N3,Unidade da Federação,Santa Catarina,202405,116.51747,106.57053
7167,PMS - Número-índice (2022=100),Número-índice,11046,42,N3,Unidade da Federação,Santa Catarina,202406,114.28544,106.10703
7167,PMS - Número-índice (2022=100),Número-índice,11046,42,N3,Unidade da Federação,Santa Catarina,202407,139.25574,122.92268
7167,PMS - Número-índice (2022=100),Número-índice,11046,42,N3,Unidade da Federação,Santa Catarina,202408,125.25921,113.79661
7167,PMS - Número-índice (2022=100),Número-índice,11046,42,N3,Unidade da Federação,Santa Catarina,202409,125.97588,112.05385
7167,PMS - Número-índice (2022=100),Número-índice,11046,43,N3,Unidade da Federação,Rio Grande do Sul,201101,57.31066,103.68945
7167,PMS - Número-índice (2022=100),Número-índice,11046,43,N3,Unidade da Federação,Rio Grande do Sul,201102,51.86590,95.91254
7167,PMS - Número-índice (2022=100),Número-índice,11046,43,N3,Unidade da Federação,Rio Grande do Sul,201103,55.79530,98.19892
7167,PMS - Número-índice (2022=100),Número-índice,11046,43,N3,Unidade da Federação,Rio Grande do Sul,201104,57.15967,100.29932
7167,PMS - Número-índice (2022=100),Número-índice,11046,43,N3,Unidade da Federação,Rio Grande do Sul,201105,57.78019,104.03764
7167,PMS - Número-índice (2022=100),Número-índice,11046,43,N3,Unidade da Federação,Rio Grande do Sul,201106,56.78816,98.83700
7167,PMS - Número-índice (2022=100),Número-índice,11046,43,N3,Unidade da Federação,Rio Grande do Sul,201107,64.81889,111.26825
7167,PMS - Número-índice (2022=100),Número-índice,11046,43,N3,Unidade da Federação,Rio Grande do Sul,201108,61.78288,107.81429
7167,PMS - Número-índice (2022=100),Número-índice,11046,43,N3,Unidade da Federação,Rio Grande do Sul,201109,62.67344,103.99413
7167,PMS - Número-índice (2022=100),Número-índice,11046,43,N3,Unidade da Federação,Rio Grande do Sul,201110,63.91852,102.83666
7167,PMS - Número-índice (2022=100),Número-índice,11046,43,N3,Unidade da Federação,Rio Grande do Sul,201111,69.10358,109.80841
7167,PMS - Número-índice (2022=100),Número-índice,11046,43,N3,Unidade da Federação,Rio Grande do Sul,201112,70.69863,111.85610
7167,PMS - Número-índice (2022=100),Número-índice,11046,43,N3,Unidade da Federação,Rio Grande do Sul,201201,66.97218,104.33896
7167,PMS - Número-índice (2022=100),Número-índice,11046,43,N3,Unidade da Federação,Rio Grande do Sul,201202,59.16590,91.96520
7167,PMS - Número-índice (2022=100),Número-índice,11046,43,N3,Unidade da Federação,Rio Grande do Sul,201203,66.96619,105.23851
7167,PMS - Número-índice (2022=100),Número-índice,11046,43,N3,Unidade da Federação,Rio Grande do Sul,201204,63.22447,98.59366
7167,PMS - Número-índice (2022=100),Número-índice,11046,43,N3,Unidade da Federação,Rio Grande do Sul,201205,63.51947,100.66890
7167,PMS - Número-índice (2022=100),Número-índice,11046,43,N3,Unidade da Federação,Rio Grande do Sul,201206,63.31530,99.49773
7167,PMS - Número-índice (2022=100),Número-índice,11046,43,N3,Unidade da Federação,Rio Grande do Sul,201207,71.27975,110.67970
7167,PMS - Número-índice (2022=100),Número-índice,11046,43,N3,Unidade da Federação,Rio Grande do Sul,201208,68.31420,108.52428
7167,PMS - Número-índice (2022=100),Número-índice,11046,43,N3,Unidade da Federação,Rio Grande do Sul,201209,62.98114,98.56965
7167,PMS - Número-índice (2022=100),Número-índice,11046,43,N3,Unidade da Federação,Rio Grande do Sul,201210,68.25869,108.29397
7167,PMS - Número-índice (2022=100),Número-índice,11046,43,N3,Unidade da Federação,Rio Grande do Sul,201211,72.51175,111.56058
7167,PMS - Número-índice (2022=100),Número-índice,11046,43,N3,Unidade da Federação,Rio Grande do Sul,201212,81.48160,122.67901
7167,PMS - Número-índice (2022=100),Número-índice,11046,43,N3,Unidade da Federação,Rio Grande do Sul,201301,72.64047,108.94570
7167,PMS - Número-índice (2022=100),Número-índice,11046,43,N3,Unidade da Federação,Rio Grande do Sul,201302,60.60973,91.68458
7167,PMS - Número-índice (2022=100),Número-índice,11046,43,N3,Unidade da Federação,Rio Grande do Sul,201303,70.38272,112.74039
7167,PMS - Número-índice (2022=100),Número-índice,11046,43,N3,Unidade da Federação,Rio Grande do Sul,201304,68.97723,111.12235
7167,PMS - Número-índice (2022=100),Número-índice,11046,43,N3,Unidade da Federação,Rio Grande do Sul,201305,70.84668,111.78017
7167,PMS - Número-índice (2022=100),Número-índice,11046,43,N3,Unidade da Federação,Rio Grande do Sul,201306,69.36190,110.51644
7167,PMS - Número-índice (2022=100),Número-índice,11046,43,N3,Unidade da Federação,Rio Grande do Sul,201307,80.68193,128.89184
7167,PMS - Número-índice (2022=100),Número-índice,11046,43,N3,Unidade da Federação,Rio Grande do Sul,201308,76.30910,121.30351
7167,PMS - Número-índice (2022=100),Número-índice,11046,43,N3,Unidade da Federação,Rio Grande do Sul,201309,72.99176,108.81594
7167,PMS - Número-índice (2022=100),Número-índice,11046,43,N3,Unidade da Federação,Rio Grande do Sul,201310,78.73440,119.23734
7167,PMS - Número-índice (2022=100),Número-índice,11046,43,N3,Unidade da Federação,Rio Grande do Sul,201311,79.15481,115.83851
7167,PMS - Número-índice (2022=100),Número-índice,11046,43,N3,Unidade da Federação,Rio Grande do Sul,201312,83.13340,119.03026
7167,PMS - Número-índice (2022=100),Número-índice,11046,43,N3,Unidade da Federação,Rio Grande do Sul,201401,78.65230,116.27246
7167,PMS - Número-índice (2022=100),Número-índice,11046,43,N3,Unidade da Federação,Rio Grande do Sul,201402,71.10831,107.92750
7167,PMS - Número-índice (2022=100),Número-índice,11046,43,N3,Unidade da Federação,Rio Grande do Sul,201403,78.31537,113.78155
7167,PMS - Número-índice (2022=100),Número-índice,11046,43,N3,Unidade da Federação,Rio Grande do Sul,201404,84.09010,120.37338
7167,PMS - Número-índice (2022=100),Número-índice,11046,43,N3,Unidade da Federação,Rio Grande do Sul,201405,79.20583,118.13020
7167,PMS - Número-índice (2022=100),Número-índice,11046,43,N3,Unidade da Federação,Rio Grande do Sul,201406,72.04491,100.13475
7167,PMS - Número-índice (2022=100),Número-índice,11046,43,N3,Unidade da Federação,Rio Grande do Sul,201407,81.51740,123.35388
7167,PMS - Número-índice (2022=100),Número-índice,11046,43,N3,Unidade da Federação,Rio Grande do Sul,201408,79.99327,117.31033
7167,PMS - Número-índice (2022=100),Número-índice,11046,43,N3,Unidade da Federação,Rio Grande do Sul,201409,81.30637,113.26676
7167,PMS - Número-índice (2022=100),Número-índice,11046,43,N3,Unidade da Federação,Rio Grande do Sul,201410,80.57182,112.01049
7167,PMS - Número-índice (2022=100),Número-índice,11046,43,N3,Unidade da Federação,Rio Grande do Sul,201411,82.75459,113.52183
7167,PMS - Número-índice (2022=100),Número-índice,11046,43,N3,Unidade da Federação,Rio Grande do Sul,201412,86.42402,113.47081
7167,PMS - Número-índice (2022=100),Número-índice,11046,43,N3,Unidade da Federação,Rio Grande do Sul,201501,83.61838,112.64834
7167,PMS - Número-índice (2022=100),Número-índice,11046,43,N3,Unidade da Federação,Rio Grande do Sul,201502,69.48722,96.40625
7167,PMS - Número-índice (2022=100),Número-índice,11046,43,N3,Unidade da Federação,Rio Grande do Sul,201503,76.61717,106.68526
7167,PMS - Número-índice (2022=100),Número-índice,11046,43,N3,Unidade da Federação,Rio Grande do Sul,201504,73.27586,100.66832
7167,PMS - Número-índice (2022=100),Número-índice,11046,43,N3,Unidade da Federação,Rio Grande do Sul,201505,73.36575,103.15439
7167,PMS - Número-índice (2022=100),Número-índice,11046,43,N3,Unidade da Federação,Rio Grande do Sul,201506,71.26660,96.36812
7167,PMS - Número-índice (2022=100),Número-índice,11046,43,N3,Unidade da Federação,Rio Grande do Sul,201507,82.71115,110.53718
7167,PMS - Número-índice (2022=100),Número-índice,11046,43,N3,Unidade da Federação,Rio Grande do Sul,201508,73.86777,105.97491
7167,PMS - Número-índice (2022=100),Número-índice,11046,43,N3,Unidade da Federação,Rio Grande do Sul,201509,73.94292,99.27373
7167,PMS - Número-índice (2022=100),Número-índice,11046,43,N3,Unidade da Federação,Rio Grande do Sul,201510,75.68725,98.17657
7167,PMS - Número-índice (2022=100),Número-índice,11046,43,N3,Unidade da Federação,Rio Grande do Sul,201511,82.47091,108.53672
7167,PMS - Número-índice (2022=100),Número-índice,11046,43,N3,Unidade da Federação,Rio Grande do Sul,201512,89.53334,109.89441
7167,PMS - Número-índice (2022=100),Número-índice,11046,43,N3,Unidade da Federação,Rio Grande do Sul,201601,83.01281,104.67145
7167,PMS - Número-índice (2022=100),Número-índice,11046,43,N3,Unidade da Federação,Rio Grande do Sul,201602,73.26153,95.39002
7167,PMS - Número-índice (2022=100),Número-índice,11046,43,N3,Unidade da Federação,Rio Grande do Sul,201603,81.09635,106.33667
7167,PMS - Número-índice (2022=100),Número-índice,11046,43,N3,Unidade da Federação,Rio Grande do Sul,201604,69.03543,90.92012
7167,PMS - Número-índice (2022=100),Número-índice,11046,43,N3,Unidade da Federação,Rio Grande do Sul,201605,71.96360,98.11272
7167,PMS - Número-índice (2022=100),Número-índice,11046,43,N3,Unidade da Federação,Rio Grande do Sul,201606,70.63492,97.74039
7167,PMS - Número-índice (2022=100),Número-índice,11046,43,N3,Unidade da Federação,Rio Grande do Sul,201607,82.23105,107.89356
7167,PMS - Número-índice (2022=100),Número-índice,11046,43,N3,Unidade da Federação,Rio Grande do Sul,201608,77.71304,105.07396
7167,PMS - Número-índice (2022=100),Número-índice,11046,43,N3,Unidade da Federação,Rio Grande do Sul,201609,75.95195,100.92950
7167,PMS - Número-índice (2022=100),Número-índice,11046,43,N3,Unidade da Federação,Rio Grande do Sul,201610,76.61368,99.12173
7167,PMS - Número-índice (2022=100),Número-índice,11046,43,N3,Unidade da Federação,Rio Grande do Sul,201611,83.89709,105.41871
7167,PMS - Número-índice (2022=100),Número-índice,11046,43,N3,Unidade da Federação,Rio Grande do Sul,201612,91.77242,111.42115
7167,PMS - Número-índice (2022=100),Número-índice,11046,43,N3,Unidade da Federação,Rio Grande do Sul,201701,83.71008,99.40235
7167,PMS - Número-índice (2022=100),Número-índice,11046,43,N3,Unidade da Federação,Rio Grande do Sul,201702,71.52722,86.16965
7167,PMS - Número-índice (2022=100),Número-índice,11046,43,N3,Unidade da Federação,Rio Grande do Sul,201703,78.30156,94.67654
7167,PMS - Número-índice (2022=100),Número-índice,11046,43,N3,Unidade da Federação,Rio Grande do Sul,201704,74.16530,86.89856
7167,PMS - Número-índice (2022=100),Número-índice,11046,43,N3,Unidade da Federação,Rio Grande do Sul,201705,73.44022,88.32302
7167,PMS - Número-índice (2022=100),Número-índice,11046,43,N3,Unidade da Federação,Rio Grande do Sul,201706,75.24970,90.19283
7167,PMS - Número-índice (2022=100),Número-índice,11046,43,N3,Unidade da Federação,Rio Grande do Sul,201707,84.02286,100.70933
7167,PMS - Número-índice (2022=100),Número-índice,11046,43,N3,Unidade da Federação,Rio Grande do Sul,201708,76.88754,93.16567
7167,PMS - Número-índice (2022=100),Número-índice,11046,43,N3,Unidade da Federação,Rio Grande do Sul,201709,73.79847,87.96787
7167,PMS - Número-índice (2022=100),Número-índice,11046,43,N3,Unidade da Federação,Rio Grande do Sul,201710,79.94104,93.51824
7167,PMS - Número-índice (2022=100),Número-índice,11046,43,N3,Unidade da Federação,Rio Grande do Sul,201711,81.48357,96.49630
7167,PMS - Número-índice (2022=100),Número-índice,11046,43,N3,Unidade da Federação,Rio Grande do Sul,201712,94.41268,108.20908
7167,PMS - Número-índice (2022=100),Número-índice,11046,43,N3,Unidade da Federação,Rio Grande do Sul,201801,86.02421,98.74868
7167,PMS - Número-índice (2022=100),Número-índice,11046,43,N3,Unidade da Federação,Rio Grande do Sul,201802,70.03007,81.04280
7167,PMS - Número-índice (2022=100),Número-índice,11046,43,N3,Unidade da Federação,Rio Grande do Sul,201803,79.13740,95.00094
7167,PMS - Número-índice (2022=100),Número-índice,11046,43,N3,Unidade da Federação,Rio Grande do Sul,201804,78.01976,91.97129
7167,PMS - Número-índice (2022=100),Número-índice,11046,43,N3,Unidade da Federação,Rio Grande do Sul,201805,75.56136,89.32214
7167,PMS - Número-índice (2022=100),Número-índice,11046,43,N3,Unidade da Federação,Rio Grande do Sul,201806,74.29797,87.68601
7167,PMS - Número-índice (2022=100),Número-índice,11046,43,N3,Unidade da Federação,Rio Grande do Sul,201807,87.23917,97.31685
7167,PMS - Número-índice (2022=100),Número-índice,11046,43,N3,Unidade da Federação,Rio Grande do Sul,201808,82.81790,96.83190
7167,PMS - Número-índice (2022=100),Número-índice,11046,43,N3,Unidade da Federação,Rio Grande do Sul,201809,81.82287,91.99369
7167,PMS - Número-índice (2022=100),Número-índice,11046,43,N3,Unidade da Federação,Rio Grande do Sul,201810,81.79577,90.61237
7167,PMS - Número-índice (2022=100),Número-índice,11046,43,N3,Unidade da Federação,Rio Grande do Sul,201811,86.11371,94.83168
7167,PMS - Número-índice (2022=100),Número-índice,11046,43,N3,Unidade da Federação,Rio Grande do Sul,201812,97.65053,102.39227
7167,PMS - Número-índice (2022=100),Número-índice,11046,43,N3,Unidade da Federação,Rio Grande do Sul,201901,90.25301,94.31400
7167,PMS - Número-índice (2022=100),Número-índice,11046,43,N3,Unidade da Federação,Rio Grande do Sul,201902,76.30224,82.21011
7167,PMS - Número-índice (2022=100),Número-índice,11046,43,N3,Unidade da Federação,Rio Grande do Sul,201903,81.54570,88.77936
7167,PMS - Número-índice (2022=100),Número-índice,11046,43,N3,Unidade da Federação,Rio Grande do Sul,201904,83.33183,91.14909
7167,PMS - Número-índice (2022=100),Número-índice,11046,43,N3,Unidade da Federação,Rio Grande do Sul,201905,81.58923,93.02153
7167,PMS - Número-índice (2022=100),Número-índice,11046,43,N3,Unidade da Federação,Rio Grande do Sul,201906,82.07114,90.02159
7167,PMS - Número-índice (2022=100),Número-índice,11046,43,N3,Unidade da Federação,Rio Grande do Sul,201907,91.65742,96.80071
7167,PMS - Número-índice (2022=100),Número-índice,11046,43,N3,Unidade da Federação,Rio Grande do Sul,201908,85.93879,93.79521
7167,PMS - Número-índice (2022=100),Número-índice,11046,43,N3,Unidade da Federação,Rio Grande do Sul,201909,82.41390,90.57756
7167,PMS - Número-índice (2022=100),Número-índice,11046,43,N3,Unidade da Federação,Rio Grande do Sul,201910,86.28956,95.18780
7167,PMS - Número-índice (2022=100),Número-índice,11046,43,N3,Unidade da Federação,Rio Grande do Sul,201911,92.20965,100.32766
7167,PMS - Número-índice (2022=100),Número-índice,11046,43,N3,Unidade da Federação,Rio Grande do Sul,201912,103.40567,104.23630
7167,PMS - Número-índice (2022=100),Número-índice,11046,43,N3,Unidade da Federação,Rio Grande do Sul,202001,90.40001,95.63147
7167,PMS - Número-índice (2022=100),Número-índice,11046,43,N3,Unidade da Federação,Rio Grande do Sul,202002,77.89566,81.66731
7167,PMS - Número-índice (2022=100),Número-índice,11046,43,N3,Unidade da Federação,Rio Grande do Sul,202003,56.39819,63.62417
7167,PMS - Número-índice (2022=100),Número-índice,11046,43,N3,Unidade da Federação,Rio Grande do Sul,202004,19.48499,21.41111
7167,PMS - Número-índice (2022=100),Número-índice,11046,43,N3,Unidade da Federação,Rio Grande do Sul,202005,23.93863,26.51550
7167,PMS - Número-índice (2022=100),Número-índice,11046,43,N3,Unidade da Federação,Rio Grande do Sul,202006,27.53182,31.66776
7167,PMS - Número-índice (2022=100),Número-índice,11046,43,N3,Unidade da Federação,Rio Grande do Sul,202007,29.10998,35.20850
7167,PMS - Número-índice (2022=100),Número-índice,11046,43,N3,Unidade da Federação,Rio Grande do Sul,202008,34.58088,42.11379
7167,PMS - Número-índice (2022=100),Número-índice,11046,43,N3,Unidade da Federação,Rio Grande do Sul,202009,40.19550,48.52161
7167,PMS - Número-índice (2022=100),Número-índice,11046,43,N3,Unidade da Federação,Rio Grande do Sul,202010,50.90599,60.94265
7167,PMS - Número-índice (2022=100),Número-índice,11046,43,N3,Unidade da Federação,Rio Grande do Sul,202011,53.10665,62.46597
7167,PMS - Número-índice (2022=100),Número-índice,11046,43,N3,Unidade da Federação,Rio Grande do Sul,202012,59.17950,65.30537
7167,PMS - Número-índice (2022=100),Número-índice,11046,43,N3,Unidade da Federação,Rio Grande do Sul,202101,57.40845,67.15245
7167,PMS - Número-índice (2022=100),Número-índice,11046,43,N3,Unidade da Federação,Rio Grande do Sul,202102,50.24337,58.61889
7167,PMS - Número-índice (2022=100),Número-índice,11046,43,N3,Unidade da Federação,Rio Grande do Sul,202103,36.79723,42.51704
7167,PMS - Número-índice (2022=100),Número-índice,11046,43,N3,Unidade da Federação,Rio Grande do Sul,202104,42.02040,47.65291
7167,PMS - Número-índice (2022=100),Número-índice,11046,43,N3,Unidade da Federação,Rio Grande do Sul,202105,52.63929,64.55846
7167,PMS - Número-índice (2022=100),Número-índice,11046,43,N3,Unidade da Federação,Rio Grande do Sul,202106,59.66994,75.97432
7167,PMS - Número-índice (2022=100),Número-índice,11046,43,N3,Unidade da Federação,Rio Grande do Sul,202107,74.12224,88.26937
7167,PMS - Número-índice (2022=100),Número-índice,11046,43,N3,Unidade da Federação,Rio Grande do Sul,202108,69.32454,82.30287
7167,PMS - Número-índice (2022=100),Número-índice,11046,43,N3,Unidade da Federação,Rio Grande do Sul,202109,71.37138,79.65927
7167,PMS - Número-índice (2022=100),Número-índice,11046,43,N3,Unidade da Federação,Rio Grande do Sul,202110,78.98850,82.54368
7167,PMS - Número-índice (2022=100),Número-índice,11046,43,N3,Unidade da Federação,Rio Grande do Sul,202111,86.86557,91.16958
7167,PMS - Número-índice (2022=100),Número-índice,11046,43,N3,Unidade da Federação,Rio Grande do Sul,202112,100.81545,103.38104
7167,PMS - Número-índice (2022=100),Número-índice,11046,43,N3,Unidade da Federação,Rio Grande do Sul,202201,88.01518,94.39932
7167,PMS - Número-índice (2022=100),Número-índice,11046,43,N3,Unidade da Federação,Rio Grande do Sul,202202,72.86252,78.24711
7167,PMS - Número-índice (2022=100),Número-índice,11046,43,N3,Unidade da Federação,Rio Grande do Sul,202203,87.94408,98.52226
7167,PMS - Número-índice (2022=100),Número-índice,11046,43,N3,Unidade da Federação,Rio Grande do Sul,202204,91.13685,97.65112
7167,PMS - Número-índice (2022=100),Número-índice,11046,43,N3,Unidade da Federação,Rio Grande do Sul,202205,99.90478,103.10753
7167,PMS - Número-índice (2022=100),Número-índice,11046,43,N3,Unidade da Federação,Rio Grande do Sul,202206,106.09755,108.04402
7167,PMS - Número-índice (2022=100),Número-índice,11046,43,N3,Unidade da Federação,Rio Grande do Sul,202207,118.60250,116.55117
7167,PMS - Número-índice (2022=100),Número-índice,11046,43,N3,Unidade da Federação,Rio Grande do Sul,202208,103.41109,103.34591
7167,PMS - Número-índice (2022=100),Número-índice,11046,43,N3,Unidade da Federação,Rio Grande do Sul,202209,98.53846,95.62615
7167,PMS - Número-índice (2022=100),Número-índice,11046,43,N3,Unidade da Federação,Rio Grande do Sul,202210,101.84235,93.11760
7167,PMS - Número-índice (2022=100),Número-índice,11046,43,N3,Unidade da Federação,Rio Grande do Sul,202211,114.45321,104.83847
7167,PMS - Número-índice (2022=100),Número-índice,11046,43,N3,Unidade da Federação,Rio Grande do Sul,202212,117.19144,106.54935
7167,PMS - Número-índice (2022=100),Número-índice,11046,43,N3,Unidade da Federação,Rio Grande do Sul,202301,119.79784,109.77114
7167,PMS - Número-índice (2022=100),Número-índice,11046,43,N3,Unidade da Federação,Rio Grande do Sul,202302,96.67991,91.08145
7167,PMS - Número-índice (2022=100),Número-índice,11046,43,N3,Unidade da Federação,Rio Grande do Sul,202303,102.36087,98.26138
7167,PMS - Número-índice (2022=100),Número-índice,11046,43,N3,Unidade da Federação,Rio Grande do Sul,202304,107.97822,98.78557
7167,PMS - Número-índice (2022=100),Número-índice,11046,43,N3,Unidade da Federação,Rio Grande do Sul,202305,112.20802,105.71049
7167,PMS - Número-índice (2022=100),Número-índice,11046,43,N3,Unidade da Federação,Rio Grande do Sul,202306,114.34541,104.93023
7167,PMS - Número-índice (2022=100),Número-índice,11046,43,N3,Unidade da Federação,Rio Grande do Sul,202307,130.51039,116.83245
7167,PMS - Número-índice (2022=100),Número-índice,11046,43,N3,Unidade da Federação,Rio Grande do Sul,202308,115.02962,103.21458
7167,PMS - Número-índice (2022=100),Número-índice,11046,43,N3,Unidade da Federação,Rio Grande do Sul,202309,109.45648,95.76614
7167,PMS - Número-índice (2022=100),Número-índice,11046,43,N3,Unidade da Federação,Rio Grande do Sul,202310,118.14924,99.03650
7167,PMS - Número-índice (2022=100),Número-índice,11046,43,N3,Unidade da Federação,Rio Grande do Sul,202311,125.40820,100.44198
7167,PMS - Número-índice (2022=100),Número-índice,11046,43,N3,Unidade da Federação,Rio Grande do Sul,202312,145.84547,117.90900
7167,PMS - Número-índice (2022=100),Número-índice,11046,43,N3,Unidade da Federação,Rio Grande do Sul,202401,126.58693,103.18752
7167,PMS - Número-índice (2022=100),Número-índice,11046,43,N3,Unidade da Federação,Rio Grande do Sul,202402,104.77807,87.86967
7167,PMS - Número-índice (2022=100),Número-índice,11046,43,N3,Unidade da Federação,Rio Grande do Sul,202403,117.77341,99.10203
7167,PMS - Número-índice (2022=100),Número-índice,11046,43,N3,Unidade da Federação,Rio Grande do Sul,202404,102.87468,89.32168
7167,PMS - Número-índice (2022=100),Número-índice,11046,43,N3,Unidade da Federação,Rio Grande do Sul,202405,73.87832,64.31079
7167,PMS - Número-índice (2022=100),Número-índice,11046,43,N3,Unidade da Federação,Rio Grande do Sul,202406,78.61971,68.95992
7167,PMS - Número-índice (2022=100),Número-índice,11046,43,N3,Unidade da Federação,Rio Grande do Sul,202407,103.14654,88.57579
7167,PMS - Número-índice (2022=100),Número-índice,11046,43,N3,Unidade da Federação,Rio Grande do Sul,202408,101.27508,84.97924
7167,PMS - Número-índice (2022=100),Número-índice,11046,43,N3,Unidade da Federação,Rio Grande do Sul,202409,96.96991,80.60873
7167,PMS - Número-índice (2022=100),Número-índice,11046,51,N3,Unidade da Federação,Mato Grosso,201101,31.94288,70.01125
7167,PMS - Número-índice (2022=100),Número-índice,11046,51,N3,Unidade da Federação,Mato Grosso,201102,27.13578,63.74136
7167,PMS - Número-índice (2022=100),Número-índice,11046,51,N3,Unidade da Federação,Mato Grosso,201103,28.33729,57.76024
7167,PMS - Número-índice (2022=100),Número-índice,11046,51,N3,Unidade da Federação,Mato Grosso,201104,29.09700,60.16862
7167,PMS - Número-índice (2022=100),Número-índice,11046,51,N3,Unidade da Federação,Mato Grosso,201105,30.85560,64.82251
7167,PMS - Número-índice (2022=100),Número-índice,11046,51,N3,Unidade da Federação,Mato Grosso,201106,30.38756,61.70375
7167,PMS - Número-índice (2022=100),Número-índice,11046,51,N3,Unidade da Federação,Mato Grosso,201107,38.83720,79.72666
7167,PMS - Número-índice (2022=100),Número-índice,11046,51,N3,Unidade da Federação,Mato Grosso,201108,32.77307,67.97364
7167,PMS - Número-índice (2022=100),Número-índice,11046,51,N3,Unidade da Federação,Mato Grosso,201109,31.67027,60.24276
7167,PMS - Número-índice (2022=100),Número-índice,11046,51,N3,Unidade da Federação,Mato Grosso,201110,32.61952,59.22359
7167,PMS - Número-índice (2022=100),Número-índice,11046,51,N3,Unidade da Federação,Mato Grosso,201111,33.42178,59.86212
7167,PMS - Número-índice (2022=100),Número-índice,11046,51,N3,Unidade da Federação,Mato Grosso,201112,42.04217,72.64462
7167,PMS - Número-índice (2022=100),Número-índice,11046,51,N3,Unidade da Federação,Mato Grosso,201201,38.17189,65.38796
7167,PMS - Número-índice (2022=100),Número-índice,11046,51,N3,Unidade da Federação,Mato Grosso,201202,30.56566,55.13934
7167,PMS - Número-índice (2022=100),Número-índice,11046,51,N3,Unidade da Federação,Mato Grosso,201203,34.10246,61.75550
7167,PMS - Número-índice (2022=100),Número-índice,11046,51,N3,Unidade da Federação,Mato Grosso,201204,33.85989,59.70089
7167,PMS - Número-índice (2022=100),Número-índice,11046,51,N3,Unidade da Federação,Mato Grosso,201205,35.56201,64.82532
7167,PMS - Número-índice (2022=100),Número-índice,11046,51,N3,Unidade da Federação,Mato Grosso,201206,35.64527,64.96660
7167,PMS - Número-índice (2022=100),Número-índice,11046,51,N3,Unidade da Federação,Mato Grosso,201207,44.57659,77.76910
7167,PMS - Número-índice (2022=100),Número-índice,11046,51,N3,Unidade da Federação,Mato Grosso,201208,39.84293,70.18671
7167,PMS - Número-índice (2022=100),Número-índice,11046,51,N3,Unidade da Federação,Mato Grosso,201209,37.26965,65.76561
7167,PMS - Número-índice (2022=100),Número-índice,11046,51,N3,Unidade da Federação,Mato Grosso,201210,37.89204,63.09744
7167,PMS - Número-índice (2022=100),Número-índice,11046,51,N3,Unidade da Federação,Mato Grosso,201211,41.00582,64.86434
7167,PMS - Número-índice (2022=100),Número-índice,11046,51,N3,Unidade da Federação,Mato Grosso,201212,51.11416,79.73777
7167,PMS - Número-índice (2022=100),Número-índice,11046,51,N3,Unidade da Federação,Mato Grosso,201301,42.15132,65.03926
7167,PMS - Número-índice (2022=100),Número-índice,11046,51,N3,Unidade da Federação,Mato Grosso,201302,35.54366,57.91296
7167,PMS - Número-índice (2022=100),Número-índice,11046,51,N3,Unidade da Federação,Mato Grosso,201303,40.48569,66.60649
7167,PMS - Número-índice (2022=100),Número-índice,11046,51,N3,Unidade da Federação,Mato Grosso,201304,40.62743,69.27858
7167,PMS - Número-índice (2022=100),Número-índice,11046,51,N3,Unidade da Federação,Mato Grosso,201305,42.25537,70.59145
7167,PMS - Número-índice (2022=100),Número-índice,11046,51,N3,Unidade da Federação,Mato Grosso,201306,42.11077,72.28703
7167,PMS - Número-índice (2022=100),Número-índice,11046,51,N3,Unidade da Federação,Mato Grosso,201307,52.85990,98.51418
7167,PMS - Número-índice (2022=100),Número-índice,11046,51,N3,Unidade da Federação,Mato Grosso,201308,48.92760,85.04170
7167,PMS - Número-índice (2022=100),Número-índice,11046,51,N3,Unidade da Federação,Mato Grosso,201309,46.44428,72.20358
7167,PMS - Número-índice (2022=100),Número-índice,11046,51,N3,Unidade da Federação,Mato Grosso,201310,48.02438,76.79813
7167,PMS - Número-índice (2022=100),Número-índice,11046,51,N3,Unidade da Federação,Mato Grosso,201311,47.92546,73.29473
7167,PMS - Número-índice (2022=100),Número-índice,11046,51,N3,Unidade da Federação,Mato Grosso,201312,58.02337,84.04778
7167,PMS - Número-índice (2022=100),Número-índice,11046,51,N3,Unidade da Federação,Mato Grosso,201401,48.53964,76.63117
7167,PMS - Número-índice (2022=100),Número-índice,11046,51,N3,Unidade da Federação,Mato Grosso,201402,42.60441,75.05885
7167,PMS - Número-índice (2022=100),Número-índice,11046,51,N3,Unidade da Federação,Mato Grosso,201403,45.70706,72.95070
7167,PMS - Número-índice (2022=100),Número-índice,11046,51,N3,Unidade da Federação,Mato Grosso,201404,49.91676,75.61568
7167,PMS - Número-índice (2022=100),Número-índice,11046,51,N3,Unidade da Federação,Mato Grosso,201405,49.86242,85.26047
7167,PMS - Número-índice (2022=100),Número-índice,11046,51,N3,Unidade da Federação,Mato Grosso,201406,51.22081,76.90732
7167,PMS - Número-índice (2022=100),Número-índice,11046,51,N3,Unidade da Federação,Mato Grosso,201407,52.17199,89.60167
7167,PMS - Número-índice (2022=100),Número-índice,11046,51,N3,Unidade da Federação,Mato Grosso,201408,50.84922,80.51291
7167,PMS - Número-índice (2022=100),Número-índice,11046,51,N3,Unidade da Federação,Mato Grosso,201409,49.91465,72.45098
7167,PMS - Número-índice (2022=100),Número-índice,11046,51,N3,Unidade da Federação,Mato Grosso,201410,49.98468,71.40558
7167,PMS - Número-índice (2022=100),Número-índice,11046,51,N3,Unidade da Federação,Mato Grosso,201411,50.04813,74.35281
7167,PMS - Número-índice (2022=100),Número-índice,11046,51,N3,Unidade da Federação,Mato Grosso,201412,57.24238,80.06942
7167,PMS - Número-índice (2022=100),Número-índice,11046,51,N3,Unidade da Federação,Mato Grosso,201501,48.86310,64.86865
7167,PMS - Número-índice (2022=100),Número-índice,11046,51,N3,Unidade da Federação,Mato Grosso,201502,41.56496,55.12000
7167,PMS - Número-índice (2022=100),Número-índice,11046,51,N3,Unidade da Federação,Mato Grosso,201503,44.87596,76.59005
7167,PMS - Número-índice (2022=100),Número-índice,11046,51,N3,Unidade da Federação,Mato Grosso,201504,46.27571,72.14192
7167,PMS - Número-índice (2022=100),Número-índice,11046,51,N3,Unidade da Federação,Mato Grosso,201505,45.43867,81.45675
7167,PMS - Número-índice (2022=100),Número-índice,11046,51,N3,Unidade da Federação,Mato Grosso,201506,44.84192,70.42049
7167,PMS - Número-índice (2022=100),Número-índice,11046,51,N3,Unidade da Federação,Mato Grosso,201507,54.98872,86.52308
7167,PMS - Número-índice (2022=100),Número-índice,11046,51,N3,Unidade da Federação,Mato Grosso,201508,50.26791,86.76443
7167,PMS - Número-índice (2022=100),Número-índice,11046,51,N3,Unidade da Federação,Mato Grosso,201509,47.09732,76.38736
7167,PMS - Número-índice (2022=100),Número-índice,11046,51,N3,Unidade da Federação,Mato Grosso,201510,48.03988,81.11658
7167,PMS - Número-índice (2022=100),Número-índice,11046,51,N3,Unidade da Federação,Mato Grosso,201511,45.46457,78.21630
7167,PMS - Número-índice (2022=100),Número-índice,11046,51,N3,Unidade da Federação,Mato Grosso,201512,57.50483,78.84081
7167,PMS - Número-índice (2022=100),Número-índice,11046,51,N3,Unidade da Federação,Mato Grosso,201601,47.50613,70.13829
7167,PMS - Número-índice (2022=100),Número-índice,11046,51,N3,Unidade da Federação,Mato Grosso,201602,42.38260,67.94556
7167,PMS - Número-índice (2022=100),Número-índice,11046,51,N3,Unidade da Federação,Mato Grosso,201603,44.23688,72.53762
7167,PMS - Número-índice (2022=100),Número-índice,11046,51,N3,Unidade da Federação,Mato Grosso,201604,44.25784,71.15336
7167,PMS - Número-índice (2022=100),Número-índice,11046,51,N3,Unidade da Federação,Mato Grosso,201605,47.90976,81.91558
7167,PMS - Número-índice (2022=100),Número-índice,11046,51,N3,Unidade da Federação,Mato Grosso,201606,47.69884,79.48177
7167,PMS - Número-índice (2022=100),Número-índice,11046,51,N3,Unidade da Federação,Mato Grosso,201607,57.89171,86.89616
7167,PMS - Número-índice (2022=100),Número-índice,11046,51,N3,Unidade da Federação,Mato Grosso,201608,52.52477,83.95135
7167,PMS - Número-índice (2022=100),Número-índice,11046,51,N3,Unidade da Federação,Mato Grosso,201609,51.34443,79.45323
7167,PMS - Número-índice (2022=100),Número-índice,11046,51,N3,Unidade da Federação,Mato Grosso,201610,52.41952,79.46299
7167,PMS - Número-índice (2022=100),Número-índice,11046,51,N3,Unidade da Federação,Mato Grosso,201611,51.74453,80.65452
7167,PMS - Número-índice (2022=100),Número-índice,11046,51,N3,Unidade da Federação,Mato Grosso,201612,61.57518,87.04422
7167,PMS - Número-índice (2022=100),Número-índice,11046,51,N3,Unidade da Federação,Mato Grosso,201701,56.89806,68.93355
7167,PMS - Número-índice (2022=100),Número-índice,11046,51,N3,Unidade da Federação,Mato Grosso,201702,49.82415,63.41145
7167,PMS - Número-índice (2022=100),Número-índice,11046,51,N3,Unidade da Federação,Mato Grosso,201703,52.68669,69.02375
7167,PMS - Número-índice (2022=100),Número-índice,11046,51,N3,Unidade da Federação,Mato Grosso,201704,53.22814,65.15522
7167,PMS - Número-índice (2022=100),Número-índice,11046,51,N3,Unidade da Federação,Mato Grosso,201705,55.27148,72.78128
7167,PMS - Número-índice (2022=100),Número-índice,11046,51,N3,Unidade da Federação,Mato Grosso,201706,56.13142,71.25110
7167,PMS - Número-índice (2022=100),Número-índice,11046,51,N3,Unidade da Federação,Mato Grosso,201707,63.84371,78.98141
7167,PMS - Número-índice (2022=100),Número-índice,11046,51,N3,Unidade da Federação,Mato Grosso,201708,59.39719,75.68921
7167,PMS - Número-índice (2022=100),Número-índice,11046,51,N3,Unidade da Federação,Mato Grosso,201709,59.43247,70.04716
7167,PMS - Número-índice (2022=100),Número-índice,11046,51,N3,Unidade da Federação,Mato Grosso,201710,60.49769,71.85041
7167,PMS - Número-índice (2022=100),Número-índice,11046,51,N3,Unidade da Federação,Mato Grosso,201711,59.48602,73.91153
7167,PMS - Número-índice (2022=100),Número-índice,11046,51,N3,Unidade da Federação,Mato Grosso,201712,70.62701,78.47297
7167,PMS - Número-índice (2022=100),Número-índice,11046,51,N3,Unidade da Federação,Mato Grosso,201801,60.32227,68.97046
7167,PMS - Número-índice (2022=100),Número-índice,11046,51,N3,Unidade da Federação,Mato Grosso,201802,51.63371,60.24403
7167,PMS - Número-índice (2022=100),Número-índice,11046,51,N3,Unidade da Federação,Mato Grosso,201803,56.95567,68.99272
7167,PMS - Número-índice (2022=100),Número-índice,11046,51,N3,Unidade da Federação,Mato Grosso,201804,57.31977,72.06207
7167,PMS - Número-índice (2022=100),Número-índice,11046,51,N3,Unidade da Federação,Mato Grosso,201805,57.15142,74.13061
7167,PMS - Número-índice (2022=100),Número-índice,11046,51,N3,Unidade da Federação,Mato Grosso,201806,57.80908,72.34124
7167,PMS - Número-índice (2022=100),Número-índice,11046,51,N3,Unidade da Federação,Mato Grosso,201807,70.37642,79.38786
7167,PMS - Número-índice (2022=100),Número-índice,11046,51,N3,Unidade da Federação,Mato Grosso,201808,68.22898,86.63988
7167,PMS - Número-índice (2022=100),Número-índice,11046,51,N3,Unidade da Federação,Mato Grosso,201809,65.70886,76.06245
7167,PMS - Número-índice (2022=100),Número-índice,11046,51,N3,Unidade da Federação,Mato Grosso,201810,66.24519,76.85199
7167,PMS - Número-índice (2022=100),Número-índice,11046,51,N3,Unidade da Federação,Mato Grosso,201811,67.19813,78.81395
7167,PMS - Número-índice (2022=100),Número-índice,11046,51,N3,Unidade da Federação,Mato Grosso,201812,82.35572,87.38379
7167,PMS - Número-índice (2022=100),Número-índice,11046,51,N3,Unidade da Federação,Mato Grosso,201901,72.26083,78.41055
7167,PMS - Número-índice (2022=100),Número-índice,11046,51,N3,Unidade da Federação,Mato Grosso,201902,63.93609,71.22804
7167,PMS - Número-índice (2022=100),Número-índice,11046,51,N3,Unidade da Federação,Mato Grosso,201903,64.39849,71.35931
7167,PMS - Número-índice (2022=100),Número-índice,11046,51,N3,Unidade da Federação,Mato Grosso,201904,66.06072,72.03195
7167,PMS - Número-índice (2022=100),Número-índice,11046,51,N3,Unidade da Federação,Mato Grosso,201905,68.49526,79.41517
7167,PMS - Número-índice (2022=100),Número-índice,11046,51,N3,Unidade da Federação,Mato Grosso,201906,66.67243,75.06187
7167,PMS - Número-índice (2022=100),Número-índice,11046,51,N3,Unidade da Federação,Mato Grosso,201907,79.76065,86.28469
7167,PMS - Número-índice (2022=100),Número-índice,11046,51,N3,Unidade da Federação,Mato Grosso,201908,76.00578,89.31152
7167,PMS - Número-índice (2022=100),Número-índice,11046,51,N3,Unidade da Federação,Mato Grosso,201909,73.41496,87.03975
7167,PMS - Número-índice (2022=100),Número-índice,11046,51,N3,Unidade da Federação,Mato Grosso,201910,72.68561,84.66355
7167,PMS - Número-índice (2022=100),Número-índice,11046,51,N3,Unidade da Federação,Mato Grosso,201911,73.29422,85.22478
7167,PMS - Número-índice (2022=100),Número-índice,11046,51,N3,Unidade da Federação,Mato Grosso,201912,86.19873,92.77971
7167,PMS - Número-índice (2022=100),Número-índice,11046,51,N3,Unidade da Federação,Mato Grosso,202001,76.47655,85.92170
7167,PMS - Número-índice (2022=100),Número-índice,11046,51,N3,Unidade da Federação,Mato Grosso,202002,68.50591,79.31790
7167,PMS - Número-índice (2022=100),Número-índice,11046,51,N3,Unidade da Federação,Mato Grosso,202003,49.31993,59.69608
7167,PMS - Número-índice (2022=100),Número-índice,11046,51,N3,Unidade da Federação,Mato Grosso,202004,23.80751,28.99070
7167,PMS - Número-índice (2022=100),Número-índice,11046,51,N3,Unidade da Federação,Mato Grosso,202005,28.04943,35.68536
7167,PMS - Número-índice (2022=100),Número-índice,11046,51,N3,Unidade da Federação,Mato Grosso,202006,30.89695,42.33579
7167,PMS - Número-índice (2022=100),Número-índice,11046,51,N3,Unidade da Federação,Mato Grosso,202007,35.59844,49.91879
7167,PMS - Número-índice (2022=100),Número-índice,11046,51,N3,Unidade da Federação,Mato Grosso,202008,47.97137,69.44354
7167,PMS - Número-índice (2022=100),Número-índice,11046,51,N3,Unidade da Federação,Mato Grosso,202009,46.78430,65.70781
7167,PMS - Número-índice (2022=100),Número-índice,11046,51,N3,Unidade da Federação,Mato Grosso,202010,59.06586,75.39445
7167,PMS - Número-índice (2022=100),Número-índice,11046,51,N3,Unidade da Federação,Mato Grosso,202011,60.56382,75.16996
7167,PMS - Número-índice (2022=100),Número-índice,11046,51,N3,Unidade da Federação,Mato Grosso,202012,69.25734,77.72689
7167,PMS - Número-índice (2022=100),Número-índice,11046,51,N3,Unidade da Federação,Mato Grosso,202101,60.78838,75.25737
7167,PMS - Número-índice (2022=100),Número-índice,11046,51,N3,Unidade da Federação,Mato Grosso,202102,51.79780,63.72212
7167,PMS - Número-índice (2022=100),Número-índice,11046,51,N3,Unidade da Federação,Mato Grosso,202103,45.83130,57.05680
7167,PMS - Número-índice (2022=100),Número-índice,11046,51,N3,Unidade da Federação,Mato Grosso,202104,42.03900,50.14762
7167,PMS - Número-índice (2022=100),Número-índice,11046,51,N3,Unidade da Federação,Mato Grosso,202105,54.02783,69.84292
7167,PMS - Número-índice (2022=100),Número-índice,11046,51,N3,Unidade da Federação,Mato Grosso,202106,59.52811,80.91655
7167,PMS - Número-índice (2022=100),Número-índice,11046,51,N3,Unidade da Federação,Mato Grosso,202107,72.11380,87.02042
7167,PMS - Número-índice (2022=100),Número-índice,11046,51,N3,Unidade da Federação,Mato Grosso,202108,76.93568,95.10070
7167,PMS - Número-índice (2022=100),Número-índice,11046,51,N3,Unidade da Federação,Mato Grosso,202109,81.01994,92.15277
7167,PMS - Número-índice (2022=100),Número-índice,11046,51,N3,Unidade da Federação,Mato Grosso,202110,86.17925,94.07204
7167,PMS - Número-índice (2022=100),Número-índice,11046,51,N3,Unidade da Federação,Mato Grosso,202111,83.44678,93.76036
7167,PMS - Número-índice (2022=100),Número-índice,11046,51,N3,Unidade da Federação,Mato Grosso,202112,105.59452,106.22158
7167,PMS - Número-índice (2022=100),Número-índice,11046,51,N3,Unidade da Federação,Mato Grosso,202201,91.52618,99.20668
7167,PMS - Número-índice (2022=100),Número-índice,11046,51,N3,Unidade da Federação,Mato Grosso,202202,77.09259,85.06511
7167,PMS - Número-índice (2022=100),Número-índice,11046,51,N3,Unidade da Federação,Mato Grosso,202203,88.46830,99.24301
7167,PMS - Número-índice (2022=100),Número-índice,11046,51,N3,Unidade da Federação,Mato Grosso,202204,91.68652,101.68154
7167,PMS - Número-índice (2022=100),Número-índice,11046,51,N3,Unidade da Federação,Mato Grosso,202205,91.92865,94.52096
7167,PMS - Número-índice (2022=100),Número-índice,11046,51,N3,Unidade da Federação,Mato Grosso,202206,94.40073,93.35843
7167,PMS - Número-índice (2022=100),Número-índice,11046,51,N3,Unidade da Federação,Mato Grosso,202207,115.39724,109.66328
7167,PMS - Número-índice (2022=100),Número-índice,11046,51,N3,Unidade da Federação,Mato Grosso,202208,109.77099,106.12576
7167,PMS - Número-índice (2022=100),Número-índice,11046,51,N3,Unidade da Federação,Mato Grosso,202209,107.27664,104.48286
7167,PMS - Número-índice (2022=100),Número-índice,11046,51,N3,Unidade da Federação,Mato Grosso,202210,107.21869,95.57868
7167,PMS - Número-índice (2022=100),Número-índice,11046,51,N3,Unidade da Federação,Mato Grosso,202211,102.28222,97.50962
7167,PMS - Número-índice (2022=100),Número-índice,11046,51,N3,Unidade da Federação,Mato Grosso,202212,122.95125,113.56406
7167,PMS - Número-índice (2022=100),Número-índice,11046,51,N3,Unidade da Federação,Mato Grosso,202301,104.95007,97.98840
7167,PMS - Número-índice (2022=100),Número-índice,11046,51,N3,Unidade da Federação,Mato Grosso,202302,94.64700,94.30478
7167,PMS - Número-índice (2022=100),Número-índice,11046,51,N3,Unidade da Federação,Mato Grosso,202303,100.79363,104.36253
7167,PMS - Número-índice (2022=100),Número-índice,11046,51,N3,Unidade da Federação,Mato Grosso,202304,98.65063,95.29865
7167,PMS - Número-índice (2022=100),Número-índice,11046,51,N3,Unidade da Federação,Mato Grosso,202305,104.48419,110.29249
7167,PMS - Número-índice (2022=100),Número-índice,11046,51,N3,Unidade da Federação,Mato Grosso,202306,107.46600,103.87025
7167,PMS - Número-índice (2022=100),Número-índice,11046,51,N3,Unidade da Federação,Mato Grosso,202307,114.77276,105.02400
7167,PMS - Número-índice (2022=100),Número-índice,11046,51,N3,Unidade da Federação,Mato Grosso,202308,122.15667,119.13925
7167,PMS - Número-índice (2022=100),Número-índice,11046,51,N3,Unidade da Federação,Mato Grosso,202309,115.79872,105.92052
7167,PMS - Número-índice (2022=100),Número-índice,11046,51,N3,Unidade da Federação,Mato Grosso,202310,111.14650,93.59831
7167,PMS - Número-índice (2022=100),Número-índice,11046,51,N3,Unidade da Federação,Mato Grosso,202311,108.32167,86.30291
7167,PMS - Número-índice (2022=100),Número-índice,11046,51,N3,Unidade da Federação,Mato Grosso,202312,122.84194,92.84331
7167,PMS - Número-índice (2022=100),Número-índice,11046,51,N3,Unidade da Federação,Mato Grosso,202401,106.09153,84.87682
7167,PMS - Número-índice (2022=100),Número-índice,11046,51,N3,Unidade da Federação,Mato Grosso,202402,90.35739,77.31973
7167,PMS - Número-índice (2022=100),Número-índice,11046,51,N3,Unidade da Federação,Mato Grosso,202403,102.81335,84.84851
7167,PMS - Número-índice (2022=100),Número-índice,11046,51,N3,Unidade da Federação,Mato Grosso,202404,102.85636,88.98936
7167,PMS - Número-índice (2022=100),Número-índice,11046,51,N3,Unidade da Federação,Mato Grosso,202405,103.67316,86.45855
7167,PMS - Número-índice (2022=100),Número-índice,11046,51,N3,Unidade da Federação,Mato Grosso,202406,103.38112,87.91685
7167,PMS - Número-índice (2022=100),Número-índice,11046,51,N3,Unidade da Federação,Mato Grosso,202407,121.51348,98.30097
7167,PMS - Número-índice (2022=100),Número-índice,11046,51,N3,Unidade da Federação,Mato Grosso,202408,111.92653,94.48216
7167,PMS - Número-índice (2022=100),Número-índice,11046,51,N3,Unidade da Federação,Mato Grosso,202409,102.78233,84.69020
7167,PMS - Número-índice (2022=100),Número-índice,11046,52,N3,Unidade da Federação,Goiás,201101,49.58217,92.74974
7167,PMS - Número-índice (2022=100),Número-índice,11046,52,N3,Unidade da Federação,Goiás,201102,40.73333,78.73636
7167,PMS - Número-índice (2022=100),Número-índice,11046,52,N3,Unidade da Federação,Goiás,201103,44.71372,80.42568
7167,PMS - Número-índice (2022=100),Número-índice,11046,52,N3,Unidade da Federação,Goiás,201104,48.18938,87.16759
7167,PMS - Número-índice (2022=100),Número-índice,11046,52,N3,Unidade da Federação,Goiás,201105,44.83310,81.24511
7167,PMS - Número-índice (2022=100),Número-índice,11046,52,N3,Unidade da Federação,Goiás,201106,46.84457,83.52385
7167,PMS - Número-índice (2022=100),Número-índice,11046,52,N3,Unidade da Federação,Goiás,201107,59.32863,105.61770
7167,PMS - Número-índice (2022=100),Número-índice,11046,52,N3,Unidade da Federação,Goiás,201108,47.99391,85.38667
7167,PMS - Número-índice (2022=100),Número-índice,11046,52,N3,Unidade da Federação,Goiás,201109,48.58421,82.58760
7167,PMS - Número-índice (2022=100),Número-índice,11046,52,N3,Unidade da Federação,Goiás,201110,50.99337,84.50923
7167,PMS - Número-índice (2022=100),Número-índice,11046,52,N3,Unidade da Federação,Goiás,201111,48.26946,79.14762
7167,PMS - Número-índice (2022=100),Número-índice,11046,52,N3,Unidade da Federação,Goiás,201112,59.00040,95.38349
7167,PMS - Número-índice (2022=100),Número-índice,11046,52,N3,Unidade da Federação,Goiás,201201,54.78622,87.43866
7167,PMS - Número-índice (2022=100),Número-índice,11046,52,N3,Unidade da Federação,Goiás,201202,44.78670,72.62593
7167,PMS - Número-índice (2022=100),Número-índice,11046,52,N3,Unidade da Federação,Goiás,201203,44.77572,72.74598
7167,PMS - Número-índice (2022=100),Número-índice,11046,52,N3,Unidade da Federação,Goiás,201204,51.11736,82.31163
7167,PMS - Número-índice (2022=100),Número-índice,11046,52,N3,Unidade da Federação,Goiás,201205,49.15525,80.30284
7167,PMS - Número-índice (2022=100),Número-índice,11046,52,N3,Unidade da Federação,Goiás,201206,52.78182,85.84008
7167,PMS - Número-índice (2022=100),Número-índice,11046,52,N3,Unidade da Federação,Goiás,201207,66.47545,104.54923
7167,PMS - Número-índice (2022=100),Número-índice,11046,52,N3,Unidade da Federação,Goiás,201208,54.57776,85.71924
7167,PMS - Número-índice (2022=100),Número-índice,11046,52,N3,Unidade da Federação,Goiás,201209,53.56685,84.46054
7167,PMS - Número-índice (2022=100),Número-índice,11046,52,N3,Unidade da Federação,Goiás,201210,56.00489,85.68838
7167,PMS - Número-índice (2022=100),Número-índice,11046,52,N3,Unidade da Federação,Goiás,201211,58.74096,87.63763
7167,PMS - Número-índice (2022=100),Número-índice,11046,52,N3,Unidade da Federação,Goiás,201212,66.75332,98.36671
7167,PMS - Número-índice (2022=100),Número-índice,11046,52,N3,Unidade da Federação,Goiás,201301,59.20361,87.06903
7167,PMS - Número-índice (2022=100),Número-índice,11046,52,N3,Unidade da Federação,Goiás,201302,48.83734,73.03704
7167,PMS - Número-índice (2022=100),Número-índice,11046,52,N3,Unidade da Federação,Goiás,201303,50.92830,76.47314
7167,PMS - Número-índice (2022=100),Número-índice,11046,52,N3,Unidade da Federação,Goiás,201304,50.82072,77.21189
7167,PMS - Número-índice (2022=100),Número-índice,11046,52,N3,Unidade da Federação,Goiás,201305,52.77289,78.94741
7167,PMS - Número-índice (2022=100),Número-índice,11046,52,N3,Unidade da Federação,Goiás,201306,54.31304,81.81939
7167,PMS - Número-índice (2022=100),Número-índice,11046,52,N3,Unidade da Federação,Goiás,201307,75.65396,116.18597
7167,PMS - Número-índice (2022=100),Número-índice,11046,52,N3,Unidade da Federação,Goiás,201308,61.82069,92.56809
7167,PMS - Número-índice (2022=100),Número-índice,11046,52,N3,Unidade da Federação,Goiás,201309,58.11489,82.03595
7167,PMS - Número-índice (2022=100),Número-índice,11046,52,N3,Unidade da Federação,Goiás,201310,62.84202,89.38639
7167,PMS - Número-índice (2022=100),Número-índice,11046,52,N3,Unidade da Federação,Goiás,201311,63.34462,87.93530
7167,PMS - Número-índice (2022=100),Número-índice,11046,52,N3,Unidade da Federação,Goiás,201312,69.37244,94.27552
7167,PMS - Número-índice (2022=100),Número-índice,11046,52,N3,Unidade da Federação,Goiás,201401,65.05921,91.18401
7167,PMS - Número-índice (2022=100),Número-índice,11046,52,N3,Unidade da Federação,Goiás,201402,50.39001,74.45214
7167,PMS - Número-índice (2022=100),Número-índice,11046,52,N3,Unidade da Federação,Goiás,201403,55.51352,77.37978
7167,PMS - Número-índice (2022=100),Número-índice,11046,52,N3,Unidade da Federação,Goiás,201404,57.95943,78.64810
7167,PMS - Número-índice (2022=100),Número-índice,11046,52,N3,Unidade da Federação,Goiás,201405,58.60908,84.04092
7167,PMS - Número-índice (2022=100),Número-índice,11046,52,N3,Unidade da Federação,Goiás,201406,62.85840,85.34828
7167,PMS - Número-índice (2022=100),Número-índice,11046,52,N3,Unidade da Federação,Goiás,201407,66.80659,94.40614
7167,PMS - Número-índice (2022=100),Número-índice,11046,52,N3,Unidade da Federação,Goiás,201408,63.15055,86.35125
7167,PMS - Número-índice (2022=100),Número-índice,11046,52,N3,Unidade da Federação,Goiás,201409,56.91879,74.52482
7167,PMS - Número-índice (2022=100),Número-índice,11046,52,N3,Unidade da Federação,Goiás,201410,61.82143,80.45434
7167,PMS - Número-índice (2022=100),Número-índice,11046,52,N3,Unidade da Federação,Goiás,201411,59.38239,78.21512
7167,PMS - Número-índice (2022=100),Número-índice,11046,52,N3,Unidade da Federação,Goiás,201412,69.75578,89.56228
7167,PMS - Número-índice (2022=100),Número-índice,11046,52,N3,Unidade da Federação,Goiás,201501,66.28240,82.92408
7167,PMS - Número-índice (2022=100),Número-índice,11046,52,N3,Unidade da Federação,Goiás,201502,51.25947,63.04740
7167,PMS - Número-índice (2022=100),Número-índice,11046,52,N3,Unidade da Federação,Goiás,201503,54.46575,75.47379
7167,PMS - Número-índice (2022=100),Número-índice,11046,52,N3,Unidade da Federação,Goiás,201504,59.11989,78.41032
7167,PMS - Número-índice (2022=100),Número-índice,11046,52,N3,Unidade da Federação,Goiás,201505,59.35761,83.18414
7167,PMS - Número-índice (2022=100),Número-índice,11046,52,N3,Unidade da Federação,Goiás,201506,59.83903,78.50941
7167,PMS - Número-índice (2022=100),Número-índice,11046,52,N3,Unidade da Federação,Goiás,201507,73.26032,95.75126
7167,PMS - Número-índice (2022=100),Número-índice,11046,52,N3,Unidade da Federação,Goiás,201508,61.68240,84.67808
7167,PMS - Número-índice (2022=100),Número-índice,11046,52,N3,Unidade da Federação,Goiás,201509,57.88322,76.88020
7167,PMS - Número-índice (2022=100),Número-índice,11046,52,N3,Unidade da Federação,Goiás,201510,61.48902,82.78841
7167,PMS - Número-índice (2022=100),Número-índice,11046,52,N3,Unidade da Federação,Goiás,201511,59.57184,80.70807
7167,PMS - Número-índice (2022=100),Número-índice,11046,52,N3,Unidade da Federação,Goiás,201512,69.11555,83.70278
7167,PMS - Número-índice (2022=100),Número-índice,11046,52,N3,Unidade da Federação,Goiás,201601,66.03044,83.43171
7167,PMS - Número-índice (2022=100),Número-índice,11046,52,N3,Unidade da Federação,Goiás,201602,52.19310,66.95735
7167,PMS - Número-índice (2022=100),Número-índice,11046,52,N3,Unidade da Federação,Goiás,201603,56.00684,72.15786
7167,PMS - Número-índice (2022=100),Número-índice,11046,52,N3,Unidade da Federação,Goiás,201604,57.79396,73.85399
7167,PMS - Número-índice (2022=100),Número-índice,11046,52,N3,Unidade da Federação,Goiás,201605,58.02361,76.83028
7167,PMS - Número-índice (2022=100),Número-índice,11046,52,N3,Unidade da Federação,Goiás,201606,59.57718,79.81974
7167,PMS - Número-índice (2022=100),Número-índice,11046,52,N3,Unidade da Federação,Goiás,201607,78.09472,100.87529
7167,PMS - Número-índice (2022=100),Número-índice,11046,52,N3,Unidade da Federação,Goiás,201608,63.52228,82.81631
7167,PMS - Número-índice (2022=100),Número-índice,11046,52,N3,Unidade da Federação,Goiás,201609,61.46041,78.52328
7167,PMS - Número-índice (2022=100),Número-índice,11046,52,N3,Unidade da Federação,Goiás,201610,63.59804,81.39960
7167,PMS - Número-índice (2022=100),Número-índice,11046,52,N3,Unidade da Federação,Goiás,201611,61.53089,79.41812
7167,PMS - Número-índice (2022=100),Número-índice,11046,52,N3,Unidade da Federação,Goiás,201612,76.14622,95.35530
7167,PMS - Número-índice (2022=100),Número-índice,11046,52,N3,Unidade da Federação,Goiás,201701,76.18081,94.95892
7167,PMS - Número-índice (2022=100),Número-índice,11046,52,N3,Unidade da Federação,Goiás,201702,62.47336,77.74914
7167,PMS - Número-índice (2022=100),Número-índice,11046,52,N3,Unidade da Federação,Goiás,201703,64.60343,80.16223
7167,PMS - Número-índice (2022=100),Número-índice,11046,52,N3,Unidade da Federação,Goiás,201704,68.29547,83.09372
7167,PMS - Número-índice (2022=100),Número-índice,11046,52,N3,Unidade da Federação,Goiás,201705,66.21280,82.85475
7167,PMS - Número-índice (2022=100),Número-índice,11046,52,N3,Unidade da Federação,Goiás,201706,73.85913,91.96980
7167,PMS - Número-índice (2022=100),Número-índice,11046,52,N3,Unidade da Federação,Goiás,201707,91.56353,115.03234
7167,PMS - Número-índice (2022=100),Número-índice,11046,52,N3,Unidade da Federação,Goiás,201708,73.53839,91.34903
7167,PMS - Número-índice (2022=100),Número-índice,11046,52,N3,Unidade da Federação,Goiás,201709,68.91826,82.48387
7167,PMS - Número-índice (2022=100),Número-índice,11046,52,N3,Unidade da Federação,Goiás,201710,72.97242,87.44887
7167,PMS - Número-índice (2022=100),Número-índice,11046,52,N3,Unidade da Federação,Goiás,201711,71.88719,86.78107
7167,PMS - Número-índice (2022=100),Número-índice,11046,52,N3,Unidade da Federação,Goiás,201712,89.40828,105.50842
7167,PMS - Número-índice (2022=100),Número-índice,11046,52,N3,Unidade da Federação,Goiás,201801,82.48030,100.11976
7167,PMS - Número-índice (2022=100),Número-índice,11046,52,N3,Unidade da Federação,Goiás,201802,63.86490,76.25289
7167,PMS - Número-índice (2022=100),Número-índice,11046,52,N3,Unidade da Federação,Goiás,201803,70.02308,83.68579
7167,PMS - Número-índice (2022=100),Número-índice,11046,52,N3,Unidade da Federação,Goiás,201804,66.60775,80.51707
7167,PMS - Número-índice (2022=100),Número-índice,11046,52,N3,Unidade da Federação,Goiás,201805,67.69917,84.36748
7167,PMS - Número-índice (2022=100),Número-índice,11046,52,N3,Unidade da Federação,Goiás,201806,71.75810,88.77827
7167,PMS - Número-índice (2022=100),Número-índice,11046,52,N3,Unidade da Federação,Goiás,201807,95.09512,115.53389
7167,PMS - Número-índice (2022=100),Número-índice,11046,52,N3,Unidade da Federação,Goiás,201808,79.52327,97.47608
7167,PMS - Número-índice (2022=100),Número-índice,11046,52,N3,Unidade da Federação,Goiás,201809,79.87011,94.57916
7167,PMS - Número-índice (2022=100),Número-índice,11046,52,N3,Unidade da Federação,Goiás,201810,76.21792,90.00782
7167,PMS - Número-índice (2022=100),Número-índice,11046,52,N3,Unidade da Federação,Goiás,201811,76.77842,89.92079
7167,PMS - Número-índice (2022=100),Número-índice,11046,52,N3,Unidade da Federação,Goiás,201812,92.45337,104.98382
7167,PMS - Número-índice (2022=100),Número-índice,11046,52,N3,Unidade da Federação,Goiás,201901,89.01188,105.86493
7167,PMS - Número-índice (2022=100),Número-índice,11046,52,N3,Unidade da Federação,Goiás,201902,65.70195,74.11169
7167,PMS - Número-índice (2022=100),Número-índice,11046,52,N3,Unidade da Federação,Goiás,201903,72.70482,83.89342
7167,PMS - Número-índice (2022=100),Número-índice,11046,52,N3,Unidade da Federação,Goiás,201904,71.92898,81.66912
7167,PMS - Número-índice (2022=100),Número-índice,11046,52,N3,Unidade da Federação,Goiás,201905,75.91100,88.47694
7167,PMS - Número-índice (2022=100),Número-índice,11046,52,N3,Unidade da Federação,Goiás,201906,79.81522,93.58358
7167,PMS - Número-índice (2022=100),Número-índice,11046,52,N3,Unidade da Federação,Goiás,201907,98.56911,116.58932
7167,PMS - Número-índice (2022=100),Número-índice,11046,52,N3,Unidade da Federação,Goiás,201908,81.00546,95.82625
7167,PMS - Número-índice (2022=100),Número-índice,11046,52,N3,Unidade da Federação,Goiás,201909,74.65230,89.19726
7167,PMS - Número-índice (2022=100),Número-índice,11046,52,N3,Unidade da Federação,Goiás,201910,80.30690,95.35709
7167,PMS - Número-índice (2022=100),Número-índice,11046,52,N3,Unidade da Federação,Goiás,201911,79.54852,91.75259
7167,PMS - Número-índice (2022=100),Número-índice,11046,52,N3,Unidade da Federação,Goiás,201912,93.36615,105.47664
7167,PMS - Número-índice (2022=100),Número-índice,11046,52,N3,Unidade da Federação,Goiás,202001,91.99237,110.18933
7167,PMS - Número-índice (2022=100),Número-índice,11046,52,N3,Unidade da Federação,Goiás,202002,71.49490,83.51558
7167,PMS - Número-índice (2022=100),Número-índice,11046,52,N3,Unidade da Federação,Goiás,202003,48.42521,56.55754
7167,PMS - Número-índice (2022=100),Número-índice,11046,52,N3,Unidade da Federação,Goiás,202004,22.22885,24.28224
7167,PMS - Número-índice (2022=100),Número-índice,11046,52,N3,Unidade da Federação,Goiás,202005,26.67537,30.53725
7167,PMS - Número-índice (2022=100),Número-índice,11046,52,N3,Unidade da Federação,Goiás,202006,29.34776,36.28877
7167,PMS - Número-índice (2022=100),Número-índice,11046,52,N3,Unidade da Federação,Goiás,202007,37.29011,47.04159
7167,PMS - Número-índice (2022=100),Número-índice,11046,52,N3,Unidade da Federação,Goiás,202008,44.60357,57.16769
7167,PMS - Número-índice (2022=100),Número-índice,11046,52,N3,Unidade da Federação,Goiás,202009,51.52161,65.74275
7167,PMS - Número-índice (2022=100),Número-índice,11046,52,N3,Unidade da Federação,Goiás,202010,63.99486,76.76410
7167,PMS - Número-índice (2022=100),Número-índice,11046,52,N3,Unidade da Federação,Goiás,202011,69.07403,81.68115
7167,PMS - Número-índice (2022=100),Número-índice,11046,52,N3,Unidade da Federação,Goiás,202012,84.71879,96.53837
7167,PMS - Número-índice (2022=100),Número-índice,11046,52,N3,Unidade da Federação,Goiás,202101,74.17316,89.50128
7167,PMS - Número-índice (2022=100),Número-índice,11046,52,N3,Unidade da Federação,Goiás,202102,60.95905,71.59489
7167,PMS - Número-índice (2022=100),Número-índice,11046,52,N3,Unidade da Federação,Goiás,202103,46.10156,55.07635
7167,PMS - Número-índice (2022=100),Número-índice,11046,52,N3,Unidade da Federação,Goiás,202104,52.14365,58.30648
7167,PMS - Número-índice (2022=100),Número-índice,11046,52,N3,Unidade da Federação,Goiás,202105,65.50480,77.59798
7167,PMS - Número-índice (2022=100),Número-índice,11046,52,N3,Unidade da Federação,Goiás,202106,69.48503,85.07578
7167,PMS - Número-índice (2022=100),Número-índice,11046,52,N3,Unidade da Federação,Goiás,202107,86.21766,101.29009
7167,PMS - Número-índice (2022=100),Número-índice,11046,52,N3,Unidade da Federação,Goiás,202108,80.96647,95.15142
7167,PMS - Número-índice (2022=100),Número-índice,11046,52,N3,Unidade da Federação,Goiás,202109,82.96857,93.94214
7167,PMS - Número-índice (2022=100),Número-índice,11046,52,N3,Unidade da Federação,Goiás,202110,87.49042,96.25853
7167,PMS - Número-índice (2022=100),Número-índice,11046,52,N3,Unidade da Federação,Goiás,202111,89.12103,95.70904
7167,PMS - Número-índice (2022=100),Número-índice,11046,52,N3,Unidade da Federação,Goiás,202112,106.50776,109.43745
7167,PMS - Número-índice (2022=100),Número-índice,11046,52,N3,Unidade da Federação,Goiás,202201,95.36659,103.99405
7167,PMS - Número-índice (2022=100),Número-índice,11046,52,N3,Unidade da Federação,Goiás,202202,71.70836,75.62317
7167,PMS - Número-índice (2022=100),Número-índice,11046,52,N3,Unidade da Federação,Goiás,202203,88.69475,94.05682
7167,PMS - Número-índice (2022=100),Número-índice,11046,52,N3,Unidade da Federação,Goiás,202204,93.67783,100.29171
7167,PMS - Número-índice (2022=100),Número-índice,11046,52,N3,Unidade da Federação,Goiás,202205,93.23888,94.56103
7167,PMS - Número-índice (2022=100),Número-índice,11046,52,N3,Unidade da Federação,Goiás,202206,98.57765,99.34567
7167,PMS - Número-índice (2022=100),Número-índice,11046,52,N3,Unidade da Federação,Goiás,202207,124.20069,125.13028
7167,PMS - Número-índice (2022=100),Número-índice,11046,52,N3,Unidade da Federação,Goiás,202208,101.95185,100.20180
7167,PMS - Número-índice (2022=100),Número-índice,11046,52,N3,Unidade da Federação,Goiás,202209,103.01048,100.03078
7167,PMS - Número-índice (2022=100),Número-índice,11046,52,N3,Unidade da Federação,Goiás,202210,108.12188,100.24874
7167,PMS - Número-índice (2022=100),Número-índice,11046,52,N3,Unidade da Federação,Goiás,202211,99.60440,93.62842
7167,PMS - Número-índice (2022=100),Número-índice,11046,52,N3,Unidade da Federação,Goiás,202212,121.84665,112.88751
7167,PMS - Número-índice (2022=100),Número-índice,11046,52,N3,Unidade da Federação,Goiás,202301,122.01548,114.69146
7167,PMS - Número-índice (2022=100),Número-índice,11046,52,N3,Unidade da Federação,Goiás,202302,94.67381,92.04455
7167,PMS - Número-índice (2022=100),Número-índice,11046,52,N3,Unidade da Federação,Goiás,202303,96.35383,95.76262
7167,PMS - Número-índice (2022=100),Número-índice,11046,52,N3,Unidade da Federação,Goiás,202304,101.13649,95.82243
7167,PMS - Número-índice (2022=100),Número-índice,11046,52,N3,Unidade da Federação,Goiás,202305,100.65283,100.78643
7167,PMS - Número-índice (2022=100),Número-índice,11046,52,N3,Unidade da Federação,Goiás,202306,103.44311,98.16478
7167,PMS - Número-índice (2022=100),Número-índice,11046,52,N3,Unidade da Federação,Goiás,202307,134.00965,121.75800
7167,PMS - Número-índice (2022=100),Número-índice,11046,52,N3,Unidade da Federação,Goiás,202308,109.92132,102.41879
7167,PMS - Número-índice (2022=100),Número-índice,11046,52,N3,Unidade da Federação,Goiás,202309,110.33039,100.15592
7167,PMS - Número-índice (2022=100),Número-índice,11046,52,N3,Unidade da Federação,Goiás,202310,114.11025,99.37670
7167,PMS - Número-índice (2022=100),Número-índice,11046,52,N3,Unidade da Federação,Goiás,202311,106.16875,89.67605
7167,PMS - Número-índice (2022=100),Número-índice,11046,52,N3,Unidade da Federação,Goiás,202312,132.52679,109.51601
7167,PMS - Número-índice (2022=100),Número-índice,11046,52,N3,Unidade da Federação,Goiás,202401,124.92401,105.26325
7167,PMS - Número-índice (2022=100),Número-índice,11046,52,N3,Unidade da Federação,Goiás,202402,96.78794,83.97559
7167,PMS - Número-índice (2022=100),Número-índice,11046,52,N3,Unidade da Federação,Goiás,202403,102.85861,87.05652
7167,PMS - Número-índice (2022=100),Número-índice,11046,52,N3,Unidade da Federação,Goiás,202404,104.95936,91.12167
7167,PMS - Número-índice (2022=100),Número-índice,11046,52,N3,Unidade da Federação,Goiás,202405,115.90340,98.86227
7167,PMS - Número-índice (2022=100),Número-índice,11046,52,N3,Unidade da Federação,Goiás,202406,120.06069,102.01410
7167,PMS - Número-índice (2022=100),Número-índice,11046,52,N3,Unidade da Federação,Goiás,202407,156.84428,128.68022
7167,PMS - Número-índice (2022=100),Número-índice,11046,52,N3,Unidade da Federação,Goiás,202408,129.66838,109.23150
7167,PMS - Número-índice (2022=100),Número-índice,11046,52,N3,Unidade da Federação,Goiás,202409,119.78485,99.57240
7167,PMS - Número-índice (2022=100),Número-índice,11046,53,N3,Unidade da Federação,Distrito Federal,201101,59.06377,132.45552
7167,PMS - Número-índice (2022=100),Número-índice,11046,53,N3,Unidade da Federação,Distrito Federal,201102,56.28939,131.85387
7167,PMS - Número-índice (2022=100),Número-índice,11046,53,N3,Unidade da Federação,Distrito Federal,201103,57.62071,121.10546
7167,PMS - Número-índice (2022=100),Número-índice,11046,53,N3,Unidade da Federação,Distrito Federal,201104,61.29753,138.59703
7167,PMS - Número-índice (2022=100),Número-índice,11046,53,N3,Unidade da Federação,Distrito Federal,201105,65.85299,151.20801
7167,PMS - Número-índice (2022=100),Número-índice,11046,53,N3,Unidade da Federação,Distrito Federal,201106,66.87435,143.93357
7167,PMS - Número-índice (2022=100),Número-índice,11046,53,N3,Unidade da Federação,Distrito Federal,201107,72.50991,154.00900
7167,PMS - Número-índice (2022=100),Número-índice,11046,53,N3,Unidade da Federação,Distrito Federal,201108,69.92102,152.86559
7167,PMS - Número-índice (2022=100),Número-índice,11046,53,N3,Unidade da Federação,Distrito Federal,201109,70.00147,141.13633
7167,PMS - Número-índice (2022=100),Número-índice,11046,53,N3,Unidade da Federação,Distrito Federal,201110,73.76936,141.93824
7167,PMS - Número-índice (2022=100),Número-índice,11046,53,N3,Unidade da Federação,Distrito Federal,201111,74.67117,140.10496
7167,PMS - Número-índice (2022=100),Número-índice,11046,53,N3,Unidade da Federação,Distrito Federal,201112,84.20360,156.40627
7167,PMS - Número-índice (2022=100),Número-índice,11046,53,N3,Unidade da Federação,Distrito Federal,201201,65.97668,118.12604
7167,PMS - Número-índice (2022=100),Número-índice,11046,53,N3,Unidade da Federação,Distrito Federal,201202,62.68398,114.83553
7167,PMS - Número-índice (2022=100),Número-índice,11046,53,N3,Unidade da Federação,Distrito Federal,201203,72.42126,131.51254
7167,PMS - Número-índice (2022=100),Número-índice,11046,53,N3,Unidade da Federação,Distrito Federal,201204,69.96661,125.33170
7167,PMS - Número-índice (2022=100),Número-índice,11046,53,N3,Unidade da Federação,Distrito Federal,201205,70.51312,133.36278
7167,PMS - Número-índice (2022=100),Número-índice,11046,53,N3,Unidade da Federação,Distrito Federal,201206,74.27748,138.77394
7167,PMS - Número-índice (2022=100),Número-índice,11046,53,N3,Unidade da Federação,Distrito Federal,201207,80.43075,148.66986
7167,PMS - Número-índice (2022=100),Número-índice,11046,53,N3,Unidade da Federação,Distrito Federal,201208,75.67940,142.51229
7167,PMS - Número-índice (2022=100),Número-índice,11046,53,N3,Unidade da Federação,Distrito Federal,201209,72.84273,135.57470
7167,PMS - Número-índice (2022=100),Número-índice,11046,53,N3,Unidade da Federação,Distrito Federal,201210,83.21128,151.50874
7167,PMS - Número-índice (2022=100),Número-índice,11046,53,N3,Unidade da Federação,Distrito Federal,201211,86.30611,148.39051
7167,PMS - Número-índice (2022=100),Número-índice,11046,53,N3,Unidade da Federação,Distrito Federal,201212,95.75183,155.80621
7167,PMS - Número-índice (2022=100),Número-índice,11046,53,N3,Unidade da Federação,Distrito Federal,201301,74.37118,121.09951
7167,PMS - Número-índice (2022=100),Número-índice,11046,53,N3,Unidade da Federação,Distrito Federal,201302,66.53916,112.03583
7167,PMS - Número-índice (2022=100),Número-índice,11046,53,N3,Unidade da Federação,Distrito Federal,201303,79.87354,141.87600
7167,PMS - Número-índice (2022=100),Número-índice,11046,53,N3,Unidade da Federação,Distrito Federal,201304,77.91599,141.01460
7167,PMS - Número-índice (2022=100),Número-índice,11046,53,N3,Unidade da Federação,Distrito Federal,201305,77.57091,140.42889
7167,PMS - Número-índice (2022=100),Número-índice,11046,53,N3,Unidade da Federação,Distrito Federal,201306,78.37793,138.34033
7167,PMS - Número-índice (2022=100),Número-índice,11046,53,N3,Unidade da Federação,Distrito Federal,201307,89.03960,157.39855
7167,PMS - Número-índice (2022=100),Número-índice,11046,53,N3,Unidade da Federação,Distrito Federal,201308,89.14074,153.82375
7167,PMS - Número-índice (2022=100),Número-índice,11046,53,N3,Unidade da Federação,Distrito Federal,201309,83.80637,136.31523
7167,PMS - Número-índice (2022=100),Número-índice,11046,53,N3,Unidade da Federação,Distrito Federal,201310,90.13336,143.70548
7167,PMS - Número-índice (2022=100),Número-índice,11046,53,N3,Unidade da Federação,Distrito Federal,201311,94.56798,150.66055
7167,PMS - Número-índice (2022=100),Número-índice,11046,53,N3,Unidade da Federação,Distrito Federal,201312,103.49705,150.56677
7167,PMS - Número-índice (2022=100),Número-índice,11046,53,N3,Unidade da Federação,Distrito Federal,201401,79.69836,122.25390
7167,PMS - Número-índice (2022=100),Número-índice,11046,53,N3,Unidade da Federação,Distrito Federal,201402,81.55920,143.29775
7167,PMS - Número-índice (2022=100),Número-índice,11046,53,N3,Unidade da Federação,Distrito Federal,201403,85.23450,126.20729
7167,PMS - Número-índice (2022=100),Número-índice,11046,53,N3,Unidade da Federação,Distrito Federal,201404,88.08418,131.02851
7167,PMS - Número-índice (2022=100),Número-índice,11046,53,N3,Unidade da Federação,Distrito Federal,201405,88.93513,142.98594
7167,PMS - Número-índice (2022=100),Número-índice,11046,53,N3,Unidade da Federação,Distrito Federal,201406,92.11589,137.65961
7167,PMS - Número-índice (2022=100),Número-índice,11046,53,N3,Unidade da Federação,Distrito Federal,201407,102.70766,175.56606
7167,PMS - Número-índice (2022=100),Número-índice,11046,53,N3,Unidade da Federação,Distrito Federal,201408,99.81428,158.02325
7167,PMS - Número-índice (2022=100),Número-índice,11046,53,N3,Unidade da Federação,Distrito Federal,201409,101.53019,150.57696
7167,PMS - Número-índice (2022=100),Número-índice,11046,53,N3,Unidade da Federação,Distrito Federal,201410,97.05120,147.41706
7167,PMS - Número-índice (2022=100),Número-índice,11046,53,N3,Unidade da Federação,Distrito Federal,201411,103.35981,161.09361
7167,PMS - Número-índice (2022=100),Número-índice,11046,53,N3,Unidade da Federação,Distrito Federal,201412,111.95208,154.39418
7167,PMS - Número-índice (2022=100),Número-índice,11046,53,N3,Unidade da Federação,Distrito Federal,201501,90.82823,122.34491
7167,PMS - Número-índice (2022=100),Número-índice,11046,53,N3,Unidade da Federação,Distrito Federal,201502,79.22540,116.62247
7167,PMS - Número-índice (2022=100),Número-índice,11046,53,N3,Unidade da Federação,Distrito Federal,201503,90.78279,148.57900
7167,PMS - Número-índice (2022=100),Número-índice,11046,53,N3,Unidade da Federação,Distrito Federal,201504,93.29163,144.36792
7167,PMS - Número-índice (2022=100),Número-índice,11046,53,N3,Unidade da Federação,Distrito Federal,201505,90.21785,159.56063
7167,PMS - Número-índice (2022=100),Número-índice,11046,53,N3,Unidade da Federação,Distrito Federal,201506,86.81400,137.17137
7167,PMS - Número-índice (2022=100),Número-índice,11046,53,N3,Unidade da Federação,Distrito Federal,201507,103.87888,165.01798
7167,PMS - Número-índice (2022=100),Número-índice,11046,53,N3,Unidade da Federação,Distrito Federal,201508,101.71424,184.39689
7167,PMS - Número-índice (2022=100),Número-índice,11046,53,N3,Unidade da Federação,Distrito Federal,201509,99.50994,162.99803
7167,PMS - Número-índice (2022=100),Número-índice,11046,53,N3,Unidade da Federação,Distrito Federal,201510,103.77643,168.69004
7167,PMS - Número-índice (2022=100),Número-índice,11046,53,N3,Unidade da Federação,Distrito Federal,201511,101.74113,169.14781
7167,PMS - Número-índice (2022=100),Número-índice,11046,53,N3,Unidade da Federação,Distrito Federal,201512,117.04141,170.40781
7167,PMS - Número-índice (2022=100),Número-índice,11046,53,N3,Unidade da Federação,Distrito Federal,201601,97.74248,144.77833
7167,PMS - Número-índice (2022=100),Número-índice,11046,53,N3,Unidade da Federação,Distrito Federal,201602,83.01936,131.59588
7167,PMS - Número-índice (2022=100),Número-índice,11046,53,N3,Unidade da Federação,Distrito Federal,201603,87.85001,143.46746
7167,PMS - Número-índice (2022=100),Número-índice,11046,53,N3,Unidade da Federação,Distrito Federal,201604,86.92718,142.04218
7167,PMS - Número-índice (2022=100),Número-índice,11046,53,N3,Unidade da Federação,Distrito Federal,201605,87.91040,141.17233
7167,PMS - Número-índice (2022=100),Número-índice,11046,53,N3,Unidade da Federação,Distrito Federal,201606,86.74625,145.59756
7167,PMS - Número-índice (2022=100),Número-índice,11046,53,N3,Unidade da Federação,Distrito Federal,201607,102.27813,161.81924
7167,PMS - Número-índice (2022=100),Número-índice,11046,53,N3,Unidade da Federação,Distrito Federal,201608,94.88663,146.99925
7167,PMS - Número-índice (2022=100),Número-índice,11046,53,N3,Unidade da Federação,Distrito Federal,201609,88.70675,136.74178
7167,PMS - Número-índice (2022=100),Número-índice,11046,53,N3,Unidade da Federação,Distrito Federal,201610,93.36030,135.56254
7167,PMS - Número-índice (2022=100),Número-índice,11046,53,N3,Unidade da Federação,Distrito Federal,201611,98.16482,147.50476
7167,PMS - Número-índice (2022=100),Número-índice,11046,53,N3,Unidade da Federação,Distrito Federal,201612,108.57023,147.26234
7167,PMS - Número-índice (2022=100),Número-índice,11046,53,N3,Unidade da Federação,Distrito Federal,201701,81.71375,98.02459
7167,PMS - Número-índice (2022=100),Número-índice,11046,53,N3,Unidade da Federação,Distrito Federal,201702,83.35099,109.14074
7167,PMS - Número-índice (2022=100),Número-índice,11046,53,N3,Unidade da Federação,Distrito Federal,201703,87.90126,122.74186
7167,PMS - Número-índice (2022=100),Número-índice,11046,53,N3,Unidade da Federação,Distrito Federal,201704,87.54237,113.55043
7167,PMS - Número-índice (2022=100),Número-índice,11046,53,N3,Unidade da Federação,Distrito Federal,201705,88.83773,116.67501
7167,PMS - Número-índice (2022=100),Número-índice,11046,53,N3,Unidade da Federação,Distrito Federal,201706,86.19270,113.13774
7167,PMS - Número-índice (2022=100),Número-índice,11046,53,N3,Unidade da Federação,Distrito Federal,201707,97.62657,125.77889
7167,PMS - Número-índice (2022=100),Número-índice,11046,53,N3,Unidade da Federação,Distrito Federal,201708,87.39993,118.76380
7167,PMS - Número-índice (2022=100),Número-índice,11046,53,N3,Unidade da Federação,Distrito Federal,201709,87.81177,112.75759
7167,PMS - Número-índice (2022=100),Número-índice,11046,53,N3,Unidade da Federação,Distrito Federal,201710,94.48694,114.76084
7167,PMS - Número-índice (2022=100),Número-índice,11046,53,N3,Unidade da Federação,Distrito Federal,201711,95.79864,123.54329
7167,PMS - Número-índice (2022=100),Número-índice,11046,53,N3,Unidade da Federação,Distrito Federal,201712,103.02450,123.40492
7167,PMS - Número-índice (2022=100),Número-índice,11046,53,N3,Unidade da Federação,Distrito Federal,201801,90.65403,111.11182
7167,PMS - Número-índice (2022=100),Número-índice,11046,53,N3,Unidade da Federação,Distrito Federal,201802,77.18972,98.69982
7167,PMS - Número-índice (2022=100),Número-índice,11046,53,N3,Unidade da Federação,Distrito Federal,201803,86.57627,113.51676
7167,PMS - Número-índice (2022=100),Número-índice,11046,53,N3,Unidade da Federação,Distrito Federal,201804,90.59781,123.73677
7167,PMS - Número-índice (2022=100),Número-índice,11046,53,N3,Unidade da Federação,Distrito Federal,201805,84.80040,123.12579
7167,PMS - Número-índice (2022=100),Número-índice,11046,53,N3,Unidade da Federação,Distrito Federal,201806,83.86895,122.50314
7167,PMS - Número-índice (2022=100),Número-índice,11046,53,N3,Unidade da Federação,Distrito Federal,201807,95.83721,118.79253
7167,PMS - Número-índice (2022=100),Número-índice,11046,53,N3,Unidade da Federação,Distrito Federal,201808,90.94896,128.42752
7167,PMS - Número-índice (2022=100),Número-índice,11046,53,N3,Unidade da Federação,Distrito Federal,201809,92.36984,118.33594
7167,PMS - Número-índice (2022=100),Número-índice,11046,53,N3,Unidade da Federação,Distrito Federal,201810,94.60591,119.88640
7167,PMS - Número-índice (2022=100),Número-índice,11046,53,N3,Unidade da Federação,Distrito Federal,201811,99.37686,121.87145
7167,PMS - Número-índice (2022=100),Número-índice,11046,53,N3,Unidade da Federação,Distrito Federal,201812,112.98133,121.02784
7167,PMS - Número-índice (2022=100),Número-índice,11046,53,N3,Unidade da Federação,Distrito Federal,201901,97.44409,107.53589
7167,PMS - Número-índice (2022=100),Número-índice,11046,53,N3,Unidade da Federação,Distrito Federal,201902,80.05897,96.87581
7167,PMS - Número-índice (2022=100),Número-índice,11046,53,N3,Unidade da Federação,Distrito Federal,201903,93.07729,109.24204
7167,PMS - Número-índice (2022=100),Número-índice,11046,53,N3,Unidade da Federação,Distrito Federal,201904,91.57091,106.00121
7167,PMS - Número-índice (2022=100),Número-índice,11046,53,N3,Unidade da Federação,Distrito Federal,201905,94.10863,114.97467
7167,PMS - Número-índice (2022=100),Número-índice,11046,53,N3,Unidade da Federação,Distrito Federal,201906,91.75156,103.80381
7167,PMS - Número-índice (2022=100),Número-índice,11046,53,N3,Unidade da Federação,Distrito Federal,201907,108.97867,117.06407
7167,PMS - Número-índice (2022=100),Número-índice,11046,53,N3,Unidade da Federação,Distrito Federal,201908,98.36818,111.26835
7167,PMS - Número-índice (2022=100),Número-índice,11046,53,N3,Unidade da Federação,Distrito Federal,201909,93.77822,111.31797
7167,PMS - Número-índice (2022=100),Número-índice,11046,53,N3,Unidade da Federação,Distrito Federal,201910,99.91843,112.88272
7167,PMS - Número-índice (2022=100),Número-índice,11046,53,N3,Unidade da Federação,Distrito Federal,201911,106.97382,120.13026
7167,PMS - Número-índice (2022=100),Número-índice,11046,53,N3,Unidade da Federação,Distrito Federal,201912,118.50704,121.28639
7167,PMS - Número-índice (2022=100),Número-índice,11046,53,N3,Unidade da Federação,Distrito Federal,202001,98.27229,104.73756
7167,PMS - Número-índice (2022=100),Número-índice,11046,53,N3,Unidade da Federação,Distrito Federal,202002,83.12383,91.76333
7167,PMS - Número-índice (2022=100),Número-índice,11046,53,N3,Unidade da Federação,Distrito Federal,202003,59.01040,70.12924
7167,PMS - Número-índice (2022=100),Número-índice,11046,53,N3,Unidade da Federação,Distrito Federal,202004,23.25944,28.35206
7167,PMS - Número-índice (2022=100),Número-índice,11046,53,N3,Unidade da Federação,Distrito Federal,202005,24.09962,30.50241
7167,PMS - Número-índice (2022=100),Número-índice,11046,53,N3,Unidade da Federação,Distrito Federal,202006,25.09048,32.55415
7167,PMS - Número-índice (2022=100),Número-índice,11046,53,N3,Unidade da Federação,Distrito Federal,202007,31.13886,42.69585
7167,PMS - Número-índice (2022=100),Número-índice,11046,53,N3,Unidade da Federação,Distrito Federal,202008,37.98859,52.48638
7167,PMS - Número-índice (2022=100),Número-índice,11046,53,N3,Unidade da Federação,Distrito Federal,202009,45.73808,65.51101
7167,PMS - Número-índice (2022=100),Número-índice,11046,53,N3,Unidade da Federação,Distrito Federal,202010,56.59595,71.87589
7167,PMS - Número-índice (2022=100),Número-índice,11046,53,N3,Unidade da Federação,Distrito Federal,202011,58.19153,69.80772
7167,PMS - Número-índice (2022=100),Número-índice,11046,53,N3,Unidade da Federação,Distrito Federal,202012,75.28026,83.75841
7167,PMS - Número-índice (2022=100),Número-índice,11046,53,N3,Unidade da Federação,Distrito Federal,202101,63.82439,81.36173
7167,PMS - Número-índice (2022=100),Número-índice,11046,53,N3,Unidade da Federação,Distrito Federal,202102,52.30052,64.91948
7167,PMS - Número-índice (2022=100),Número-índice,11046,53,N3,Unidade da Federação,Distrito Federal,202103,41.03478,51.95751
7167,PMS - Número-índice (2022=100),Número-índice,11046,53,N3,Unidade da Federação,Distrito Federal,202104,39.25028,49.08189
7167,PMS - Número-índice (2022=100),Número-índice,11046,53,N3,Unidade da Federação,Distrito Federal,202105,50.71879,81.02944
7167,PMS - Número-índice (2022=100),Número-índice,11046,53,N3,Unidade da Federação,Distrito Federal,202106,55.24221,87.41851
7167,PMS - Número-índice (2022=100),Número-índice,11046,53,N3,Unidade da Federação,Distrito Federal,202107,66.93762,95.84328
7167,PMS - Número-índice (2022=100),Número-índice,11046,53,N3,Unidade da Federação,Distrito Federal,202108,65.83530,99.88031
7167,PMS - Número-índice (2022=100),Número-índice,11046,53,N3,Unidade da Federação,Distrito Federal,202109,72.57490,92.03077
7167,PMS - Número-índice (2022=100),Número-índice,11046,53,N3,Unidade da Federação,Distrito Federal,202110,80.16866,84.06161
7167,PMS - Número-índice (2022=100),Número-índice,11046,53,N3,Unidade da Federação,Distrito Federal,202111,85.44510,93.55537
7167,PMS - Número-índice (2022=100),Número-índice,11046,53,N3,Unidade da Federação,Distrito Federal,202112,105.56422,108.87385
7167,PMS - Número-índice (2022=100),Número-índice,11046,53,N3,Unidade da Federação,Distrito Federal,202201,89.96627,101.28971
7167,PMS - Número-índice (2022=100),Número-índice,11046,53,N3,Unidade da Federação,Distrito Federal,202202,69.02934,80.39841
7167,PMS - Número-índice (2022=100),Número-índice,11046,53,N3,Unidade da Federação,Distrito Federal,202203,81.10061,100.80624
7167,PMS - Número-índice (2022=100),Número-índice,11046,53,N3,Unidade da Federação,Distrito Federal,202204,84.80200,102.09489
7167,PMS - Número-índice (2022=100),Número-índice,11046,53,N3,Unidade da Federação,Distrito Federal,202205,91.68530,101.85201
7167,PMS - Número-índice (2022=100),Número-índice,11046,53,N3,Unidade da Federação,Distrito Federal,202206,88.82133,90.52910
7167,PMS - Número-índice (2022=100),Número-índice,11046,53,N3,Unidade da Federação,Distrito Federal,202207,112.13732,106.35049
7167,PMS - Número-índice (2022=100),Número-índice,11046,53,N3,Unidade da Federação,Distrito Federal,202208,104.25808,101.71204
7167,PMS - Número-índice (2022=100),Número-índice,11046,53,N3,Unidade da Federação,Distrito Federal,202209,106.74602,103.17220
7167,PMS - Número-índice (2022=100),Número-índice,11046,53,N3,Unidade da Federação,Distrito Federal,202210,105.05520,86.54476
7167,PMS - Número-índice (2022=100),Número-índice,11046,53,N3,Unidade da Federação,Distrito Federal,202211,113.92681,97.34284
7167,PMS - Número-índice (2022=100),Número-índice,11046,53,N3,Unidade da Federação,Distrito Federal,202212,152.47172,127.90731
7167,PMS - Número-índice (2022=100),Número-índice,11046,53,N3,Unidade da Federação,Distrito Federal,202301,113.06507,98.57184
7167,PMS - Número-índice (2022=100),Número-índice,11046,53,N3,Unidade da Federação,Distrito Federal,202302,94.39334,85.73427
7167,PMS - Número-índice (2022=100),Número-índice,11046,53,N3,Unidade da Federação,Distrito Federal,202303,114.24161,104.54397
7167,PMS - Número-índice (2022=100),Número-índice,11046,53,N3,Unidade da Federação,Distrito Federal,202304,106.30037,92.12036
7167,PMS - Número-índice (2022=100),Número-índice,11046,53,N3,Unidade da Federação,Distrito Federal,202305,114.42963,100.64277
7167,PMS - Número-índice (2022=100),Número-índice,11046,53,N3,Unidade da Federação,Distrito Federal,202306,116.80502,101.02286
7167,PMS - Número-índice (2022=100),Número-índice,11046,53,N3,Unidade da Federação,Distrito Federal,202307,122.20033,102.70092
7167,PMS - Número-índice (2022=100),Número-índice,11046,53,N3,Unidade da Federação,Distrito Federal,202308,125.06807,103.23950
7167,PMS - Número-índice (2022=100),Número-índice,11046,53,N3,Unidade da Federação,Distrito Federal,202309,122.11722,99.58453
7167,PMS - Número-índice (2022=100),Número-índice,11046,53,N3,Unidade da Federação,Distrito Federal,202310,127.01359,95.95174
7167,PMS - Número-índice (2022=100),Número-índice,11046,53,N3,Unidade da Federação,Distrito Federal,202311,131.71489,94.55992
7167,PMS - Número-índice (2022=100),Número-índice,11046,53,N3,Unidade da Federação,Distrito Federal,202312,154.24617,105.40361
7167,PMS - Número-índice (2022=100),Número-índice,11046,53,N3,Unidade da Federação,Distrito Federal,202401,119.56363,87.50120
7167,PMS - Número-índice (2022=100),Número-índice,11046,53,N3,Unidade da Federação,Distrito Federal,202402,107.15772,81.85453
7167,PMS - Número-índice (2022=100),Número-índice,11046,53,N3,Unidade da Federação,Distrito Federal,202403,121.26907,95.89291
7167,PMS - Número-índice (2022=100),Número-índice,11046,53,N3,Unidade da Federação,Distrito Federal,202404,119.63309,94.82798
7167,PMS - Número-índice (2022=100),Número-índice,11046,53,N3,Unidade da Federação,Distrito Federal,202405,121.74891,94.07785
7167,PMS - Número-índice (2022=100),Número-índice,11046,53,N3,Unidade da Federação,Distrito Federal,202406,121.74648,96.55490
7167,PMS - Número-índice (2022=100),Número-índice,11046,53,N3,Unidade da Federação,Distrito Federal,202407,134.88333,101.53689
7167,PMS - Número-índice (2022=100),Número-índice,11046,53,N3,Unidade da Federação,Distrito Federal,202408,134.34745,103.44372
7167,PMS - Número-índice (2022=100),Número-índice,11046,53,N3,Unidade da Federação,Distrito Federal,202409,126.12539,97.59003
